rowid,pl_name,hostname,pl_letter,hd_name,hip_name,tic_id,gaia_dr2_id,gaia_dr3_id,default_flag,sy_snum,sy_pnum,sy_mnum,cb_flag,discoverymethod,disc_year,disc_refname,disc_pubdate,disc_locale,disc_facility,disc_telescope,disc_instrument,rv_flag,pul_flag,ptv_flag,tran_flag,ast_flag,obm_flag,micro_flag,etv_flag,ima_flag,dkin_flag,soltype,pl_controv_flag,pl_refname,pl_orbper,pl_orbpererr1,pl_orbpererr2,pl_orbperlim,pl_orbsmax,pl_orbsmaxerr1,pl_orbsmaxerr2,pl_orbsmaxlim,pl_rade,pl_radeerr1,pl_radeerr2,pl_radelim,pl_radj,pl_radjerr1,pl_radjerr2,pl_radjlim,pl_masse,pl_masseerr1,pl_masseerr2,pl_masselim,pl_massj,pl_massjerr1,pl_massjerr2,pl_massjlim,pl_msinie,pl_msinieerr1,pl_msinieerr2,pl_msinielim,pl_msinij,pl_msinijerr1,pl_msinijerr2,pl_msinijlim,pl_cmasse,pl_cmasseerr1,pl_cmasseerr2,pl_cmasselim,pl_cmassj,pl_cmassjerr1,pl_cmassjerr2,pl_cmassjlim,pl_bmasse,pl_bmasseerr1,pl_bmasseerr2,pl_bmasselim,pl_bmassj,pl_bmassjerr1,pl_bmassjerr2,pl_bmassjlim,pl_bmassprov,pl_dens,pl_denserr1,pl_denserr2,pl_denslim,pl_orbeccen,pl_orbeccenerr1,pl_orbeccenerr2,pl_orbeccenlim,pl_insol,pl_insolerr1,pl_insolerr2,pl_insollim,pl_eqt,pl_eqterr1,pl_eqterr2,pl_eqtlim,pl_orbincl,pl_orbinclerr1,pl_orbinclerr2,pl_orbincllim,pl_tranmid,pl_tranmiderr1,pl_tranmiderr2,pl_tranmidlim,pl_tsystemref,ttv_flag,pl_imppar,pl_impparerr1,pl_impparerr2,pl_impparlim,pl_trandep,pl_trandeperr1,pl_trandeperr2,pl_trandeplim,pl_trandur,pl_trandurerr1,pl_trandurerr2,pl_trandurlim,pl_ratdor,pl_ratdorerr1,pl_ratdorerr2,pl_ratdorlim,pl_ratror,pl_ratrorerr1,pl_ratrorerr2,pl_ratrorlim,pl_occdep,pl_occdeperr1,pl_occdeperr2,pl_occdeplim,pl_orbtper,pl_orbtpererr1,pl_orbtpererr2,pl_orbtperlim,pl_orblper,pl_orblpererr1,pl_orblpererr2,pl_orblperlim,pl_rvamp,pl_rvamperr1,pl_rvamperr2,pl_rvamplim,pl_projobliq,pl_projobliqerr1,pl_projobliqerr2,pl_projobliqlim,pl_trueobliq,pl_trueobliqerr1,pl_trueobliqerr2,pl_trueobliqlim,st_refname,st_spectype,st_teff,st_tefferr1,st_tefferr2,st_tefflim,st_rad,st_raderr1,st_raderr2,st_radlim,st_mass,st_masserr1,st_masserr2,st_masslim,st_met,st_meterr1,st_meterr2,st_metlim,st_metratio,st_lum,st_lumerr1,st_lumerr2,st_lumlim,st_logg,st_loggerr1,st_loggerr2,st_logglim,st_age,st_ageerr1,st_ageerr2,st_agelim,st_dens,st_denserr1,st_denserr2,st_denslim,st_vsin,st_vsinerr1,st_vsinerr2,st_vsinlim,st_rotp,st_rotperr1,st_rotperr2,st_rotplim,st_radv,st_radverr1,st_radverr2,st_radvlim,sy_refname,rastr,ra,decstr,dec,glat,glon,elat,elon,sy_pm,sy_pmerr1,sy_pmerr2,sy_pmra,sy_pmraerr1,sy_pmraerr2,sy_pmdec,sy_pmdecerr1,sy_pmdecerr2,sy_dist,sy_disterr1,sy_disterr2,sy_plx,sy_plxerr1,sy_plxerr2,sy_bmag,sy_bmagerr1,sy_bmagerr2,sy_vmag,sy_vmagerr1,sy_vmagerr2,sy_jmag,sy_jmagerr1,sy_jmagerr2,sy_hmag,sy_hmagerr1,sy_hmagerr2,sy_kmag,sy_kmagerr1,sy_kmagerr2,sy_umag,sy_umagerr1,sy_umagerr2,sy_gmag,sy_gmagerr1,sy_gmagerr2,sy_rmag,sy_rmagerr1,sy_rmagerr2,sy_imag,sy_imagerr1,sy_imagerr2,sy_zmag,sy_zmagerr1,sy_zmagerr2,sy_w1mag,sy_w1magerr1,sy_w1magerr2,sy_w2mag,sy_w2magerr1,sy_w2magerr2,sy_w3mag,sy_w3magerr1,sy_w3magerr2,sy_w4mag,sy_w4magerr1,sy_w4magerr2,sy_gaiamag,sy_gaiamagerr1,sy_gaiamagerr2,sy_icmag,sy_icmagerr1,sy_icmagerr2,sy_tmag,sy_tmagerr1,sy_tmagerr2,sy_kepmag,sy_kepmagerr1,sy_kepmagerr2,rowupdate,pl_pubdate,releasedate,pl_nnotes,st_nphot,st_nrvc,st_nspec,pl_nespec,pl_ntranspec,pl_ndispec
19928,Kepler-206 c,Kepler-206,c,,,TIC 137342279,Gaia DR2 2101715862321812736,Gaia DR3 2101715862321812736,0,1,3,0,0,Transit,2014,<a refstr=ROWE_ET_AL__2014 href=https://ui.adsabs.harvard.edu/abs/2014ApJ...784...45R/abstract target=ref> Rowe et al. 2014</a>,2014-03,Space,Kepler,0.95 m Kepler Telescope,Kepler CCD Array,0.0,0.0,0.0,1.0,0.0,0.0,0.0,0.0,0.0,0.0,Published Candidate,0.0,<a refstr=FULTON__AMP__PETIGURA_2018 href=https://ui.adsabs.harvard.edu/abs/2018AJ....156..264F/abstract target=ref>Fulton &amp; Petigura 2018</a>,13.13745719,4.219e-05,-4.219e-05,0.0,0.10742,0.00118,-0.00118,0.0,1.596,0.053,-0.053,0.0,0.14238583,0.00472835,-0.00472835,0.0,,,,,,,,,,,,,,,,,,,,,,,,,,,,,,,,,,,,,,,,,,94.7,6.5,-6.5,0.0,,,,,,,,,,,,,,0.0,,,,,,,,,,,,,,,,,0.013552,0.000408,-0.000198,0.0,,,,,,,,,,,,,,,,,,,,,,,,,<a refstr=FULTON__AMP__PETIGURA_2018 href=https://ui.adsabs.harvard.edu/abs/2018AJ....156..264F/abstract target=ref>Fulton &amp; Petigura 2018</a>,,5691.0,60.0,-60.0,0.0,1.078,0.027,-0.026,0.0,0.957,0.033,-0.03,0.0,0.06,0.04,-0.04,0.0,[Fe/H],,,,,,,,,8.32,1.92,-1.86,0.0,0.78,0.04,-0.04,0.0,,,,,,,,,,,,,<a refstr=STASSUN_ET_AL__2019 href=https://ui.adsabs.harvard.edu/abs/2019AJ....158..138S/abstract target=ref>TICv8</a>,19h26m32.32s,291.6346564,+41d50m01.83s,41.8338415,11.71043,74.16686,62.55248,306.57765,5.8689465,0.0269645,-0.0269645,1.10726,0.0231779,-0.0231779,-5.76355,0.0270941,-0.0270941,594.447,4.952,-4.872,1.6534,0.0137963,-0.0137963,14.427,0.013,-0.013,13.507,0.08,-0.08,12.33,0.022,-0.022,12.048,0.021,-0.021,12.001,0.023,-0.023,,,,,,,,,,,,,,,,11.949,0.022,-0.022,12.005,0.022,-0.022,12.32,0.284,-0.284,9.278,,,13.4609,0.000199,-0.000199,,,,12.9995,0.0083,-0.0083,13.484,,,2024-12-05,2018-12,2024-12-05,1.0,0.0,0.0,0.0,0.0,0.0,0.0
9037,Kepler-1136 b,Kepler-1136,b,,,TIC 164671623,Gaia DR2 2106617691313437568,Gaia DR3 2106617691313437568,1,1,1,0,0,Transit,2016,<a refstr=MORTON_ET_AL__2016 href=https://ui.adsabs.harvard.edu/abs/2016ApJ...822...86M/abstract target=ref>Morton et al. 2016</a>,2016-05,Space,Kepler,0.95 m Kepler Telescope,Kepler CCD Array,0.0,0.0,0.0,1.0,0.0,0.0,0.0,0.0,0.0,0.0,Published Confirmed,0.0,<a refstr=MORTON_ET_AL__2016 href=https://ui.adsabs.harvard.edu/abs/2016ApJ...822...86M/abstract target=ref>Morton et al. 2016</a>,2.361724329,3.651e-06,-3.651e-06,0.0,,,,,1.64,0.1,-0.09,0.0,0.146311,0.0089214,-0.00802926,0.0,,,,,,,,,,,,,,,,,,,,,,,,,,,,,,,,,,,,,,,,,,,,,,,,,,,,,,2454966.2393,0.00132,-0.00132,0.0,JD,0.0,,,,,,,,,1.2234,0.045,-0.045,0.0,,,,,0.021683,0.00108,-0.000465,0.0,,,,,,,,,,,,,,,,,,,,,,,,,<a refstr=MORTON_ET_AL__2016 href=https://ui.adsabs.harvard.edu/abs/2016ApJ...822...86M/abstract target=ref>Morton et al. 2016</a>,,4512.0,46.44,-47.76,0.0,0.68,0.021,-0.033,0.0,0.72,0.029,-0.043,0.0,0.03,0.155,-0.171,0.0,[Fe/H],,,,,4.63,0.017,-0.025,0.0,3.24,6.01,-1.7,0.0,,,,,,,,,,,,,,,,,<a refstr=STASSUN_ET_AL__2019 href=https://ui.adsabs.harvard.edu/abs/2019AJ....158..138S/abstract target=ref>TICv8</a>,18h56m25.88s,284.1078441,+44d14m44.90s,44.2458047,17.7141,74.1828,66.42201,295.87864,13.9065819,0.0724899,-0.0724899,12.5143,0.0712038,-0.0712038,-6.06509,0.0777273,-0.0777273,491.406,8.398,-8.125,2.00678,0.033944,-0.033944,17.056,0.07,-0.07,16.037,0.115,-0.115,13.869,0.028,-0.028,13.225,0.03,-0.03,13.174,0.038,-0.038,,,,,,,,,,,,,,,,12.997,0.023,-0.023,13.084,0.024,-0.024,12.734,,,9.556,,,15.6422,0.000486,-0.000486,,,,14.9222,0.0065,-0.0065,15.658,,,2016-05-06,2016-05,2016-05-10,1.0,0.0,0.0,0.0,0.0,0.0,0.0
4603,K2-169 b,K2-169,b,,,TIC 12770870,Gaia DR2 2599322178998513664,Gaia DR3 2599322178998513664,1,1,1,0,0,Transit,2018,<a refstr=MAYO_ET_AL__2018 href=https://ui.adsabs.harvard.edu/abs/2018AJ....155..136M/abstract target=ref>Mayo et al. 2018</a>,2018-03,Space,K2,0.95 m Kepler Telescope,Kepler CCD Array,0.0,0.0,0.0,1.0,0.0,0.0,0.0,0.0,0.0,0.0,Published Confirmed,0.0,<a refstr=MAYO_ET_AL__2018 href=https://ui.adsabs.harvard.edu/abs/2018AJ....155..136M/abstract target=ref>Mayo et al. 2018</a>,6.380803,0.000778,-0.000699,0.0,,,,,1.27328671,0.10733117,-0.07695112,0.0,0.11359503,0.00957545,-0.00686512,0.0,,,,,,,,,,,,,,,,,,,,,,,,,,,,,,,,,,,,,,,,,,,,,,,,,,87.83658,1.57533,-3.58701,0.0,2456982.00971,0.003631,-0.00378,0.0,,0.0,,,,,,,,,,,,,13.592261,2.19989,-5.103159,0.0,0.012701,0.00083,-0.000647,0.0,,,,,,,,,,,,,,,,,,,,,,,,,<a refstr=MAYO_ET_AL__2018 href=https://ui.adsabs.harvard.edu/abs/2018AJ....155..136M/abstract target=ref>Mayo et al. 2018</a>,,5548.0,50.0,-50.0,0.0,0.919053,0.048975,-0.029896,0.0,0.986144,0.027819,-0.026433,0.0,0.26,0.08,-0.08,0.0,[Fe/H],,,,,4.56,0.1,-0.1,0.0,,,,,,,,,,,,,,,,,,,,,<a refstr=STASSUN_ET_AL__2019 href=https://ui.adsabs.harvard.edu/abs/2019AJ....158..138S/abstract target=ref>TICv8</a>,22h28m10.62s,337.0442461,-14d35m57.62s,-14.5993376,-54.42267,46.19654,-4.65335,333.37925,12.3031267,0.0921657,-0.0921657,-3.12094,0.11378,-0.11378,11.9007,0.0904897,-0.0904897,235.867,4.698,-4.522,4.21322,0.0822047,-0.0822047,12.957,0.042,-0.042,12.23,0.069,-0.069,10.791,0.022,-0.022,10.458,0.024,-0.024,10.371,0.021,-0.021,,,,,,,,,,,,,,,,10.343,0.023,-0.023,10.403,0.02,-0.02,10.253,0.064,-0.064,9.069,,,12.0063,0.000308,-0.000308,,,,11.5022,0.0061,-0.0061,12.023,,,2018-02-14,2018-03,2018-02-15,0.0,0.0,0.0,0.0,0.0,0.0,0.0
11642,Kepler-1326 b,Kepler-1326,b,,,TIC 184417262,Gaia DR2 2073280185224841728,Gaia DR3 2073280185224841728,0,1,1,0,0,Transit,2016,<a refstr=MORTON_ET_AL__2016 href=https://ui.adsabs.harvard.edu/abs/2016ApJ...822...86M/abstract target=ref>Morton et al. 2016</a>,2016-05,Space,Kepler,0.95 m Kepler Telescope,Kepler CCD Array,0.0,0.0,0.0,1.0,0.0,0.0,0.0,0.0,0.0,0.0,Published Confirmed,0.0,<a refstr=GAJDO_SCARON__ET_AL__2019 href=https://ui.adsabs.harvard.edu/abs/2019RAA....19...41G/abstract target=ref>Gajdo&scaron; et al. 2019</a>,42.3518348657,8.82301e-05,-8.82301e-05,0.0,,,,,,,,,,,,,,,,,,,,,,,,,,,,,,,,,,,,,,,,,,,,,,,,,,,,,,,,,,,,,,,,,,2454964.61543,0.0016476,-0.0016476,0.0,BJD,1.0,,,,,,,,,,,,,,,,,,,,,,,,,,,,,,,,,,,,,,,,,,,,,<a refstr=STASSUN_ET_AL__2019 href=https://ui.adsabs.harvard.edu/abs/2019AJ....158..138S/abstract target=ref>TICv8</a>,,6732.0,150.65,-118.31,0.0,1.34229,0.088008,-0.046354,0.0,1.43,0.280859,-0.208611,0.0,,,,,,0.52296,0.03279,-0.02992,0.0,4.33771,0.121498,-0.060733,0.0,,,,,0.833609,0.252882,-0.163923,0.0,,,,,,,,,,,,,<a refstr=STASSUN_ET_AL__2019 href=https://ui.adsabs.harvard.edu/abs/2019AJ....158..138S/abstract target=ref>TICv8</a>,19h44m53.33s,296.222199,+39d16m08.19s,39.268942,7.43369,73.50229,58.98037,311.58624,7.7825669,0.0474034,-0.0474034,7.47415,0.0458043,-0.0458043,-2.1692,0.0633764,-0.0633764,698.326,16.614,-15.873,1.40429,0.0330325,-0.0330325,13.251,0.0,0.0,12.842,0.126,-0.126,11.952,0.023,-0.023,11.733,0.02,-0.02,11.7,0.017,-0.017,,,,,,,,,,,,,,,,,,,,,,,,,,,,12.7411,0.000234,-0.000234,,,,12.4157,0.0094,-0.0094,12.852,,,2019-04-16,2019-03,2019-04-18,1.0,0.0,0.0,0.0,0.0,0.0,0.0
7025,Kepler-1005 b,Kepler-1005,b,,,TIC 158215347,Gaia DR2 2105663727538050688,Gaia DR3 2105663727538050688,0,1,1,0,0,Transit,2016,<a refstr=MORTON_ET_AL__2016 href=https://ui.adsabs.harvard.edu/abs/2016ApJ...822...86M/abstract target=ref>Morton et al. 2016</a>,2016-05,Space,Kepler,0.95 m Kepler Telescope,Kepler CCD Array,0.0,0.0,0.0,1.0,0.0,0.0,0.0,0.0,0.0,0.0,Kepler Project Candidate (q1_q17_dr25_sup_koi),0.0,<a refstr=Q1_Q17_DR25_SUPPLEMENTAL_KOI_TABLE href=https://exoplanetarchive.ipac.caltech.edu/docs/Kepler_KOI_docs.html target=ref>Q1-Q17 DR25 Supplemental KOI Table</a>,6.4980147,1.408e-05,-1.408e-05,0.0,,,,0.0,,,,0.0,,,,,,,,,,,,,,,,,,,,,,,,,,,,,,,,,,,,,,,,,,,,,0.0,,,,0.0,,,,0.0,,,,0.0,2454969.00108,0.00178,-0.00178,0.0,BJD,0.0,,,,0.0,,,,0.0,,,,0.0,,,,0.0,,,,0.0,,,,,,,,,,,,0.0,,,,,,,,,,,,,<a refstr=STASSUN_ET_AL__2019 href=https://ui.adsabs.harvard.edu/abs/2019AJ....158..138S/abstract target=ref>TICv8</a>,,5733.54,95.89,-110.97,0.0,1.1847,0.049698,-0.049689,0.0,1.02,0.155142,-0.091556,0.0,-0.0347,0.0152,-0.0152,0.0,[M/H],0.1356,0.0126,-0.01348,0.0,4.29945,0.049909,-0.088833,0.0,,,,,0.864855,0.122711,-0.206497,0.0,,,,,,,,,,,,,<a refstr=STASSUN_ET_AL__2019 href=https://ui.adsabs.harvard.edu/abs/2019AJ....158..138S/abstract target=ref>TICv8</a>,19h05m08.62s,286.2858998,+43d19m13.83s,43.3205085,15.91092,73.8928,65.12757,299.01332,17.5000576,0.0228174,-0.0228174,-14.6233,0.0230269,-0.0230269,9.61307,0.0223252,-0.0223252,567.806,4.422,-4.356,1.7323,0.0135113,-0.0135113,13.958,0.005,-0.005,13.371,0.137,-0.137,12.091,0.021,-0.021,11.788,0.017,-0.017,11.718,0.014,-0.014,,,,,,,,,,,,,,,,11.686,0.023,-0.023,11.744,0.021,-0.021,11.573,0.171,-0.171,9.019,,,13.1838,0.00024,-0.00024,,,,12.7409,0.0062,-0.0062,13.25,,,2018-09-25,2018-08-16,2018-09-25,1.0,0.0,0.0,0.0,0.0,0.0,0.0
31134,Kepler-704 b,Kepler-704,b,,,TIC 237157729,Gaia DR2 2104530027969874944,Gaia DR3 2104530027969874944,0,1,1,0,0,Transit,2016,<a refstr=MORTON_ET_AL__2016 href=https://ui.adsabs.harvard.edu/abs/2016ApJ...822...86M/abstract target=ref>Morton et al. 2016</a>,2016-05,Space,Kepler,0.95 m Kepler Telescope,Kepler CCD Array,0.0,0.0,0.0,1.0,0.0,0.0,0.0,0.0,0.0,0.0,Kepler Project Candidate (q1_q8_koi),0.0,<a refstr=Q1_Q8_KOI_TABLE href=https://exoplanetarchive.ipac.caltech.edu/docs/Kepler_KOI_docs.html target=ref>Q1-Q8 KOI Table</a>,3.761849,3.3e-05,-3.3e-05,0.0,0.045,,,0.0,2.1,1.2,-1.2,0.0,0.18734977,0.10705701,-0.10705701,0.0,,,,,,,,,,,,,,,,,,,,,,,,,,,,,,,,,,,,,,0.0,,,0.0,,,,0.0,1102.0,,,0.0,85.37,,,0.0,2455004.9024,0.0027,-0.0027,0.0,BJD,0.0,0.59,0.32,-0.32,0.0,0.0513,,,0.0,3.1053,,,0.0,7.8,2.9,-2.9,0.0,0.0215,0.0014,-0.0014,0.0,,,,,,,,,,,,0.0,,,,,,,,,,,,,<a refstr=Q1_Q8_KOI_TABLE href=https://exoplanetarchive.ipac.caltech.edu/docs/Kepler_KOI_docs.html target=ref>Q1-Q8 KOI Table</a>,,5577.0,107.0,-107.0,0.0,0.9,0.51,-0.51,0.0,0.88,0.11,-0.11,0.0,,,,0.0,,,,,,4.47,0.3,-0.3,0.0,8.4,3.7,-3.7,0.0,,,,0.0,,,,,,,,,,,,,<a refstr=STASSUN_ET_AL__2019 href=https://ui.adsabs.harvard.edu/abs/2019AJ....158..138S/abstract target=ref>TICv8</a>,18h53m15.93s,283.3163671,+41d50m13.54s,41.8370942,17.38918,71.60711,64.20642,293.22313,8.4403889,0.0537656,-0.0537656,-4.99901,0.0518901,-0.0518901,-6.80074,0.0547523,-0.0547523,1228.83,45.68,-42.57,0.785395,0.0289821,-0.0289821,16.256,0.0,0.0,15.454,0.046,-0.046,13.955,0.03,-0.03,13.626,0.038,-0.038,13.557,0.05,-0.05,,,,,,,,,,,,,,,,13.528,0.028,-0.028,13.592,0.034,-0.034,12.793,,,9.079001,,,15.2487,0.000433,-0.000433,,,,14.7176,0.0067,-0.0067,15.257,,,2013-10-28,2014-01-08,2013-10-28,1.0,0.0,0.0,0.0,0.0,0.0,0.0
26743,Kepler-411 d,Kepler-411,d,,,TIC 399954349,Gaia DR2 2132768952604988672,Gaia DR3 2132768956905956352,0,2,4,0,0,Transit,2018,<a refstr=SUN_ET_AL__2019 href=https://ui.adsabs.harvard.edu/abs/2019A&A...624A..15S/abstract target=ref>Sun et al. 2019</a>,2019-04,Space,Kepler,0.95 m Kepler Telescope,Kepler CCD Array,0.0,0.0,0.0,1.0,0.0,0.0,0.0,0.0,0.0,0.0,Kepler Project Candidate (q1_q16_koi),0.0,<a refstr=Q1_Q16_KOI_TABLE href=https://exoplanetarchive.ipac.caltech.edu/docs/Kepler_KOI_docs.html target=ref>Q1-Q16 KOI Table</a>,58.0192007,0.0001535,-0.0001535,0.0,0.2757,,,0.0,3.51,0.22,-0.13,0.0,0.31314176,0.01962712,-0.01159784,0.0,,,,,,,,,,,,,,,,,,,,,,,,,,,,,,,,,,,,,,0.0,,,0.0,4.3,0.92,-0.64,0.0,367.0,,,0.0,88.81,,,0.0,2454984.85438,0.00185,-0.00185,0.0,BJD,1.0,0.9256,0.0101,-0.0161,0.0,0.12968,0.00205,-0.00205,0.0,5.669,0.156,-0.156,0.0,37.4,10.7,-10.7,0.0,0.041898,0.000485,-0.00153,0.0,,,,,,,,,,,,0.0,,,,,,,,,,,,,<a refstr=Q1_Q16_KOI_TABLE href=https://exoplanetarchive.ipac.caltech.edu/docs/Kepler_KOI_docs.html target=ref>Q1-Q16 KOI Table</a>,,4987.0,93.0,-102.0,0.0,0.768,0.048,-0.029,0.0,0.829,0.034,-0.055,0.0,0.12,0.14,-0.16,0.0,[Fe/H],,,,,4.586,0.014,-0.053,0.0,,,,0.0,0.29435,0.08397,-0.05576,0.0,,,,,,,,,,,,,<a refstr=STASSUN_ET_AL__2019 href=https://ui.adsabs.harvard.edu/abs/2019AJ....158..138S/abstract target=ref>TICv8</a>,19h10m25.37s,287.6057027,+49d31m24.22s,49.5233937,17.40063,80.24936,70.73793,306.5211,35.2938724,0.0349487,-0.0349487,13.516,0.0358248,-0.0358248,32.6033,0.0347959,-0.0347959,153.676,0.455,-0.453,6.47831,0.0190606,-0.0190606,14.745,0.061,-0.061,12.448,0.069,-0.069,10.641,0.022,-0.022,10.161,0.028,-0.028,10.062,0.023,-0.023,,,,,,,,,,,,,,,,9.92,0.023,-0.023,9.952,0.02,-0.02,9.88,0.035,-0.035,9.269,,,12.2327,0.000562,-0.000562,,,,11.6052,0.0062,-0.0062,12.231,,,2014-11-21,2014-12-18,2014-11-21,1.0,0.0,0.0,0.0,0.0,0.0,0.0
36521,TOI-2068 b,TOI-2068,b,,,TIC 417931300,Gaia DR2 1581657479535392256,Gaia DR3 1581657479535392256,0,1,1,0,0,Transit,2024,<a refstr=MISTRY_ET_AL__2023 href=https://ui.adsabs.harvard.edu/abs/2023arXiv231100688M/abstract target=ref>Mistry et al. 2023</a>,2023-11,Space,Transiting Exoplanet Survey Satellite (TESS),0.1 m TESS Telescope,TESS CCD Array,0.0,0.0,0.0,1.0,0.0,0.0,0.0,0.0,0.0,0.0,TESS Project Candidate,0.0,<a refstr=EXOFOP_TESS_TOI href=https://exofop.ipac.caltech.edu/tess/view_toi.php target=ref>ExoFOP-TESS TOI</a>,7.76908874827,3.892323e-05,-3.892323e-05,0.0,,,,,2.36633077,0.20542012,-0.20542012,0.0,0.21111026,0.01832639,-0.01832639,0.0,,,,,,,,,,,,,,,,,,,,,,,,,,,,,,,,,,,,,,,,,,12.6578,,,0.0,481.07,,,0.0,,,,,2458683.416826,0.00252724,-0.00252724,0.0,BJD,0.0,,,,,0.14167912,0.01306478,-0.01306478,0.0,2.6251447,0.2714902,-0.2714902,0.0,,,,,,,,,,,,,,,,,,,,,,,,,,,,,,,,,<a refstr=EXOFOP_TESS_TOI href=https://exofop.ipac.caltech.edu/tess/view_toi.php target=ref>ExoFOP-TESS TOI</a>,,3700.0,157.0,-157.0,0.0,0.542573,0.01613,-0.01613,0.0,,,,,,,,,,,,,,4.70036,0.009455,-0.009455,0.0,,,,,,,,,,,,,,,,,,,,,<a refstr=STASSUN_ET_AL__2019 href=https://ui.adsabs.harvard.edu/abs/2019AJ....158..138S/abstract target=ref>TICv8</a>,12h25m05.65s,186.27356,+60d25m06.04s,60.4183455,56.40846,128.80568,55.01972,148.86013,197.9770221,0.0391127,-0.0391127,-197.88,0.0391186,-0.0391186,-6.19733,0.0325231,-0.0325231,52.9328,0.0586,-0.0586,18.8629,0.0207672,-0.0207672,14.596,0.033,-0.033,13.007,0.009,-0.009,9.872,0.023,-0.023,9.237001,0.03,-0.03,9.007,0.022,-0.022,16.583,0.0079758,-0.0079758,15.0296,0.0049048,-0.0049048,14.9169,0.0099311,-0.0099311,11.9557,0.00118,-0.00118,13.217,0.0121033,-0.0121033,8.888,0.022,-0.022,8.823,0.019,-0.019,8.716,0.024,-0.024,8.441,0.245,-0.245,12.221,0.000319,-0.000319,,,,11.1806,0.0073549,-0.0073549,,,,2025-08-07,2017-07,2025-04-21,0.0,0.0,0.0,0.0,0.0,0.0,0.0
8509,Kepler-11 f,Kepler-11,f,,,TIC 169175503,Gaia DR2 2076960598545789824,Gaia DR3 2076960598545789824,0,1,6,0,0,Transit,2010,<a refstr=LISSAUER_ET_AL__2011 href=https://ui.adsabs.harvard.edu/abs/2011Natur.470...53L/abstract target=ref> Lissauer et al. 2011 </a>,2011-02,Space,Kepler,0.95 m Kepler Telescope,Kepler CCD Array,1.0,0.0,0.0,1.0,0.0,0.0,0.0,0.0,0.0,0.0,Kepler Project Candidate (q1_q8_koi),0.0,<a refstr=Q1_Q8_KOI_TABLE href=https://exoplanetarchive.ipac.caltech.edu/docs/Kepler_KOI_docs.html target=ref>Q1-Q8 KOI Table</a>,46.68641,0.00019,-0.00019,0.0,0.252,,,0.0,2.43,0.44,-0.44,0.0,0.21679045,0.03925424,-0.03925424,0.0,,,,,,,,,,,,,,,,,,,,,,,,,,,,,,,,,,,,,,0.0,,,0.0,,,,0.0,514.0,,,0.0,89.38,,,0.0,2455058.0355,0.0024,-0.0024,0.0,BJD,1.0,0.31,0.15,-0.15,0.0,0.0518,,,0.0,6.4484,,,0.0,53.7,8.4,-8.4,0.0,0.02104,0.00031,-0.00031,0.0,,,,,,,,,,,,0.0,,,,,,,,,,,,,<a refstr=Q1_Q8_KOI_TABLE href=https://exoplanetarchive.ipac.caltech.edu/docs/Kepler_KOI_docs.html target=ref>Q1-Q8 KOI Table</a>,,5685.0,100.0,-100.0,0.0,1.06,0.19,-0.19,0.0,0.984,0.057,-0.057,0.0,,,,0.0,,,,,,4.38,0.2,-0.2,0.0,7.2,3.3,-3.3,0.0,,,,0.0,,,,,,,,,,,,,<a refstr=STASSUN_ET_AL__2019 href=https://ui.adsabs.harvard.edu/abs/2019AJ....158..138S/abstract target=ref>TICv8</a>,19h48m27.62s,297.1150949,+41d54m32.79s,41.9091092,8.13328,76.1613,61.2022,314.75543,7.0692817,0.0287745,-0.0287745,-0.0379221,0.0253491,-0.0253491,-7.06918,0.0287746,-0.0287746,646.346,6.375,-6.375,1.51841,0.0151448,-0.0151448,14.635,0.03,-0.03,13.817,0.092,-0.092,12.548,0.024,-0.024,12.237,0.024,-0.024,12.18,0.02,-0.02,,,,,,,,,,,,,,,,12.053,0.022,-0.022,12.125,0.022,-0.022,12.119,0.191,-0.191,9.444,,,13.7062,0.000271,-0.000271,,,,13.2366,0.0167,-0.0167,13.709,,,2013-10-28,2014-01-08,2013-10-28,1.0,0.0,0.0,0.0,0.0,0.0,0.0
3705,HD 73267 b,HD 73267,b,HD 73267,HIP 42202,TIC 11749208,Gaia DR2 5638825939745228544,Gaia DR3 5638825939745228544,0,1,2,0,0,Radial Velocity,2008,<a refstr=MOUTOU_ET_AL__2009 href=https://ui.adsabs.harvard.edu/abs/2009A&A...496..513M/abstract target=ref> Moutou et al. 2009 </a>,2009-03,Ground,La Silla Observatory,3.6 m ESO Telescope,HARPS Spectrograph,1.0,0.0,0.0,0.0,1.0,0.0,0.0,0.0,0.0,0.0,Published Confirmed,0.0,<a refstr=MOUTOU_ET_AL__2009 href=https://ui.adsabs.harvard.edu/abs/2009A&A...496..513M/abstract target=ref> Moutou et al. 2009 </a>,1260.0,7.0,-7.0,0.0,2.198,0.025,-0.025,0.0,,,,,,,,,,,,,,,,,973.0,20.0,-20.0,0.0,3.06,0.07,-0.07,0.0,,,,,,,,,973.0,20.0,-20.0,0.0,3.06,0.07,-0.07,0.0,Msini,,,,,0.256,0.009,-0.009,0.0,,,,,,,,,,,,,,,,,,0.0,,,,,,,,,,,,,,,,,,,,,,,,,2451821.7,16.0,-16.0,0.0,229.1,1.8,-1.8,0.0,64.29,0.48,-0.48,0.0,,,,,,,,,<a refstr=MOUTOU_ET_AL__2009 href=https://ui.adsabs.harvard.edu/abs/2009A&A...496..513M/abstract target=ref> Moutou et al. 2009 </a>,G5 V,5317.0,34.0,-34.0,0.0,1.04,,,0.0,0.89,0.03,-0.03,0.0,0.03,0.02,-0.02,0.0,[Fe/H],-0.106,0.047,-0.053,0.0,4.28,0.1,-0.1,0.0,7.4,4.5,-4.5,0.0,,,,,1.65,,,0.0,,,,,51.915,0.0005,-0.0005,0.0,<a refstr=STASSUN_ET_AL__2019 href=https://ui.adsabs.harvard.edu/abs/2019AJ....158..138S/abstract target=ref>TICv8</a>,08h36m17.64s,129.0735123,-34d27m34.01s,-34.4594469,3.79235,255.08557,-50.69219,145.12117,162.7198154,0.0422705,-0.0422705,-106.233,0.0427198,-0.0427198,123.257,0.0419337,-0.0419337,50.4093,0.0729,-0.0726,19.8087,0.0284158,-0.0284158,9.662,0.027,-0.027,8.9,0.03,-0.03,7.493,0.023,-0.023,7.126,0.031,-0.031,7.062,0.023,-0.023,,,,,,,,,,,,,,,,6.878,0.057,-0.057,7.043,0.02,-0.02,7.019,0.017,-0.017,6.982,0.083,-0.083,8.67835,0.000215,-0.000215,,,,8.1769,0.006,-0.006,,,,2019-06-24,2009-03,2015-03-26,0.0,1.0,1.0,0.0,0.0,0.0,0.0
33844,Kepler-901 b,Kepler-901,b,,,TIC 122712179,Gaia DR2 2101525749889208576,Gaia DR3 2101525749889208576,0,1,1,0,0,Transit,2016,<a refstr=MORTON_ET_AL__2016 href=https://ui.adsabs.harvard.edu/abs/2016ApJ...822...86M/abstract target=ref>Morton et al. 2016</a>,2016-05,Space,Kepler,0.95 m Kepler Telescope,Kepler CCD Array,0.0,0.0,0.0,1.0,0.0,0.0,0.0,0.0,0.0,0.0,Published Confirmed,0.0,<a refstr=GAJDO_SCARON__ET_AL__2019 href=https://ui.adsabs.harvard.edu/abs/2019RAA....19...41G/abstract target=ref>Gajdo&scaron; et al. 2019</a>,3.5174882411,3.9063e-06,-3.9063e-06,0.0,,,,,,,,,,,,,,,,,,,,,,,,,,,,,,,,,,,,,,,,,,,,,,,,,,,,,,,,,,,,,,,,,,2454968.54851,0.00091137,-0.00091137,0.0,BJD,0.0,,,,,,,,,,,,,,,,,,,,,,,,,,,,,,,,,,,,,,,,,,,,,<a refstr=STASSUN_ET_AL__2019 href=https://ui.adsabs.harvard.edu/abs/2019AJ....158..138S/abstract target=ref>TICv8</a>,,4110.0,122.0,-122.0,0.0,0.635253,,,0.0,0.643,,,0.0,,,,,,-0.98404,,,0.0,4.64039,,,0.0,,,,,3.536197,,,0.0,,,,,,,,,,,,,<a refstr=STASSUN_ET_AL__2019 href=https://ui.adsabs.harvard.edu/abs/2019AJ....158..138S/abstract target=ref>TICv8</a>,19h24m36.67s,291.1528056,+40d53m15.65s,40.8876814,11.62048,73.13666,61.76554,305.21191,41.08869,0.035945,-0.035945,-22.4614,0.0353766,-0.0353766,34.4059,0.0361845,-0.0361845,253.867,1.51,-1.492,3.91031,0.0231128,-0.0231128,16.487,0.063,-0.063,15.85,0.2,-0.2,12.753,0.023,-0.023,12.096,0.022,-0.022,11.907,0.019,-0.019,,,,,,,,,,,,,,,,11.857,0.024,-0.024,11.888,0.023,-0.023,11.858,0.195,-0.195,9.306,,,14.6803,0.000332,-0.000332,,,,13.8791,0.0061,-0.0061,14.699,,,2019-04-16,2019-03,2019-04-18,1.0,0.0,0.0,0.0,0.0,0.0,0.0
9195,Kepler-1147 b,Kepler-1147,b,,,TIC 137757057,Gaia DR2 2053636452223709696,Gaia DR3 2053636452223709696,0,1,1,0,0,Transit,2016,<a refstr=MORTON_ET_AL__2016 href=https://ui.adsabs.harvard.edu/abs/2016ApJ...822...86M/abstract target=ref>Morton et al. 2016</a>,2016-05,Space,Kepler,0.95 m Kepler Telescope,Kepler CCD Array,0.0,0.0,0.0,1.0,0.0,0.0,0.0,0.0,0.0,0.0,Kepler Project Candidate (q1_q17_dr25_koi),0.0,<a refstr=Q1_Q17_DR25_KOI_TABLE href=https://exoplanetarchive.ipac.caltech.edu/docs/Kepler_KOI_docs.html target=ref>Q1-Q17 DR25 KOI Table</a>,10.62788695,8.221e-05,-8.221e-05,0.0,0.0961,,,0.0,1.87,0.6,-0.21,0.0,0.16683051,0.05352851,-0.01873498,0.0,,,,,,,,,,,,,,,,,,,,,,,,,,,,,,,,,,,,,,0.0,,,0.0,136.34,131.16,-43.22,0.0,872.0,,,0.0,88.31,,,0.0,2454970.81843,0.00608,-0.00608,0.0,BJD,0.0,0.473,0.33,-0.323,0.0,0.03267,0.00169,-0.00169,0.0,4.576,0.172,-0.172,0.0,15.99,5.0,-5.0,0.0,0.016923,0.000421,-0.000792,0.0,,,,,,,,,,,,0.0,,,,,,,,,,,,,<a refstr=Q1_Q17_DR25_KOI_TABLE href=https://exoplanetarchive.ipac.caltech.edu/docs/Kepler_KOI_docs.html target=ref>Q1-Q17 DR25 KOI Table</a>,,6082.0,189.0,-210.0,0.0,1.014,0.322,-0.115,0.0,1.041,0.153,-0.139,0.0,-0.08,0.25,-0.3,0.0,[Fe/H],,,,,4.445,0.072,-0.217,0.0,,,,0.0,0.68449,0.4241,-0.1015,0.0,,,,,,,,,,,,,<a refstr=STASSUN_ET_AL__2019 href=https://ui.adsabs.harvard.edu/abs/2019AJ....158..138S/abstract target=ref>TICv8</a>,19h30m11.39s,292.5474753,+41d38m34.52s,41.6429221,11.01535,74.30084,62.15217,307.83455,8.4361643,0.0540729,-0.0540729,-6.47099,0.0482378,-0.0482378,-5.4125,0.061459,-0.061459,1657.36,79.845,-79.845,0.575366,0.028808,-0.028808,16.354,0.024,-0.024,15.613,0.103,-0.103,14.179,0.025,-0.025,13.891,0.03,-0.03,13.877,0.054,-0.054,,,,,,,,,,,,,,,,13.803,0.026,-0.026,13.942,0.033,-0.033,12.61,,,9.402,,,15.3564,0.000393,-0.000393,,,,14.8752,0.007,-0.007,15.401,,,2017-05-08,2017-08-31 00:00,2017-05-08,1.0,0.0,0.0,0.0,0.0,0.0,0.0
954,HAT-P-1 b,HAT-P-1,b,,,TIC 346338552,Gaia DR2 1928431764627661440,Gaia DR3 1928431764627661440,0,2,1,0,0,Transit,2006,<a refstr=BAKOS_ET_AL__2007 href=https://ui.adsabs.harvard.edu/abs/2007ApJ...656..552B/abstract target=ref>Bakos et al. 2007</a>,2007-02,Ground,HATNet,Canon 200mm f/1.8L,2K CCD Sensor,1.0,0.0,0.0,1.0,0.0,0.0,0.0,0.0,0.0,0.0,Published Confirmed,0.0,<a refstr=BONOMO_ET_AL__2017 href=https://ui.adsabs.harvard.edu/abs/2017A&A...602A.107B/abstract target=ref>Bonomo et al. 2017</a>,4.46529976,5.5e-07,-5.5e-07,0.0,0.0553,0.0012,-0.0013,0.0,13.921578,0.594077,-0.594077,0.0,1.242,0.053,-0.053,0.0,166.86075,8.26358,-8.26358,0.0,0.525,0.026,-0.026,0.0,,,,,,,,,,,,,,,,,166.86075,8.26358,-8.26358,0.0,0.525,0.026,-0.026,0.0,Mass,0.339,0.052,-0.042,0.0,0.011,,,1.0,,,,,,,,,86.11,0.18,-0.18,0.0,2453979.93202,0.00024,-0.00024,0.0,BJD-TDB,0.0,,,,,,,,,,,,,,,,,,,,,,,,,,,,,,,,,59.5,1.2,-1.2,0.0,,,,,,,,,<a refstr=BONOMO_ET_AL__2017 href=https://ui.adsabs.harvard.edu/abs/2017A&A...602A.107B/abstract target=ref>Bonomo et al. 2017</a>,,5980.0,120.0,-120.0,0.0,1.135,0.048,-0.048,0.0,1.133,0.075,-0.079,0.0,0.13,0.08,-0.08,0.0,,,,,,,,,,2.7,2.5,-2.0,0.0,,,,,2.2,0.2,-0.2,0.0,,,,,,,,,<a refstr=STASSUN_ET_AL__2019 href=https://ui.adsabs.harvard.edu/abs/2019AJ....158..138S/abstract target=ref>TICv8</a>,22h57m46.89s,344.4453632,+38d40m29.71s,38.674919,-19.03641,99.79172,41.04188,4.29186,52.8378021,0.0432105,-0.0432105,32.3837,0.0411283,-0.0411283,-41.7508,0.0444162,-0.0444162,158.979,0.977,-0.965,6.26153,0.038138,-0.038138,,,,9.827,0.194,-0.194,9.156,0.026,-0.026,8.923,0.03,-0.03,8.858,0.018,-0.018,,,,,,,,,,,,,,,,8.732,0.023,-0.023,8.751,0.019,-0.019,8.624,0.024,-0.024,8.37,0.226,-0.226,10.1786,0.000384,-0.000384,,,,9.76031,0.0061,-0.0061,,,,2019-03-18,2017-06,2019-03-21,2.0,16.0,7.0,0.0,2.0,7.0,0.0
5504,K2-351 b,K2-351,b,,,TIC 187273748,Gaia DR2 3613442989278322432,Gaia DR3 3613442989278322432,0,1,1,0,0,Transit,2021,<a refstr=DE_LEON_ET_AL__2021 href=https://ui.adsabs.harvard.edu/abs/2021MNRAS.tmp.2120D/abstract target=ref>de Leon et al. 2021</a>,2021-08,Space,K2,0.95 m Kepler Telescope,Kepler CCD Array,0.0,0.0,0.0,1.0,0.0,0.0,0.0,0.0,0.0,0.0,Published Candidate,0.0,<a refstr=POPE_ET_AL__2016 href=https://ui.adsabs.harvard.edu/abs/2016MNRAS.461.3399P/abstract target=ref>Pope et al. 2016</a>,7.806,,,0.0,,,,,,,,,,,,,,,,,,,,,,,,,,,,,,,,,,,,,,,,,,,,,,,,,,,,,,,,,,,,,,,,,,2457223.497,,,0.0,BJD,0.0,0.042,,,0.0,0.0477,,,0.0,2.74992,,,0.0,,,,,0.021838,,,0.0,,,,,,,,,,,,,,,,,,,,,,,,,<a refstr=STASSUN_ET_AL__2019 href=https://ui.adsabs.harvard.edu/abs/2019AJ....158..138S/abstract target=ref>TICv8</a>,,5739.0,122.0,-122.0,0.0,1.03974,,,0.0,1.03,,,0.0,,,,,,0.02389,,,0.0,4.41706,,,0.0,,,,,1.2919,,,0.0,,,,,,,,,,,,,<a refstr=STASSUN_ET_AL__2019 href=https://ui.adsabs.harvard.edu/abs/2019AJ....158..138S/abstract target=ref>TICv8</a>,13h46m36.54s,206.6522408,-11d48m17.85s,-11.8049588,48.82989,323.69493,-0.74719,208.96098,16.7482938,0.053448,-0.053448,-16.711,0.053477,-0.053477,1.11706,0.0465162,-0.0465162,694.734,15.57,-14.914,1.41109,0.0313294,-0.0313294,14.843,0.057,-0.057,14.195,0.092,-0.092,12.869,0.026,-0.026,12.535,0.028,-0.028,12.497,0.033,-0.033,,,,,,,,,,,,,,,,12.409,0.023,-0.023,12.453,0.025,-0.025,12.11,0.288,-0.288,8.701,,,13.9854,0.000371,-0.000371,,,,13.5118,0.0078,-0.0078,14.01,,,2016-07-18,2016-10,2016-07-18,0.0,0.0,0.0,0.0,0.0,0.0,0.0
20597,Kepler-224 d,Kepler-224,d,,,TIC 159642189,Gaia DR2 2129161734133025408,Gaia DR3 2129161734133025408,0,1,4,0,0,Transit,2014,<a refstr=ROWE_ET_AL__2014 href=https://ui.adsabs.harvard.edu/abs/2014ApJ...784...45R/abstract target=ref> Rowe et al. 2014</a>,2014-03,Space,Kepler,0.95 m Kepler Telescope,Kepler CCD Array,0.0,0.0,0.0,1.0,0.0,0.0,0.0,0.0,0.0,0.0,Published Confirmed,0.0,<a refstr=GAJDO_SCARON__ET_AL__2019 href=https://ui.adsabs.harvard.edu/abs/2019RAA....19...41G/abstract target=ref>Gajdo&scaron; et al. 2019</a>,11.3493755684,2.09986e-05,-2.09986e-05,0.0,,,,,,,,,,,,,,,,,,,,,,,,,,,,,,,,,,,,,,,,,,,,,,,,,,,,,,,,,,,,,,,,,,2454967.31705,0.00148784,-0.00148784,0.0,BJD,0.0,,,,,,,,,,,,,,,,,,,,,,,,,,,,,,,,,,,,,,,,,,,,,<a refstr=STASSUN_ET_AL__2019 href=https://ui.adsabs.harvard.edu/abs/2019AJ....158..138S/abstract target=ref>TICv8</a>,,5049.0,122.0,-122.0,0.0,0.722794,,,0.0,0.84,,,0.0,,,,,,-0.51445,,,0.0,4.64432,,,0.0,,,,,3.136187,,,0.0,,,,,,,,,,,,,<a refstr=STASSUN_ET_AL__2019 href=https://ui.adsabs.harvard.edu/abs/2019AJ....158..138S/abstract target=ref>TICv8</a>,19h23m44.22s,290.9342679,+47d21m27.15s,47.3575414,14.52091,79.07683,67.90647,310.05093,9.9341302,0.0548035,-0.0548035,-0.949705,0.0551534,-0.0551534,-9.88863,0.0548003,-0.0548003,782.088,18.719,-17.879,1.2504,0.0296767,-0.0296767,16.639,0.085,-0.085,15.801,0.126,-0.126,14.212,0.025,-0.025,13.722,0.022,-0.022,13.703,0.039,-0.039,,,,,,,,,,,,,,,,13.693,0.025,-0.025,13.732,0.029,-0.029,12.726,,,9.535,,,15.6358,0.00059,-0.00059,,,,15.0519,0.0068,-0.0068,15.644,,,2019-04-16,2019-03,2019-04-18,1.0,0.0,0.0,0.0,0.0,0.0,0.0
14527,Kepler-1543 b,Kepler-1543,b,,,TIC 272843289,Gaia DR2 2080362899835391360,Gaia DR3 2080362899836411136,1,1,1,0,0,Transit,2016,<a refstr=MORTON_ET_AL__2016 href=https://ui.adsabs.harvard.edu/abs/2016ApJ...822...86M/abstract target=ref>Morton et al. 2016</a>,2016-05,Space,Kepler,0.95 m Kepler Telescope,Kepler CCD Array,0.0,0.0,0.0,1.0,0.0,0.0,0.0,0.0,0.0,0.0,Published Confirmed,0.0,<a refstr=MORTON_ET_AL__2016 href=https://ui.adsabs.harvard.edu/abs/2016ApJ...822...86M/abstract target=ref>Morton et al. 2016</a>,6.96710269,3.285e-05,-3.285e-05,0.0,,,,,2.71,1.21,-0.51,0.0,0.24177001,0.10794897,-0.04549915,0.0,,,,,,,,,,,,,,,,,,,,,,,,,,,,,,,,,,,,,,,,,,,,,,,,,,,,,,2454971.24152,0.00352,-0.00352,0.0,JD,0.0,,,,,,,,,3.643,0.12,-0.12,0.0,,,,,0.014558,0.000149,-0.000761,0.0,,,,,,,,,,,,,,,,,,,,,,,,,<a refstr=MORTON_ET_AL__2016 href=https://ui.adsabs.harvard.edu/abs/2016ApJ...822...86M/abstract target=ref>Morton et al. 2016</a>,,6561.0,148.25,-171.68,0.0,1.65,0.738,-0.302,0.0,1.39,0.231,-0.14,0.0,0.07,0.137,-0.144,0.0,[Fe/H],,,,,4.14,0.138,-0.25,0.0,1.91,0.61,-0.443,0.0,,,,,,,,,,,,,,,,,<a refstr=STASSUN_ET_AL__2019 href=https://ui.adsabs.harvard.edu/abs/2019AJ....158..138S/abstract target=ref>TICv8</a>,19h48m29.83s,297.1242915,+47d02m13.16s,47.0369876,10.61623,80.70911,65.87949,319.4913,12.9967617,0.0307792,-0.0307792,-5.00813,0.0297214,-0.0297214,-11.9931,0.03096,-0.03096,921.784,13.905,-13.905,1.05618,0.0162381,-0.0162381,14.004,0.026,-0.026,13.495,0.092,-0.092,12.538,0.022,-0.022,12.327,0.02,-0.02,12.291,0.021,-0.021,,,,,,,,,,,,,,,,12.251,0.023,-0.023,12.266,0.023,-0.023,12.334,0.295,-0.295,9.289,,,13.4193,0.000255,-0.000255,,,,13.0627,0.0078,-0.0078,13.487,,,2016-05-06,2016-05,2016-05-10,1.0,0.0,0.0,0.0,0.0,0.0,0.0
29589,Kepler-596 b,Kepler-596,b,,,TIC 416267321,Gaia DR2 2133285383772329344,Gaia DR3 2133285383772329344,0,1,1,0,0,Transit,2016,<a refstr=MORTON_ET_AL__2016 href=https://ui.adsabs.harvard.edu/abs/2016ApJ...822...86M/abstract target=ref>Morton et al. 2016</a>,2016-05,Space,Kepler,0.95 m Kepler Telescope,Kepler CCD Array,0.0,0.0,0.0,1.0,0.0,0.0,0.0,0.0,0.0,0.0,Kepler Project Candidate (q1_q12_koi),0.0,<a refstr=Q1_Q12_KOI_TABLE href=https://exoplanetarchive.ipac.caltech.edu/docs/Kepler_KOI_docs.html target=ref>Q1-Q12 KOI Table</a>,21.30022655,4.193e-05,-4.193e-05,0.0,0.1542,,,0.0,2.92,1.47,-0.31,0.0,0.2605054,0.13114484,-0.0276564,0.0,,,,,,,,,,,,,,,,,,,,,,,,,,,,,,,,,,,,,,0.0,,,0.0,75.75,112.97,-22.51,0.0,752.0,,,0.0,89.95,,,0.0,2455022.70556,0.00154,-0.00154,0.0,BJD,0.0,0.0792,0.3194,-0.0792,0.0,0.06769,0.00143,-0.00143,0.0,4.0882,0.0503,-0.0503,0.0,40.64,1.5,-1.5,0.0,0.023957,0.000543,-0.000312,0.0,,,,,,,,,,,,0.0,,,,,,,,,,,,,<a refstr=Q1_Q12_KOI_TABLE href=https://exoplanetarchive.ipac.caltech.edu/docs/Kepler_KOI_docs.html target=ref>Q1-Q12 KOI Table</a>,,6343.0,153.0,-198.0,0.0,1.115,0.563,-0.119,0.0,1.069,0.248,-0.096,0.0,-0.16,0.23,-0.28,0.0,[Fe/H],,,,,4.375,0.075,-0.294,0.0,,,,0.0,2.7984,0.10492,-0.75633,0.0,,,,,,,,,,,,,<a refstr=STASSUN_ET_AL__2019 href=https://ui.adsabs.harvard.edu/abs/2019AJ....158..138S/abstract target=ref>TICv8</a>,19h18m00.16s,289.5006797,+51d41m08.56s,51.6857106,17.09529,82.82015,72.23987,312.72117,4.2423827,0.0357118,-0.0357118,-0.958394,0.0379499,-0.0379499,-4.13271,0.0355874,-0.0355874,1023.85,23.59,-22.56,0.948053,0.021837,-0.021837,14.706,0.033,-0.033,14.128,0.08,-0.08,13.074,0.024,-0.024,12.812,0.035,-0.035,12.715,0.028,-0.028,,,,,,,,,,,,,,,,12.662,0.023,-0.023,12.692,0.022,-0.022,12.267,0.209,-0.209,9.148,,,14.0136,0.000267,-0.000267,,,,13.6123,0.0071,-0.0071,14.02,,,2014-11-18,2014-12-04,2014-11-18,1.0,0.0,0.0,0.0,0.0,0.0,0.0
35680,OGLE-2018-BLG-1119L b,OGLE-2018-BLG-1119L,b,,,,,,0,1,1,0,0,Microlensing,2022,<a refstr=JUNG_ET_AL__2022 href=https://ui.adsabs.harvard.edu/abs/2022AJ....164..262J/abstract target=ref>Jung et al. 2022</a>,2022-12,Ground,OGLE,1.3 m Warsaw University Telescope,OGLE CCD Array,0.0,0.0,0.0,0.0,0.0,0.0,1.0,0.0,0.0,0.0,Published Confirmed,0.0,<a refstr=JUNG_ET_AL__2022 href=https://ui.adsabs.harvard.edu/abs/2022AJ....164..262J/abstract target=ref>Jung et al. 2022</a>,,,,,4.11,2.14,-2.58,0.0,,,,,,,,,289.22385037,209.76674862,-165.27077164,0.0,0.91,0.66,-0.52,0.0,,,,,,,,,,,,,,,,,289.22385037,209.76674862,-165.27077164,0.0,0.91,0.66,-0.52,0.0,Mass,,,,,,,,,,,,,,,,,,,,,,,,,,0.0,,,,,,,,,,,,,,,,,,,,,,,,,,,,,,,,,,,,,,,,,,,,,<a refstr=JUNG_ET_AL__2022 href=https://ui.adsabs.harvard.edu/abs/2022AJ....164..262J/abstract target=ref>Jung et al. 2022</a>,,,,,,,,,,0.48,0.35,-0.28,0.0,,,,,,,,,,,,,,,,,,,,,,,,,,,,,,,,,,<a refstr=JUNG_ET_AL__2022 href=https://ui.adsabs.harvard.edu/abs/2022AJ....164..262J/abstract target=ref>Jung et al. 2022</a>,18h00m07.02s,270.02925,-32d22m31.0s,-32.3752778,-4.43046,358.61588,-8.936,270.02114,,,,,,,,,,5760.0,1430.0,-2480.0,,,,,,,,,,,,,,,,,,,,,,,,,,,,,,,,,,,,,,,,,,,,,,,,,,,,,,,,,,2023-04-10,2022-12,2023-04-10,4.0,0.0,0.0,0.0,0.0,0.0,0.0
32724,Kepler-819 b,Kepler-819,b,,,TIC 139106013,Gaia DR2 2076186611079704320,Gaia DR3 2076186611079704320,0,1,1,0,0,Transit,2016,<a refstr=MORTON_ET_AL__2016 href=https://ui.adsabs.harvard.edu/abs/2016ApJ...822...86M/abstract target=ref>Morton et al. 2016</a>,2016-05,Space,Kepler,0.95 m Kepler Telescope,Kepler CCD Array,0.0,0.0,0.0,1.0,0.0,0.0,0.0,0.0,0.0,0.0,Kepler Project Candidate (q1_q17_dr24_koi),0.0,<a refstr=Q1_Q17_DR24_KOI_TABLE href=https://exoplanetarchive.ipac.caltech.edu/docs/Kepler_KOI_docs.html target=ref>Q1-Q17 DR24 KOI Table</a>,33.1995648,0.0001174,-0.0001174,0.0,0.1899,,,0.0,2.56,0.69,-0.19,0.0,0.2283883,0.06155778,-0.01695069,0.0,,,,,,,,,,,,,,,,,,,,,,,,,,,,,,,,,,,,,,0.0,,,0.0,11.37,9.51,-2.65,0.0,468.0,,,0.0,89.95,,,0.0,2454986.66308,0.0031,-0.0031,0.0,BJD,0.0,0.0676,0.3774,-0.0675,0.0,0.11789,0.00363,-0.00363,0.0,5.0135,0.0969,-0.0969,0.0,52.04,2.0,-2.0,0.0,0.030827,0.001353,-0.000371,0.0,,,,,,,,,,,,0.0,,,,,,,,,,,,,<a refstr=Q1_Q17_DR24_KOI_TABLE href=https://exoplanetarchive.ipac.caltech.edu/docs/Kepler_KOI_docs.html target=ref>Q1-Q17 DR24 KOI Table</a>,,5307.0,173.0,-143.0,0.0,0.76,0.206,-0.057,0.0,0.83,0.097,-0.088,0.0,-0.18,0.36,-0.28,0.0,[Fe/H],,,,,4.594,0.029,-0.16,0.0,,,,0.0,2.41873,0.09183,-0.86893,0.0,,,,,,,,,,,,,<a refstr=STASSUN_ET_AL__2019 href=https://ui.adsabs.harvard.edu/abs/2019AJ....158..138S/abstract target=ref>TICv8</a>,19h41m29.00s,295.3708312,+39d10m38.25s,39.1772925,7.96666,73.09948,59.11605,310.31869,19.0286411,0.0471856,-0.0471856,7.05993,0.0427792,-0.0427792,17.6705,0.0478514,-0.0478514,664.306,10.7205,-10.7205,1.47698,0.0241026,-0.0241026,15.094,0.066,-0.066,15.402,0.24,-0.24,13.688,0.025,-0.025,13.214,0.026,-0.026,13.163,0.033,-0.033,,,,,,,,,,,,,,,,13.018,0.023,-0.023,13.086,0.025,-0.025,12.169,,,8.936,,,15.0662,0.000357,-0.000357,,,,14.4889,0.01,-0.01,15.03,,,2015-08-25,2015-09-24,2015-08-25,1.0,0.0,0.0,0.0,0.0,0.0,0.0
25769,Kepler-374 b,Kepler-374,b,,,TIC 270863576,Gaia DR2 2077745168807120128,Gaia DR3 2077745168807120128,0,1,3,0,0,Transit,2014,<a refstr=ROWE_ET_AL__2014 href=https://ui.adsabs.harvard.edu/abs/2014ApJ...784...45R/abstract target=ref> Rowe et al. 2014</a>,2014-03,Space,Kepler,0.95 m Kepler Telescope,Kepler CCD Array,0.0,0.0,0.0,1.0,0.0,0.0,0.0,0.0,0.0,0.0,Published Candidate,0.0,<a refstr=FULTON__AMP__PETIGURA_2018 href=https://ui.adsabs.harvard.edu/abs/2018AJ....156..264F/abstract target=ref>Fulton &amp; Petigura 2018</a>,1.897834018,6.937e-06,-6.937e-06,0.0,0.03034,0.0003,-0.0003,0.0,1.55,0.079,-0.079,0.0,0.13828198,0.00704792,-0.00704792,0.0,,,,,,,,,,,,,,,,,,,,,,,,,,,,,,,,,,,,,,,,,,1886.3,164.5,-164.5,0.0,,,,,,,,,,,,,,0.0,,,,,,,,,,,,,,,,,0.0106,0.000469,-0.00027,0.0,,,,,,,,,,,,,,,,,,,,,,,,,<a refstr=FULTON__AMP__PETIGURA_2018 href=https://ui.adsabs.harvard.edu/abs/2018AJ....156..264F/abstract target=ref>Fulton &amp; Petigura 2018</a>,,5730.0,60.0,-60.0,0.0,1.341,0.051,-0.048,0.0,1.033,0.033,-0.029,0.0,0.15,0.04,-0.04,0.0,[Fe/H],,,,,,,,,8.51,1.26,-1.27,0.0,0.45,0.04,-0.04,0.0,,,,,,,,,,,,,<a refstr=STASSUN_ET_AL__2019 href=https://ui.adsabs.harvard.edu/abs/2019AJ....158..138S/abstract target=ref>TICv8</a>,19h36m33.09s,294.1378921,+42d22m13.47s,42.3704075,10.29406,75.50719,62.43591,310.75653,17.5984513,0.0412731,-0.0412731,-6.32277,0.04132,-0.04132,-16.4234,0.0412662,-0.0412662,1265.61,34.84,-34.84,0.761806,0.0215691,-0.0215691,15.459,0.024,-0.024,14.701,0.035,-0.035,13.503,0.021,-0.021,13.181,0.026,-0.026,13.136,0.032,-0.032,,,,,,,,,,,,,,,,13.094,0.025,-0.025,13.146,0.026,-0.026,12.567,,,9.225,,,14.6608,0.000326,-0.000326,,,,14.1816,0.0073,-0.0073,14.686,,,2024-12-05,2018-12,2024-12-05,1.0,0.0,0.0,0.0,0.0,0.0,0.0
20335,Kepler-219 c,Kepler-219,c,,,TIC 158838045,Gaia DR2 2127771917075703424,Gaia DR3 2127771917075703424,0,1,3,0,0,Transit,2014,<a refstr=ROWE_ET_AL__2014 href=https://ui.adsabs.harvard.edu/abs/2014ApJ...784...45R/abstract target=ref> Rowe et al. 2014</a>,2014-03,Space,Kepler,0.95 m Kepler Telescope,Kepler CCD Array,0.0,0.0,0.0,1.0,0.0,0.0,0.0,0.0,0.0,0.0,Published Candidate,0.0,<a refstr=FULTON__AMP__PETIGURA_2018 href=https://ui.adsabs.harvard.edu/abs/2018AJ....156..264F/abstract target=ref>Fulton &amp; Petigura 2018</a>,22.71444582,4.989e-05,-4.989e-05,0.0,0.16519,0.00165,-0.00165,0.0,2.799,0.153,-0.153,0.0,0.24971048,0.01364977,-0.01364977,0.0,,,,,,,,,,,,,,,,,,,,,,,,,,,,,,,,,,,,,,,,,,52.7,3.6,-3.6,0.0,,,,,,,,,,,,,,0.0,,,,,,,,,,,,,,,,,0.022095,0.001653,-0.000484,0.0,,,,,,,,,,,,,,,,,,,,,,,,,<a refstr=FULTON__AMP__PETIGURA_2018 href=https://ui.adsabs.harvard.edu/abs/2018AJ....156..264F/abstract target=ref>Fulton &amp; Petigura 2018</a>,,5873.0,60.0,-60.0,0.0,1.161,0.031,-0.03,0.0,1.164,0.035,-0.033,0.0,0.36,0.04,-0.04,0.0,[Fe/H],,,,,,,,,2.51,1.04,-1.68,0.0,0.75,0.03,-0.05,0.0,,,,,,,,,,,,,<a refstr=STASSUN_ET_AL__2019 href=https://ui.adsabs.harvard.edu/abs/2019AJ....158..138S/abstract target=ref>TICv8</a>,19h14m57.35s,288.7389481,+46d45m45.33s,46.7625929,15.64895,77.88787,67.88771,305.77302,3.1512348,0.0336004,-0.0336004,-1.335,0.0346612,-0.0346612,2.85448,0.0333639,-0.0333639,787.07,10.579,-10.579,1.24178,0.0169475,-0.0169475,14.594,0.062,-0.062,13.823,0.103,-0.103,12.678,0.023,-0.023,12.4,0.019,-0.019,12.389,0.02,-0.02,,,,,,,,,,,,,,,,12.305,0.023,-0.023,12.364,0.022,-0.022,12.104,0.224,-0.224,8.994,,,13.7179,0.00024,-0.00024,,,,13.2839,0.0067,-0.0067,13.764,,,2024-12-05,2018-12,2024-12-05,1.0,0.0,0.0,0.0,0.0,0.0,0.0
27345,Kepler-446 c,Kepler-446,c,,,TIC 123417850,Gaia DR2 2106929849536047744,Gaia DR3 2106929849536047744,0,1,3,0,0,Transit,2015,<a refstr=MUIRHEAD_ET_AL__2015 href=https://ui.adsabs.harvard.edu/abs/2015ApJ...801...18M/abstract target=ref>Muirhead et al. 2015</a>,2015-03,Space,Kepler,0.95 m Kepler Telescope,Kepler CCD Array,1.0,0.0,0.0,1.0,0.0,0.0,0.0,0.0,0.0,0.0,Published Confirmed,0.0,<a refstr=GAJDO_SCARON__ET_AL__2019 href=https://ui.adsabs.harvard.edu/abs/2019RAA....19...41G/abstract target=ref>Gajdo&scaron; et al. 2019</a>,3.0362057249,8.0783e-06,-8.0783e-06,0.0,,,,,,,,,,,,,,,,,,,,,,,,,,,,,,,,,,,,,,,,,,,,,,,,,,,,,,,,,,,,,,,,,,2454967.06141,0.00301081,-0.00301081,0.0,BJD,0.0,,,,,,,,,,,,,,,,,,,,,,,,,,,,,,,,,,,,,,,,,,,,,<a refstr=STASSUN_ET_AL__2019 href=https://ui.adsabs.harvard.edu/abs/2019AJ....158..138S/abstract target=ref>TICv8</a>,,3386.0,157.0,-157.0,0.0,0.218498,0.00672,-0.00672,0.0,0.187619,0.020138,-0.020138,0.0,,,,,,-2.24766,0.09634,-0.12398,0.0,5.03245,0.020075,-0.020075,0.0,,,,,25.357136,0.390389,-0.390389,0.0,,,,,,,,,,,,,<a refstr=STASSUN_ET_AL__2019 href=https://ui.adsabs.harvard.edu/abs/2019AJ....158..138S/abstract target=ref>TICv8</a>,18h49m00.03s,282.2501047,+44d55m15.61s,44.921002,19.18908,74.36798,67.38475,292.99422,27.0539679,0.1036014,-0.1036014,-12.4659,0.103662,-0.103662,-24.0108,0.103585,-0.103585,96.339,0.5141,-0.5087,10.3516,0.0546893,-0.0546893,19.34,0.163,-0.163,17.5041,0.0472,-0.0472,13.591,0.021,-0.021,13.075,0.026,-0.026,12.827,0.024,-0.024,,,,,,,,,,,,,,,,12.709,0.047,-0.047,12.484,0.045,-0.045,12.488,0.378,-0.378,8.93,,,16.3101,0.00078,-0.00078,,,,15.0772,0.007555,-0.007555,16.257,,,2019-04-16,2019-03,2019-04-18,1.0,0.0,0.0,0.0,0.0,0.0,0.0
30546,Kepler-656 b,Kepler-656,b,,,TIC 158731243,Gaia DR2 2130825020347168512,Gaia DR3 2130825020347168512,0,1,2,0,0,Transit,2016,<a refstr=MORTON_ET_AL__2016 href=https://ui.adsabs.harvard.edu/abs/2016ApJ...822...86M/abstract target=ref>Morton et al. 2016</a>,2016-05,Space,Kepler,0.95 m Kepler Telescope,Kepler CCD Array,0.0,0.0,0.0,1.0,0.0,0.0,0.0,0.0,0.0,0.0,Published Confirmed,0.0,<a refstr=GAJDO_SCARON__ET_AL__2019 href=https://ui.adsabs.harvard.edu/abs/2019RAA....19...41G/abstract target=ref>Gajdo&scaron; et al. 2019</a>,1.2602587807,6.279e-07,-6.279e-07,0.0,,,,,,,,,,,,,,,,,,,,,,,,,,,,,,,,,,,,,,,,,,,,,,,,,,,,,,,,,,,,,,,,,,2455003.4092,0.0003955,-0.0003955,0.0,BJD,0.0,,,,,,,,,,,,,,,,,,,,,,,,,,,,,,,,,,,,,,,,,,,,,<a refstr=STASSUN_ET_AL__2019 href=https://ui.adsabs.harvard.edu/abs/2019AJ....158..138S/abstract target=ref>TICv8</a>,,5139.72,77.1,-77.1,0.0,0.894243,,,0.0,0.87,,,0.0,0.272,0.074,-0.074,0.0,[M/H],-0.29864,,,0.0,4.47468,,,0.0,,,,,1.715209,,,0.0,,,,,,,,,,,,,<a refstr=STASSUN_ET_AL__2019 href=https://ui.adsabs.harvard.edu/abs/2019AJ....158..138S/abstract target=ref>TICv8</a>,19h13m18.69s,288.3278778,+47d22m53.54s,47.381538,16.14809,78.367,68.56502,305.63224,4.6734532,0.0485003,-0.0485003,-2.27931,0.050661,-0.050661,-4.07994,0.0478059,-0.0478059,890.352,20.856,-20.856,1.09472,0.0261008,-0.0261008,16.314,0.158,-0.158,15.549,0.183,-0.183,14.054,0.027,-0.027,13.616,0.024,-0.024,13.503,0.033,-0.033,,,,,,,,,,,,,,,,13.5,0.024,-0.024,13.6,0.029,-0.029,12.852,,,9.18,,,15.337,0.000426,-0.000426,,,,14.7819,0.0066,-0.0066,15.342,,,2019-04-16,2019-03,2019-04-18,1.0,0.0,0.0,0.0,0.0,0.0,0.0
28653,Kepler-535 b,Kepler-535,b,,,TIC 351192037,Gaia DR2 2134893660047959040,Gaia DR3 2134893660047959040,0,1,1,0,0,Transit,2016,<a refstr=MORTON_ET_AL__2016 href=https://ui.adsabs.harvard.edu/abs/2016ApJ...822...86M/abstract target=ref>Morton et al. 2016</a>,2016-05,Space,Kepler,0.95 m Kepler Telescope,Kepler CCD Array,0.0,0.0,0.0,1.0,0.0,0.0,0.0,0.0,0.0,0.0,Published Confirmed,0.0,<a refstr=BERGER_ET_AL__2018 href=https://ui.adsabs.harvard.edu/abs/2018ApJ...866...99B/abstract target=ref>Berger et al. 2018</a>,,,,,,,,,2.361,0.112,-0.1,0.0,0.21063431,0.00999197,-0.0089214,0.0,,,,,,,,,,,,,,,,,,,,,,,,,,,,,,,,,,,,,,,,,,601.891,15.029,-14.566,0.0,,,,,,,,,,,,,,0.0,,,,,,,,,,,,,,,,,,,,,,,,,,,,,,,,,,,,,,,,,,,,,<a refstr=BERGER_ET_AL__2018 href=https://ui.adsabs.harvard.edu/abs/2018ApJ...866...99B/abstract target=ref>Berger et al. 2018</a>,,6128.0,123.0,-123.0,0.0,1.295,0.055,-0.053,0.0,,,,,,,,,,,,,,,,,,,,,,,,,,,,,,,,,,,,,,<a refstr=STASSUN_ET_AL__2019 href=https://ui.adsabs.harvard.edu/abs/2019AJ....158..138S/abstract target=ref>TICv8</a>,19h46m16.00s,296.5666587,+49d41m46.23s,49.6961742,12.20039,82.92057,68.40776,321.82081,15.4864364,0.024702,-0.024702,-0.218141,0.0260199,-0.0260199,-15.4849,0.0247017,-0.0247017,685.599,5.968,-5.868,1.42973,0.0124949,-0.0124949,13.851,0.105,-0.105,13.209,0.092,-0.092,12.141,0.024,-0.024,11.915,0.031,-0.031,11.845,0.019,-0.019,,,,,,,,,,,,,,,,11.739,0.022,-0.022,11.791,0.02,-0.02,11.832,0.171,-0.171,9.495,,,13.1197,0.000254,-0.000254,,,,12.717,0.009,-0.009,13.174,,,2018-09-04,2018-10,2018-09-06,1.0,0.0,0.0,0.0,0.0,0.0,0.0
36932,TOI-4184 b,TOI-4184,b,,,TIC 394357918,Gaia DR2 4620574887039870720,Gaia DR3 4620574887039870720,1,1,1,0,0,Transit,2023,<a refstr=BARKAOUI_ET_AL__2023 href=https://ui.adsabs.harvard.edu/abs/2023arXiv230615095B/abstract target=ref>Barkaoui et al. 2023</a>,2023-06,Space,Transiting Exoplanet Survey Satellite (TESS),0.1 m TESS Telescope,TESS CCD Array,0.0,0.0,0.0,1.0,0.0,0.0,0.0,0.0,0.0,0.0,Published Confirmed,0.0,<a refstr=BARKAOUI_ET_AL__2023 href=https://ui.adsabs.harvard.edu/abs/2023arXiv230615095B/abstract target=ref>Barkaoui et al. 2023</a>,4.9019804,5.2e-06,-5.2e-06,0.0,0.0336,0.0015,-0.0015,0.0,2.43,0.21,-0.21,0.0,0.21679045,0.01873498,-0.01873498,0.0,,,,,,,,,,,,,,,,,,,,,,,,,,,,,,,,,,,,,,,,,,4.8,0.4,-0.4,0.0,412.0,8.0,-8.0,0.0,89.43,0.16,-0.16,0.0,2459483.65667,0.00023,-0.00023,0.0,BJD-TDB,0.0,0.306,0.061,-0.061,0.0,0.9115,0.0937,-0.1,0.0,1.3,0.02,-0.02,0.0,30.79,0.96,-0.96,0.0,,,,,,,,,,,,,,,,,,,,,,,,,,,,,<a refstr=BARKAOUI_ET_AL__2023 href=https://ui.adsabs.harvard.edu/abs/2023arXiv230615095B/abstract target=ref>Barkaoui et al. 2023</a>,M5.5+/-0.5,3238.0,48.0,-49.0,0.0,0.2347,0.015,-0.015,0.0,0.2109,0.029,-0.026,0.0,-0.27,0.09,-0.09,0.0,[Fe/H],-2.2644,0.06098,-0.0635,0.0,5.01,0.04,-0.04,0.0,6.7,4.9,-4.7,0.0,23.008365,1.762283,-1.536711,0.0,,,,,,,,,,,,,<a refstr=STASSUN_ET_AL__2019 href=https://ui.adsabs.harvard.edu/abs/2019AJ....158..138S/abstract target=ref>TICv8</a>,02h55m18.83s,43.8284749,-79d24m52.93s,-79.4147039,-36.04411,296.2183,-72.26412,295.78342,183.6212286,0.1180391,-0.1180391,79.0485,0.151498,-0.151498,165.735,0.109003,-0.109003,69.3649,0.3243,-0.3215,14.3881,0.0666086,-0.0666086,,,,17.12,0.2,-0.2,12.617,0.023,-0.023,12.111,0.026,-0.026,11.867,0.025,-0.025,,,,,,,,,,,,,,,,11.685,0.023,-0.023,11.472,0.02,-0.02,11.371,0.12,-0.12,8.93,,,15.5939,0.000791,-0.000791,,,,14.2612,0.007433,-0.007433,,,,2023-07-25,2023-06,2023-07-25,1.0,0.0,0.0,0.0,0.0,0.0,0.0
37075,TOI-512 b,TOI-512,b,,,TIC 119292328,Gaia DR2 5574111674620962688,Gaia DR3 5574111674620962688,0,1,1,0,0,Transit,2025,<a refstr=RODRIGUES_ET_AL__2025 href=https://ui.adsabs.harvard.edu/abs/2025arXiv250214472R/abstract target=ref>Rodrigues et al. 2025</a>,2025-02,Space,Transiting Exoplanet Survey Satellite (TESS),0.1 m TESS Telescope,TESS CCD Array,1.0,0.0,0.0,1.0,0.0,0.0,0.0,0.0,0.0,0.0,TESS Project Candidate,0.0,<a refstr=EXOFOP_TESS_TOI href=https://exofop.ipac.caltech.edu/tess/view_toi.php target=ref>ExoFOP-TESS TOI</a>,7.18873321304,4.510526e-05,-4.510526e-05,0.0,,,,,1.52545823,1.1745087,-1.1745087,0.0,0.1360925,0.10478283,-0.10478283,0.0,,,,,,,,,,,,,,,,,,,,,,,,,,,,,,,,,,,,,,,,,,112.4619,,,0.0,830.56,,,0.0,,,,,2458471.218204,0.00211859,-0.00211859,0.0,BJD,0.0,,,,,0.0285258,0.00241536,-0.00241536,0.0,2.9505752,0.4082451,-0.4082451,0.0,,,,,,,,,,,,,,,,,,,,,,,,,,,,,,,,,<a refstr=EXOFOP_TESS_TOI href=https://exofop.ipac.caltech.edu/tess/view_toi.php target=ref>ExoFOP-TESS TOI</a>,,5581.0,187.0,-187.0,0.0,0.882675,0.048995,-0.048995,0.0,,,,,,,,,,,,,,4.52166,0.26533,-0.26533,0.0,,,,,,,,,,,,,,,,,,,,,<a refstr=STASSUN_ET_AL__2019 href=https://ui.adsabs.harvard.edu/abs/2019AJ....158..138S/abstract target=ref>TICv8</a>,06h26m35.21s,96.6467023,-38d36m25.95s,-38.6072095,-21.08722,246.56423,-61.79219,101.0282,109.0603908,0.0438616,-0.0438616,3.00441,0.0422655,-0.0422655,-109.019,0.0438628,-0.0438628,67.3975,0.1168,-0.1163,14.8084,0.0254706,-0.0254706,10.511,0.053,-0.053,9.735,0.004,-0.004,8.26,0.02,-0.02,7.937,0.057,-0.057,7.797,0.021,-0.021,,,,,,,,,,,,,,,,7.757,0.025,-0.025,7.82,0.02,-0.02,7.785,0.017,-0.017,7.868,0.142,-0.142,9.48032,0.000241,-0.000241,,,,8.9767,0.006,-0.006,,,,2025-02-24,2017-07,2025-02-24,0.0,0.0,0.0,0.0,0.0,0.0,0.0
20234,Kepler-216 b,Kepler-216,b,,,TIC 270698499,Gaia DR2 2128067720065692672,Gaia DR3 2128067720065692672,0,1,2,0,0,Transit,2014,<a refstr=ROWE_ET_AL__2014 href=https://ui.adsabs.harvard.edu/abs/2014ApJ...784...45R/abstract target=ref> Rowe et al. 2014</a>,2014-03,Space,Kepler,0.95 m Kepler Telescope,Kepler CCD Array,0.0,0.0,0.0,1.0,0.0,0.0,0.0,0.0,0.0,0.0,Published Confirmed,0.0,<a refstr=BERGER_ET_AL__2018 href=https://ui.adsabs.harvard.edu/abs/2018ApJ...866...99B/abstract target=ref>Berger et al. 2018</a>,,,,,,,,,2.765,0.139,-0.142,0.0,0.24667678,0.01240075,-0.01266839,0.0,,,,,,,,,,,,,,,,,,,,,,,,,,,,,,,,,,,,,,,,,,540.034,22.77,-21.718,0.0,,,,,,,,,,,,,,0.0,,,,,,,,,,,,,,,,,,,,,,,,,,,,,,,,,,,,,,,,,,,,,<a refstr=BERGER_ET_AL__2018 href=https://ui.adsabs.harvard.edu/abs/2018ApJ...866...99B/abstract target=ref>Berger et al. 2018</a>,,6119.0,122.0,-122.0,0.0,1.589,0.073,-0.07,0.0,,,,,,,,,,,,,,,,,,,,,,,,,,,,,,,,,,,,,,<a refstr=STASSUN_ET_AL__2019 href=https://ui.adsabs.harvard.edu/abs/2019AJ....158..138S/abstract target=ref>TICv8</a>,19h34m54.74s,293.7280695,+46d07m44.81s,46.1291139,12.26418,78.78512,66.03385,313.35389,7.7410581,0.0283169,-0.0283169,-4.91741,0.0277447,-0.0277447,-5.97855,0.0286976,-0.0286976,1187.47,21.42,-21.42,0.813376,0.0150708,-0.0150708,14.689,0.031,-0.031,14.054,0.195,-0.195,12.956,0.021,-0.021,12.695,0.022,-0.022,12.621,0.021,-0.021,,,,,,,,,,,,,,,,12.631,0.025,-0.025,12.639,0.024,-0.024,12.83,,,9.335,,,13.9607,0.000231,-0.000231,,,,13.5496,0.0081,-0.0081,13.998,,,2018-09-04,2018-10,2018-09-06,1.0,0.0,0.0,0.0,0.0,0.0,0.0
735,GJ 436 b,GJ 436,b,,HIP 57087,TIC 138819293,Gaia DR2 4017860992519744384,Gaia DR3 4017860992519744384,0,1,1,0,0,Radial Velocity,2004,<a refstr=BUTLER_ET_AL__2004 href=https://ui.adsabs.harvard.edu/abs/2004ApJ...617..580B/abstract target=ref> Butler et al. 2004 </a>,2004-12,Ground,W. M. Keck Observatory,10 m Keck I Telescope,HIRES Spectrometer,1.0,0.0,0.0,1.0,0.0,0.0,0.0,0.0,0.0,0.0,Published Confirmed,0.0,<a refstr=SOUTHWORTH_2010 href=https://ui.adsabs.harvard.edu/abs/2010MNRAS.408.1689S/abstract target=ref> Southworth 2010 </a>,2.64389524,7.6e-07,-7.6e-07,0.0,0.02887,0.00096,-0.00096,0.0,4.091285,0.201762,-0.201762,0.0,0.365,0.018,-0.018,0.0,23.424071,1.716282,-1.716282,0.0,0.0737,0.0054,-0.0054,0.0,,,,,,,,,,,,,,,,,23.424071,1.716282,-1.716282,0.0,0.0737,0.0054,-0.0054,0.0,Mass,2.01,0.25,-0.25,0.0,,,,,,,,,669.0,22.0,-22.0,0.0,86.43,0.18,-0.18,0.0,,,,,,0.0,,,,,,,,,,,,,13.68,0.525,-0.487,0.0,,,,,,,,,,,,,,,,,18.34,0.52,-0.52,0.0,,,,,,,,,<a refstr=SOUTHWORTH_2010 href=https://ui.adsabs.harvard.edu/abs/2010MNRAS.408.1689S/abstract target=ref> Southworth 2010 </a>,,3500.0,100.0,-100.0,0.0,0.454,0.029,-0.029,0.0,0.459,0.046,-0.046,0.0,-0.03,0.2,-0.2,0.0,[Fe/H],,,,,4.787,0.03,-0.03,0.0,,,,,6.93,0.77,-0.77,0.0,,,,,,,,,,,,,<a refstr=STASSUN_ET_AL__2019 href=https://ui.adsabs.harvard.edu/abs/2019AJ....158..138S/abstract target=ref>TICv8</a>,11h42m12.13s,175.5505363,+26d42m11.04s,26.7030669,74.57238,210.55638,22.62623,164.77523,1209.8576781,0.1257212,-0.1257212,895.047,0.127887,-0.127887,-814.031,0.123052,-0.123052,9.75321,0.00898,-0.00896,102.501,0.0935902,-0.0935902,12.058,0.21,-0.21,10.67,0.1,-0.1,6.9,0.024,-0.024,6.319,0.023,-0.023,6.073,0.016,-0.016,15.9785,0.0088957,-0.0088957,11.8123,0.0012887,-0.0012887,10.0822,0.0008513,-0.0008513,8.92183,0.0007445,-0.0007445,8.6612,0.0016192,-0.0016192,,,,,,,,,,,,,9.57148,0.000934,-0.000934,,,,8.40346,0.0074853,-0.0074853,,,,2016-01-12,2010-11,2016-01-14,0.0,60.0,5.0,4.0,8.0,2.0,0.0
23924,Kepler-318 b,Kepler-318,b,,,TIC 274198407,Gaia DR2 2085559604106082688,Gaia DR3 2085559604106082688,0,1,2,0,0,Transit,2014,<a refstr=ROWE_ET_AL__2014 href=https://ui.adsabs.harvard.edu/abs/2014ApJ...784...45R/abstract target=ref> Rowe et al. 2014</a>,2014-03,Space,Kepler,0.95 m Kepler Telescope,Kepler CCD Array,0.0,0.0,0.0,1.0,0.0,0.0,0.0,0.0,0.0,0.0,TESS Project Candidate,0.0,<a refstr=EXOFOP_TESS_TOI href=https://exofop.ipac.caltech.edu/tess/view_toi.php target=ref>ExoFOP-TESS TOI</a>,4.66263198182,3.167793e-05,-3.167793e-05,0.0,,,,,4.47852383,0.9174772,-0.9174772,0.0,0.39954782,0.08185197,-0.08185197,0.0,,,,,,,,,,,,,,,,,,,,,,,,,,,,,,,,,,,,,,,,,,318.2144,,,0.0,1077.21,,,0.0,,,,,2459419.9931,0.00314159,-0.00314159,0.0,BJD,0.0,,,,,0.19433493,0.02307512,-0.02307512,0.0,2.8167212,0.4845315,-0.4845315,0.0,,,,,,,,,,,,,,,,,,,,,,,,,,,,,,,,,<a refstr=EXOFOP_TESS_TOI href=https://exofop.ipac.caltech.edu/tess/view_toi.php target=ref>ExoFOP-TESS TOI</a>,,5940.12,103.82,-103.82,0.0,0.948492,0.044603,-0.044603,0.0,,,,,,,,,,,,,,4.51943,0.076892,-0.076892,0.0,,,,,,,,,,,,,,,,,,,,,<a refstr=STASSUN_ET_AL__2019 href=https://ui.adsabs.harvard.edu/abs/2019AJ....158..138S/abstract target=ref>TICv8</a>,19h53m55.88s,298.4828337,+46d47m37.09s,46.7936357,9.68715,80.95199,65.2458,321.23256,3.4624869,0.0252068,-0.0252068,1.84389,0.0243739,-0.0243739,2.93068,0.025529,-0.025529,489.141,3.239,-3.198,2.01555,0.0133502,-0.0133502,14.173,0.04,-0.04,13.442,0.114,-0.114,12.148,0.02,-0.02,11.832,0.018,-0.018,11.766,0.018,-0.018,,,,,,,,,,,,,,,,11.728,0.023,-0.023,11.796,0.021,-0.021,11.842,0.15,-0.15,8.772,,,13.281,0.000352,-0.000352,,,,12.7994,0.0061,-0.0061,13.297,,,2025-06-11,2017-07,2025-06-11,1.0,0.0,0.0,0.0,0.0,0.0,0.0
8561,Kepler-110 c,Kepler-110,c,,,TIC 26751563,Gaia DR2 2128925579652377472,Gaia DR3 2128925579652377472,1,1,2,0,0,Transit,2014,<a refstr=ROWE_ET_AL__2014 href=https://ui.adsabs.harvard.edu/abs/2014ApJ...784...45R/abstract target=ref> Rowe et al. 2014</a>,2014-03,Space,Kepler,0.95 m Kepler Telescope,Kepler CCD Array,0.0,0.0,0.0,1.0,0.0,0.0,0.0,0.0,0.0,0.0,Published Confirmed,0.0,<a refstr=ROWE_ET_AL__2014 href=https://ui.adsabs.harvard.edu/abs/2014ApJ...784...45R/abstract target=ref> Rowe et al. 2014</a>,31.719775,0.000104,-0.000104,0.0,0.198,,,0.0,2.21,0.44,-0.44,0.0,0.197,0.039,-0.039,0.0,,,,,,,,,,,,,,,,,,,,,,,,,,,,,,,,,,,,,,,,,,,,,,,,,,,,,,2454975.82056,0.00177,-0.00177,0.0,BJD,1.0,0.01,0.2,-0.2,0.0,,,,,4.823,0.053,-0.053,0.0,,,,,,,,,,,,,,,,,,,,,,,,,,,,,,,,,<a refstr=ROWE_ET_AL__2014 href=https://ui.adsabs.harvard.edu/abs/2014ApJ...784...45R/abstract target=ref> Rowe et al. 2014</a>,,5960.0,153.0,-153.0,0.0,1.149,0.228,-0.228,0.0,,,,,,,,,,,,,,4.327,0.15,-0.15,0.0,,,,,,,,,,,,,,,,,,,,,<a refstr=STASSUN_ET_AL__2019 href=https://ui.adsabs.harvard.edu/abs/2019AJ....158..138S/abstract target=ref>TICv8</a>,19h31m43.00s,292.9291693,+48d36m10.19s,48.6028303,13.83649,80.82269,68.51286,314.69173,6.9155663,0.0411063,-0.0411063,5.51825,0.041481,-0.041481,4.16821,0.0404411,-0.0404411,586.531,8.215,-7.995,1.67638,0.0233787,-0.0233787,13.69,0.117,-0.117,13.003,0.103,-0.103,11.919,0.021,-0.021,11.658,0.019,-0.019,11.623,0.019,-0.019,,,,,,,,,,,,,,,,11.561,0.023,-0.023,11.594,0.021,-0.021,11.293,0.082,-0.082,9.74,,,12.902,0.000327,-0.000327,,,,12.5047,0.0066,-0.0066,12.935,,,2014-05-14,2014-03,2014-05-14,1.0,0.0,0.0,0.0,0.0,0.0,0.0
7238,Kepler-102 d,Kepler-102,d,,,TIC 123357864,Gaia DR2 2119583201145735808,Gaia DR3 2119583201145735808,0,1,5,0,0,Transit,2014,<a refstr=MARCY_ET_AL__2014 href=https://ui.adsabs.harvard.edu/abs/2014ApJS..210...20M/abstract target=ref> Marcy et al. 2014 </a>,2014-02,Space,Kepler,0.95 m Kepler Telescope,Kepler CCD Array,1.0,0.0,0.0,1.0,0.0,0.0,0.0,0.0,0.0,0.0,Kepler Project Candidate (q1_q17_dr24_koi),0.0,<a refstr=Q1_Q17_DR24_KOI_TABLE href=https://exoplanetarchive.ipac.caltech.edu/docs/Kepler_KOI_docs.html target=ref>Q1-Q17 DR24 KOI Table</a>,10.31173752,1.028e-05,-1.028e-05,0.0,0.0837,,,0.0,1.4,0.05,-0.08,0.0,0.12489985,0.00446071,-0.00713713,0.0,,,,,,,,,,,,,,,,,,,,,,,,,,,,,,,,,,,,,,0.0,,,0.0,39.04,6.94,-6.83,0.0,638.0,,,0.0,87.09,,,0.0,2454967.080534,0.000837,-0.000837,0.0,BJD,0.0,0.7672,0.0352,-0.5593,0.0,0.02823,0.00031,-0.00031,0.0,3.205,0.0312,-0.0312,0.0,16.43,6.8,-6.8,0.0,0.016946,0.000248,-0.001843,0.0,,,,,,,,,,,,0.0,,,,,,,,,,,,,<a refstr=Q1_Q17_DR24_KOI_TABLE href=https://exoplanetarchive.ipac.caltech.edu/docs/Kepler_KOI_docs.html target=ref>Q1-Q17 DR24 KOI Table</a>,,4812.0,101.0,-93.0,0.0,0.755,0.031,-0.042,0.0,0.734,0.048,-0.029,0.0,0.02,0.16,-0.16,0.0,[Fe/H],,,,,4.548,0.042,-0.019,0.0,,,,0.0,0.78884,1.63094,-0.22293,0.0,,,,,,,,,,,,,<a refstr=STASSUN_ET_AL__2019 href=https://ui.adsabs.harvard.edu/abs/2019AJ....158..138S/abstract target=ref>TICv8</a>,18h45m55.79s,281.4824731,+47d12m28.17s,47.2078263,20.43475,76.48359,69.73274,292.97567,59.6152716,0.0378338,-0.0378338,-41.1425,0.0401838,-0.0401838,-43.1425,0.035562,-0.035562,107.796,0.22,-0.219,9.24784,0.018766,-0.018766,12.58,0.396,-0.396,12.072,0.027,-0.027,9.984,0.023,-0.023,9.446,0.018,-0.018,9.351,0.011,-0.011,,,,,,,,,,,,,,,,9.307,0.023,-0.023,9.378,0.021,-0.021,9.283,0.033,-0.033,9.033,0.342,-0.342,11.4784,0.000248,-0.000248,,,,10.8515,0.006,-0.006,11.492,,,2015-08-25,2015-09-24,2015-08-25,1.0,0.0,0.0,0.0,0.0,2.0,0.0
1764,HATS-55 b,HATS-55,b,,,TIC 114299824,Gaia DR2 5592019557950033536,Gaia DR3 5592019557950033536,0,1,1,0,0,Transit,2019,<a refstr=ESPINOZA_ET_AL__2019 href=https://ui.adsabs.harvard.edu/abs/2019AJ....158...63E/abstract target=ref>Espinoza et al. 2019</a>,2019-08,Ground,HATSouth,0.18 m Takahashi Epsilon Astrograph,Apogee 4K CCD Sensor,1.0,0.0,0.0,1.0,0.0,0.0,0.0,0.0,0.0,0.0,Published Confirmed,0.0,<a refstr=PATEL__AMP__ESPINOZA_2022 href=https://ui.adsabs.harvard.edu/abs/2022AJ....163..228P/abstract target=ref>Patel &amp; Espinoza 2022</a>,4.2042001,3e-06,-2.9e-06,0.0,,,,,,,,,,,,,,,,,,,,,,,,,,,,,,,,,,,,,,,,,,,,,,,,,,,,,,,,,,,,,,,,,,2459237.7473,0.0011,-0.0012,0.0,BJD,0.0,0.48,0.21,-0.28,0.0,,,,,,,,,12.43,1.55,-2.12,0.0,0.1237,0.0073,-0.0059,0.0,,,,,,,,,,,,,,,,,,,,,,,,,<a refstr=ESPINOZA_ET_AL__2019 href=https://ui.adsabs.harvard.edu/abs/2019AJ....158...63E/abstract target=ref>Espinoza et al. 2019</a>,,6214.0,36.0,-36.0,0.0,1.126,0.011,-0.011,0.0,1.1955,0.0091,-0.0119,0.0,0.108,0.046,-0.03,0.0,[Fe/H],0.22891,0.01363,-0.01407,0.0,4.4121,0.007,-0.007,0.0,0.4,0.29,-0.13,0.0,1.179,0.029,-0.029,0.0,5.01,0.15,-0.15,0.0,,,,,-2.9199,0.0064,-0.0064,0.0,<a refstr=STASSUN_ET_AL__2019 href=https://ui.adsabs.harvard.edu/abs/2019AJ....158..138S/abstract target=ref>TICv8</a>,07h37m08.01s,114.2833819,-32d45m19.51s,-32.7554188,-5.65081,247.00209,-53.25778,125.31641,6.3053656,0.0257997,-0.0257997,-6.283,0.0257619,-0.0257619,0.53061,0.0306365,-0.0306365,609.838,6.099,-5.982,1.61104,0.0161191,-0.0161191,14.111,0.022,-0.022,13.525,0.08,-0.08,12.338,0.026,-0.026,12.048,0.04,-0.04,12.02,0.041,-0.041,,,,,,,,,,,,,,,,11.578,0.019,-0.019,11.601,0.02,-0.02,11.644,0.205,-0.205,9.318,,,13.3498,0.00026,-0.00026,,,,12.9264,0.0061,-0.0061,,,,2022-05-03,2022-05,2022-05-03,0.0,0.0,0.0,0.0,0.0,0.0,0.0
4521,K2-148 b,K2-148,b,,,TIC 423358488,Gaia DR2 2536443724641751808,Gaia DR3 2536443724641751808,1,2,3,0,0,Transit,2018,<a refstr=HIRANO_ET_AL__2018 href=https://ui.adsabs.harvard.edu/abs/2018AJ....155..127H/abstract target=ref>Hirano et al. 2018</a>,2018-03,Space,K2,0.95 m Kepler Telescope,Kepler CCD Array,0.0,0.0,0.0,1.0,0.0,0.0,0.0,0.0,0.0,0.0,Published Confirmed,0.0,<a refstr=HIRANO_ET_AL__2018 href=https://ui.adsabs.harvard.edu/abs/2018AJ....155..127H/abstract target=ref>Hirano et al. 2018</a>,4.38395,0.0008,-0.0008,0.0,0.0454,0.0014,-0.0014,0.0,1.33,0.19,-0.18,0.0,0.11865465,0.01695066,-0.01605852,0.0,,,,,,,,,,,,,,,,,,,,,,,,,,,,,,,,,,,,,,,,,,48.8,11.0,-11.0,0.0,,,,,,,,,2457390.05956,0.00961,-0.00961,0.0,BJD,0.0,,,,,,,,,,,,,16.7,3.2,-4.5,0.0,0.0193,0.0021,-0.0019,0.0,,,,,,,,,,,,,,,,,,,,,,,,,<a refstr=HIRANO_ET_AL__2018 href=https://ui.adsabs.harvard.edu/abs/2018AJ....155..127H/abstract target=ref>Hirano et al. 2018</a>,,4079.0,70.0,-70.0,0.0,0.632,0.063,-0.063,0.0,0.65,0.061,-0.061,0.0,-0.11,0.12,-0.12,0.0,[Fe/H],-0.99568,0.08558,-0.10669,0.0,4.653,0.051,-0.051,0.0,,,,,,,,,,,,,,,,,,,,,<a refstr=STASSUN_ET_AL__2019 href=https://ui.adsabs.harvard.edu/abs/2019AJ....158..138S/abstract target=ref>TICv8</a>,00h58m04.24s,14.5176494,-00d11m35.73s,-0.193258,-63.0179,126.58855,-5.9009,13.28542,45.3227041,0.0747283,-0.0747283,-38.6993,0.0830732,-0.0830732,-23.5905,0.0451724,-0.0451724,124.458,0.626,-0.619,8.00615,0.0399039,-0.0399039,14.904,0.088,-0.088,13.627,0.103,-0.103,11.082,0.024,-0.024,10.457,0.027,-0.027,10.292,0.025,-0.025,,,,,,,,,,,,,,,,10.214,0.024,-0.024,10.257,0.022,-0.022,10.163,0.08,-0.08,8.435,,,13.0599,0.00078,-0.00078,,,,12.2481,0.0062,-0.0062,12.975,,,2018-02-01,2018-03,2018-02-01,3.0,0.0,0.0,0.0,0.0,0.0,0.0
8500,Kepler-11 e,Kepler-11,e,,,TIC 169175503,Gaia DR2 2076960598545789824,Gaia DR3 2076960598545789824,0,1,6,0,0,Transit,2010,<a refstr=LISSAUER_ET_AL__2011 href=https://ui.adsabs.harvard.edu/abs/2011Natur.470...53L/abstract target=ref> Lissauer et al. 2011 </a>,2011-02,Space,Kepler,0.95 m Kepler Telescope,Kepler CCD Array,1.0,0.0,0.0,1.0,0.0,0.0,0.0,0.0,0.0,0.0,Kepler Project Candidate (q1_q16_koi),0.0,<a refstr=Q1_Q16_KOI_TABLE href=https://exoplanetarchive.ipac.caltech.edu/docs/Kepler_KOI_docs.html target=ref>Q1-Q16 KOI Table</a>,31.99550624,2.842e-05,-2.842e-05,0.0,0.1921,,,0.0,3.89,0.28,-0.24,0.0,0.34704315,0.02497997,-0.0214114,0.0,,,,,,,,,,,,,,,,,,,,,,,,,,,,,,,,,,,,,,0.0,,,0.0,27.17,6.53,-4.93,0.0,582.0,,,0.0,89.95,,,0.0,2454987.161494,0.000717,-0.000717,0.0,BJD,1.0,0.1117,0.2193,-0.1117,0.0,0.14107,0.00117,-0.00117,0.0,4.1363,0.0262,-0.0262,0.0,60.749,0.883,-0.883,0.0,0.034028,0.000464,-0.000245,0.0,,,,,,,,,,,,0.0,,,,,,,,,,,,,<a refstr=Q1_Q16_KOI_TABLE href=https://exoplanetarchive.ipac.caltech.edu/docs/Kepler_KOI_docs.html target=ref>Q1-Q16 KOI Table</a>,,5657.0,107.0,-101.0,0.0,1.046,0.076,-0.065,0.0,0.921,0.068,-0.052,0.0,0.0,0.14,-0.14,0.0,[Fe/H],,,,,4.364,0.051,-0.056,0.0,,,,0.0,4.14292,0.06023,-1.00368,0.0,,,,,,,,,,,,,<a refstr=STASSUN_ET_AL__2019 href=https://ui.adsabs.harvard.edu/abs/2019AJ....158..138S/abstract target=ref>TICv8</a>,19h48m27.62s,297.1150949,+41d54m32.79s,41.9091092,8.13328,76.1613,61.2022,314.75543,7.0692817,0.0287745,-0.0287745,-0.0379221,0.0253491,-0.0253491,-7.06918,0.0287746,-0.0287746,646.346,6.375,-6.375,1.51841,0.0151448,-0.0151448,14.635,0.03,-0.03,13.817,0.092,-0.092,12.548,0.024,-0.024,12.237,0.024,-0.024,12.18,0.02,-0.02,,,,,,,,,,,,,,,,12.053,0.022,-0.022,12.125,0.022,-0.022,12.119,0.191,-0.191,9.444,,,13.7062,0.000271,-0.000271,,,,13.2366,0.0167,-0.0167,13.709,,,2014-11-21,2014-12-18,2014-11-21,1.0,0.0,0.0,0.0,0.0,2.0,0.0
19455,Kepler-1985 b,Kepler-1985,b,,,TIC 270609465,Gaia DR2 2077726678964445696,,0,1,1,0,0,Transit,2023,<a refstr=VALIZADEGAN_ET_AL__2023 href=https://ui.adsabs.harvard.edu/abs/2023arXiv230502470V/abstract target=ref>Valizadegan et al. 2023</a>,2023-05,Space,Kepler,0.95 m Kepler Telescope,Kepler CCD Array,0.0,0.0,0.0,1.0,0.0,0.0,0.0,0.0,0.0,0.0,Kepler Project Candidate (q1_q17_dr24_koi),0.0,<a refstr=Q1_Q17_DR24_KOI_TABLE href=https://exoplanetarchive.ipac.caltech.edu/docs/Kepler_KOI_docs.html target=ref>Q1-Q17 DR24 KOI Table</a>,3.42063861,1.578e-05,-1.578e-05,0.0,0.0433,,,0.0,1.81,0.7,-0.16,0.0,0.16147766,0.06244992,-0.01427427,0.0,,,,,,,,,,,,,,,,,,,,,,,,,,,,,,,,,,,,,,0.0,,,0.0,354.65,424.19,-93.91,0.0,1107.0,,,0.0,89.38,,,0.0,2454965.30858,0.00422,-0.00422,0.0,BJD,0.0,0.2606,0.1996,-0.2604,0.0,0.04049,0.00283,-0.00283,0.0,1.494,0.104,-0.104,0.0,17.23,3.4,-3.4,0.0,0.01832,0.000656,-0.001131,0.0,,,,,,,,,,,,0.0,,,,,,,,,,,,,<a refstr=Q1_Q17_DR24_KOI_TABLE href=https://exoplanetarchive.ipac.caltech.edu/docs/Kepler_KOI_docs.html target=ref>Q1-Q17 DR24 KOI Table</a>,,5485.0,186.0,-156.0,0.0,0.906,0.35,-0.083,0.0,0.923,0.09,-0.073,0.0,0.1,0.22,-0.24,0.0,[Fe/H],,,,,4.49,0.056,-0.261,0.0,,,,0.0,8.26351,1.65064,-3.68127,0.0,,,,,,,,,,,,,<a refstr=STASSUN_ET_AL__2019 href=https://ui.adsabs.harvard.edu/abs/2019AJ....158..138S/abstract target=ref>TICv8</a>,19h34m15.93s,293.5663715,+42d07m57.30s,42.1325825,10.56064,75.09485,62.35974,309.72207,,,,,,,,,,,,,,,,,,,15.223,0.206,-0.206,14.068,0.033,-0.033,13.67,0.04,-0.04,13.556,0.043,-0.043,,,,,,,,,,,,,,,,13.411,0.043,-0.043,13.412,0.045,-0.045,11.786,0.181,-0.181,8.922,,,15.7053,0.013637,-0.013637,,,,15.1411,0.015,-0.015,15.472,,,2015-08-25,2015-09-24,2015-08-25,0.0,0.0,0.0,0.0,0.0,0.0,0.0
5716,K2-403 b,K2-403,b,,,TIC 365007485,Gaia DR2 3867810120985878272,Gaia DR3 3867810120985878272,0,1,1,0,0,Transit,2022,<a refstr=CHRISTIANSEN_ET_AL__2022 href=https://ui.adsabs.harvard.edu/abs/2022arXiv220302087C/abstract target=ref>Christiansen et al. 2022</a>,2022-03,Space,K2,0.95 m Kepler Telescope,Kepler CCD Array,0.0,0.0,0.0,1.0,0.0,0.0,0.0,0.0,0.0,0.0,TESS Project Candidate,0.0,<a refstr=EXOFOP_TESS_TOI href=https://exofop.ipac.caltech.edu/tess/view_toi.php target=ref>ExoFOP-TESS TOI</a>,33.5920255,0.0003531,-0.0003531,0.0,,,,,9.88421,0.974762,-0.974762,0.0,0.88181167,0.08696259,-0.08696259,0.0,,,,,,,,,,,,,,,,,,,,,,,,,,,,,,,,,,,,,,,,,,134.883,,,0.0,949.0,,,0.0,,,,,2459521.373701,0.0161377,-0.0161377,0.0,BJD,0.0,,,,,0.3352,0.157472,-0.157472,0.0,6.385,0.613,-0.613,0.0,,,,,,,,,,,,,,,,,,,,,,,,,,,,,,,,,<a refstr=EXOFOP_TESS_TOI href=https://exofop.ipac.caltech.edu/tess/view_toi.php target=ref>ExoFOP-TESS TOI</a>,,5468.0,125.9,-125.9,0.0,0.91,0.05,-0.05,0.0,,,,,,,,,,,,,,4.5,0.08,-0.08,0.0,,,,,,,,,,,,,,,,,,,,,<a refstr=STASSUN_ET_AL__2019 href=https://ui.adsabs.harvard.edu/abs/2019AJ....158..138S/abstract target=ref>TICv8</a>,10h56m45.45s,164.1893864,+09d40m26.21s,9.6739464,57.82145,240.30179,2.7133,161.71887,34.8555029,0.061258,-0.061258,-34.6477,0.0613588,-0.0613588,-3.80039,0.0522059,-0.0522059,246.599,2.561,-2.509,4.02673,0.0413669,-0.0413669,13.08,0.019,-0.019,12.305,0.046,-0.046,10.977,0.023,-0.023,10.629,0.025,-0.025,10.581,0.026,-0.026,15.2777,0.007808,-0.007808,12.7979,0.0009719,-0.0009719,12.2068,0.0008165,-0.0008165,12.0391,0.0005732,-0.0005732,13.2616,0.0080549,-0.0080549,10.516,0.023,-0.023,10.567,0.021,-0.021,10.522,0.098,-0.098,8.892,,,12.152,0.000271,-0.000271,,,,11.6575,0.0061,-0.0061,12.124,,,2024-02-05,2017-07,2024-02-05,0.0,0.0,0.0,0.0,0.0,0.0,0.0
12326,Kepler-1379 b,Kepler-1379,b,,,TIC 138296836,Gaia DR2 2077413734773457536,Gaia DR3 2077413734773457536,0,1,1,0,0,Transit,2016,<a refstr=MORTON_ET_AL__2016 href=https://ui.adsabs.harvard.edu/abs/2016ApJ...822...86M/abstract target=ref>Morton et al. 2016</a>,2016-05,Space,Kepler,0.95 m Kepler Telescope,Kepler CCD Array,0.0,0.0,0.0,1.0,0.0,0.0,0.0,0.0,0.0,0.0,Kepler Project Candidate (q1_q16_koi),0.0,<a refstr=Q1_Q16_KOI_TABLE href=https://exoplanetarchive.ipac.caltech.edu/docs/Kepler_KOI_docs.html target=ref>Q1-Q16 KOI Table</a>,0.881841146,3.128e-06,-3.128e-06,0.0,0.0171,,,0.0,1.28,0.36,-0.1,0.0,0.11419415,0.0321171,-0.00892142,0.0,,,,,,,,,,,,,,,,,,,,,,,,,,,,,,,,,,,,,,0.0,,,0.0,1418.14,1327.97,-350.24,0.0,1565.0,,,0.0,88.24,,,0.0,2454964.69064,0.00319,-0.00319,0.0,BJD,0.0,0.1448,0.3146,-0.1444,0.0,0.02779,0.0017,-0.0017,0.0,1.3051,0.0825,-0.0825,0.0,5.221,0.826,-0.826,0.0,0.01505,0.000915,-0.000414,0.0,,,,,,,,,,,,0.0,,,,,,,,,,,,,<a refstr=Q1_Q16_KOI_TABLE href=https://exoplanetarchive.ipac.caltech.edu/docs/Kepler_KOI_docs.html target=ref>Q1-Q16 KOI Table</a>,,5260.0,213.0,-163.0,0.0,0.778,0.222,-0.059,0.0,0.856,0.087,-0.091,0.0,-0.06,0.3,-0.28,0.0,[Fe/H],,,,,4.587,0.028,-0.171,0.0,,,,0.0,3.46126,0.54786,-1.51138,0.0,,,,,,,,,,,,,<a refstr=STASSUN_ET_AL__2019 href=https://ui.adsabs.harvard.edu/abs/2019AJ....158..138S/abstract target=ref>TICv8</a>,19h34m40.91s,293.6704404,+41d24m36.76s,41.4102105,10.16065,74.47828,61.65394,309.35498,10.2923884,0.0981015,-0.0981015,-1.56051,0.0827133,-0.0827133,-10.1734,0.0984346,-0.0984346,971.325,43.8825,-43.8825,1.00331,0.0460457,-0.0460457,17.116,0.069,-0.069,16.107,0.32,-0.32,14.406,0.028,-0.028,13.994,0.032,-0.032,13.8,0.053,-0.053,,,,,,,,,,,,,,,,13.699,0.026,-0.026,13.778,0.03,-0.03,12.777,,,9.124,,,15.8526,0.000701,-0.000701,,,,15.2626,0.0069,-0.0069,15.919,,,2014-11-21,2014-12-18,2014-11-21,1.0,0.0,0.0,0.0,0.0,0.0,0.0
27325,Kepler-445 c,Kepler-445,c,,,TIC 268060194,Gaia DR2 2085482775729637376,Gaia DR3 2085482775729637376,0,1,3,0,0,Transit,2015,<a refstr=MUIRHEAD_ET_AL__2015 href=https://ui.adsabs.harvard.edu/abs/2015ApJ...801...18M/abstract target=ref>Muirhead et al. 2015</a>,2015-03,Space,Kepler,0.95 m Kepler Telescope,Kepler CCD Array,0.0,0.0,0.0,1.0,0.0,0.0,0.0,0.0,0.0,0.0,Kepler Project Candidate (q1_q17_dr25_sup_koi),0.0,<a refstr=Q1_Q17_DR25_SUPPLEMENTAL_KOI_TABLE href=https://exoplanetarchive.ipac.caltech.edu/docs/Kepler_KOI_docs.html target=ref>Q1-Q17 DR25 Supplemental KOI Table</a>,4.871223664,7.688e-06,-7.688e-06,0.0,,,,0.0,,,,0.0,,,,,,,,,,,,,,,,,,,,,,,,,,,,,,,,,,,,,,,,,,,,,0.0,,,,0.0,,,,0.0,,,,0.0,2454966.64255,0.00151,-0.00151,0.0,BJD,0.0,,,,0.0,,,,0.0,,,,0.0,,,,0.0,,,,0.0,,,,,,,,,,,,0.0,,,,,,,,,,,,,<a refstr=STASSUN_ET_AL__2019 href=https://ui.adsabs.harvard.edu/abs/2019AJ....158..138S/abstract target=ref>TICv8</a>,,3143.0,157.0,-157.0,0.0,0.300604,0.009454,-0.009454,0.0,0.277306,0.020448,-0.020448,0.0,,,,,,-2.09994,0.10187,-0.13333,0.0,4.92504,0.004756,-0.004756,0.0,,,,,14.392635,0.294848,-0.294848,0.0,,,,,,,,,,,,,<a refstr=STASSUN_ET_AL__2019 href=https://ui.adsabs.harvard.edu/abs/2019AJ....158..138S/abstract target=ref>TICv8</a>,19h54m56.72s,298.7363395,+46d29m56.84s,46.4991236,9.39004,80.78005,64.90443,321.28507,138.5399643,0.1101276,-0.1101276,41.5165,0.102046,-0.102046,132.173,0.110893,-0.110893,127.201,0.995,-0.995,7.83347,0.0610546,-0.0610546,,,,18.19,0.2,-0.2,13.542,0.029,-0.029,12.929,0.035,-0.035,12.61,0.028,-0.028,,,,,,,,,,,,,,,,12.499,0.023,-0.023,12.346,0.023,-0.023,11.533,0.114,-0.114,9.356,,,16.7157,0.001083,-0.001083,,,,15.3315,0.0080896,-0.0080896,17.475,,,2018-09-25,2018-08-16,2018-09-25,2.0,0.0,0.0,0.0,0.0,0.0,0.0
35649,OGLE-2018-BLG-0596L b,OGLE-2018-BLG-0596L,b,,,,,,0,1,1,0,0,Microlensing,2019,<a refstr=JUNG_ET_AL__2019 href=https://ui.adsabs.harvard.edu/abs/2019AJ....158...28J/abstract target=ref>Jung et al. 2019</a>,2019-07,Ground,OGLE,1.3 m Warsaw University Telescope,OGLE CCD Array,0.0,0.0,0.0,0.0,0.0,0.0,1.0,0.0,0.0,0.0,Published Confirmed,0.0,<a refstr=JUNG_ET_AL__2019 href=https://ui.adsabs.harvard.edu/abs/2019AJ....158...28J/abstract target=ref>Jung et al. 2019</a>,,,,,2.77,0.37,-0.37,0.0,,,,,,,,,1.19,0.16,-0.16,0.0,0.00374,0.0005,-0.0005,0.0,,,,,,,,,,,,,,,,,1.19,0.16,-0.16,0.0,0.00374,0.0005,-0.0005,0.0,Mass,,,,,,,,,,,,,,,,,,,,,,,,,,0.0,,,,,,,,,,,,,,,,,,,,,,,,,,,,,,,,,,,,,,,,,,,,,<a refstr=JUNG_ET_AL__2019 href=https://ui.adsabs.harvard.edu/abs/2019AJ....158...28J/abstract target=ref>Jung et al. 2019</a>,,,,,,,,,,0.154,0.019,-0.019,0.0,,,,,,,,,,,,,,,,,,,,,,,,,,,,,,,,,,<a refstr=JUNG_ET_AL__2019 href=https://ui.adsabs.harvard.edu/abs/2019AJ....158...28J/abstract target=ref>Jung et al. 2019</a>,17h56m13.33s,269.0555417,-29d11m56.7s,-29.1990833,-2.12513,0.95931,-5.76252,269.16751,,,,,,,,,,5950.0,770.0,-770.0,,,,,,,,,,,,,,,,,,,,,,,,,,,,,,,,,,,,,,,,,,,,,,,,,,,,,,,,,,2019-12-05,2019-07,2019-12-05,4.0,0.0,0.0,0.0,0.0,0.0,0.0
897,GJ 9827 b,GJ 9827,b,,HIP 115752,TIC 301289516,Gaia DR2 2643842302456085888,Gaia DR3 2643842302456085888,0,1,3,0,0,Transit,2017,<a refstr=NIRAULA_ET_AL__2017 href=https://ui.adsabs.harvard.edu/abs/2017AJ....154..266N/abstract target=ref>Niraula et al. 2017</a>,2017-12,Space,K2,0.95 m Kepler Telescope,Kepler CCD Array,1.0,0.0,0.0,1.0,0.0,0.0,0.0,0.0,0.0,0.0,Published Confirmed,0.0,<a refstr=RICE_ET_AL__2019 href=https://ui.adsabs.harvard.edu/abs/2019MNRAS.484.3731R/abstract target=ref>Rice et al. 2019</a>,1.2089819,6.93e-06,-7.14e-06,0.0,0.0188,0.0002,-0.00014,0.0,1.577,0.027,-0.031,0.0,0.14069052,0.00240878,-0.00276563,0.0,4.91,0.49,-0.49,0.0,0.01544851,0.0015417,-0.0015417,0.0,,,,,,,,,,,,,,,,,4.91,0.49,-0.49,0.0,0.01544851,0.0015417,-0.0015417,0.0,Mass,6.93,0.82,-0.76,0.0,0.0,,,0.0,,,,,,,,,86.07,0.41,-0.34,0.0,2457738.82586,0.00026,-0.00026,0.0,BJD,0.0,0.4602,0.0352,-0.0443,0.0,,,,,1.2648,0.02232,-0.01992,0.0,6.719,0.08,-0.086,0.0,0.02396,0.00037,-0.00044,0.0,,,,,,,,,,,,,4.11,0.4,-0.4,0.0,,,,,,,,,<a refstr=RICE_ET_AL__2019 href=https://ui.adsabs.harvard.edu/abs/2019MNRAS.484.3731R/abstract target=ref>Rice et al. 2019</a>,,4340.0,40.0,-53.0,0.0,0.602,0.005,-0.004,0.0,0.606,0.02,-0.014,0.0,-0.26,0.09,-0.09,0.0,[M/H],,,,,4.66,0.015,-0.01,0.0,10.0,,,0.0,,,,,2.0,,,1.0,28.72,0.19,-0.19,0.0,,,,,<a refstr=STASSUN_ET_AL__2019 href=https://ui.adsabs.harvard.edu/abs/2019AJ....158..138S/abstract target=ref>TICv8</a>,23h27m05.23s,351.7717763,-01d17m07.24s,-1.2853435,-57.18299,81.34803,2.08221,351.93155,433.6784124,0.089114,-0.089114,376.019,0.0944988,-0.0944988,216.071,0.0703346,-0.0703346,29.661,0.0543,-0.0541,33.6855,0.0611343,-0.0611343,11.588,0.034,-0.034,10.37,0.03,-0.03,7.984,0.02,-0.02,7.379,0.042,-0.042,7.193,0.024,-0.024,14.7056,0.0059104,-0.0059104,11.1637,0.0005387,-0.0005387,9.90257,0.0003783,-0.0003783,13.172,0.0087852,-0.0087852,9.85039,0.0012146,-0.0012146,,,,,,,,,,,,,9.83773,0.000411,-0.000411,,,,9.0684,0.006,-0.006,10.277,,,2019-08-23,2019-04,2019-08-29,2.0,1.0,0.0,0.0,0.0,0.0,0.0
37912,WASP-140 b,WASP-140,b,,,TIC 178284730,Gaia DR2 5094154336330994688,Gaia DR3 5094154336332482304,0,2,1,0,0,Transit,2016,<a refstr=HELLIER_ET_AL__2017 href=https://ui.adsabs.harvard.edu/abs/2017MNRAS.465.3693H/abstract target=ref>Hellier et al. 2017</a>,2017-03,Ground,SuperWASP-South,Canon 200mm f/1.8L,iKon-L CCD Camera,1.0,0.0,0.0,1.0,0.0,0.0,0.0,0.0,0.0,0.0,Published Confirmed,0.0,<a refstr=IVSHINA__AMP__WINN_2022 href=https://ui.adsabs.harvard.edu/abs/2022ApJS..259...62I/abstract target=ref>Ivshina &amp; Winn 2022</a>,2.23598437,3.3e-07,-3.3e-07,0.0,,,,,,,,,,,,,,,,,,,,,,,,,,,,,,,,,,,,,,,,,,,,,,,,,,,,,,,,,,,,,,,,,,2458412.697267,7.7e-05,-7.7e-05,0.0,BJD-TDB,0.0,,,,,,,,,,,,,,,,,,,,,,,,,,,,,,,,,,,,,,,,,,,,,,,,,,,,,,,,,,,,,,,,,,,,,,,,,,,,,,,,,,,,,,,,,,,,<a refstr=STASSUN_ET_AL__2019 href=https://ui.adsabs.harvard.edu/abs/2019AJ....158..138S/abstract target=ref>TICv8</a>,04h01m32.53s,60.3855387,-20d27m03.60s,-20.4509991,-46.25415,214.79407,-40.13518,52.72239,27.5591959,0.0516764,-0.0516764,-18.6654,0.0508286,-0.0508286,20.2759,0.0523841,-0.0523841,117.598,0.601,-0.594,8.47488,0.0428674,-0.0428674,11.862,0.203,-0.203,11.118,0.014,-0.014,9.609,0.026,-0.026,9.24,0.024,-0.024,9.165,0.03,-0.03,,,,,,,,,,,,,,,,9.101,0.023,-0.023,9.15,0.02,-0.02,9.09,0.033,-0.033,8.481,,,10.8202,0.000812,-0.000812,,,,10.3074,0.0061,-0.0061,,,,2022-10-18,2022-04,2022-10-18,1.0,0.0,0.0,0.0,0.0,0.0,0.0
11904,Kepler-1346 b,Kepler-1346,b,,,TIC 63066410,Gaia DR2 2126604991642285312,Gaia DR3 2126604991642285312,0,1,1,0,0,Transit,2016,<a refstr=MORTON_ET_AL__2016 href=https://ui.adsabs.harvard.edu/abs/2016ApJ...822...86M/abstract target=ref>Morton et al. 2016</a>,2016-05,Space,Kepler,0.95 m Kepler Telescope,Kepler CCD Array,0.0,0.0,0.0,1.0,0.0,0.0,0.0,0.0,0.0,0.0,Kepler Project Candidate (q1_q17_dr25_sup_koi),0.0,<a refstr=Q1_Q17_DR25_SUPPLEMENTAL_KOI_TABLE href=https://exoplanetarchive.ipac.caltech.edu/docs/Kepler_KOI_docs.html target=ref>Q1-Q17 DR25 Supplemental KOI Table</a>,3.40165617,1.121e-05,-1.121e-05,0.0,,,,0.0,,,,0.0,,,,,,,,,,,,,,,,,,,,,,,,,,,,,,,,,,,,,,,,,,,,,0.0,,,,0.0,,,,0.0,,,,0.0,2454965.06195,0.00258,-0.00258,0.0,BJD,0.0,,,,0.0,,,,0.0,,,,0.0,,,,0.0,,,,0.0,,,,,,,,,,,,0.0,,,,,,,,,,,,,<a refstr=STASSUN_ET_AL__2019 href=https://ui.adsabs.harvard.edu/abs/2019AJ....158..138S/abstract target=ref>TICv8</a>,,5679.72,144.57,-144.57,0.0,1.02322,,,0.0,1.01,,,0.0,-0.2,0.137,-0.137,0.0,[M/H],-0.00806,,,0.0,4.42245,,,0.0,,,,,1.329184,,,0.0,,,,,,,,,,,,,<a refstr=STASSUN_ET_AL__2019 href=https://ui.adsabs.harvard.edu/abs/2019AJ....158..138S/abstract target=ref>TICv8</a>,19h27m21.92s,291.841341,+45d10m45.07s,45.179185,13.03191,77.31702,65.65034,309.49412,5.9811973,0.0330945,-0.0330945,5.34773,0.0321978,-0.0321978,2.6789,0.0364495,-0.0364495,843.701,13.201,-13.201,1.15658,0.0184017,-0.0184017,15.315,0.104,-0.104,14.625,0.126,-0.126,13.392,0.029,-0.029,13.093,0.032,-0.032,13.107,0.036,-0.036,,,,,,,,,,,,,,,,13.003,0.024,-0.024,13.055,0.025,-0.025,12.586,,,8.945,,,14.462,0.000314,-0.000314,,,,14.0213,0.0074,-0.0074,14.497,,,2018-09-25,2018-08-16,2018-09-25,1.0,0.0,0.0,0.0,0.0,0.0,0.0
18695,Kepler-1909 b,Kepler-1909,b,,,TIC 159573063,Gaia DR2 2101944835616987136,Gaia DR3 2101944835616987136,0,1,1,0,0,Transit,2021,<a refstr=VALIZADEGAN_ET_AL__2022 href=https://ui.adsabs.harvard.edu/abs/2022ApJ...926..120V/abstract target=ref>Valizadegan et al. 2022</a>,2022-02,Space,Kepler,0.95 m Kepler Telescope,Kepler CCD Array,0.0,0.0,0.0,1.0,0.0,0.0,0.0,0.0,0.0,0.0,Kepler Project Candidate (q1_q17_dr24_koi),0.0,<a refstr=Q1_Q17_DR24_KOI_TABLE href=https://exoplanetarchive.ipac.caltech.edu/docs/Kepler_KOI_docs.html target=ref>Q1-Q17 DR24 KOI Table</a>,2.39162484,1.216e-05,-1.216e-05,0.0,0.0306,,,0.0,0.96,0.12,-0.09,0.0,0.08564561,0.0107057,-0.00802928,0.0,,,,,,,,,,,,,,,,,,,,,,,,,,,,,,,,,,,,,,0.0,,,0.0,266.01,116.65,-69.86,0.0,1030.0,,,0.0,89.95,,,0.0,2454966.07853,0.00381,-0.00381,0.0,BJD,0.0,0.0366,0.4109,-0.0366,0.0,0.02055,0.00183,-0.00183,0.0,1.916,0.123,-0.123,0.0,9.669,0.598,-0.598,0.0,0.012801,0.000981,-0.0005,0.0,,,,,,,,,,,,0.0,,,,,,,,,,,,,<a refstr=Q1_Q17_DR24_KOI_TABLE href=https://exoplanetarchive.ipac.caltech.edu/docs/Kepler_KOI_docs.html target=ref>Q1-Q17 DR24 KOI Table</a>,,4935.0,156.0,-132.0,0.0,0.685,0.087,-0.064,0.0,0.663,0.098,-0.044,0.0,-0.42,0.34,-0.28,0.0,[Fe/H],,,,,4.589,0.06,-0.056,0.0,,,,0.0,2.98934,0.18487,-1.50704,0.0,,,,,,,,,,,,,<a refstr=STASSUN_ET_AL__2019 href=https://ui.adsabs.harvard.edu/abs/2019AJ....158..138S/abstract target=ref>TICv8</a>,19h23m33.46s,290.889409,+42d27m34.65s,42.4596251,12.48017,74.49731,63.32116,305.86188,11.0232962,0.0569354,-0.0569354,9.11956,0.0575696,-0.0575696,-6.19247,0.0555352,-0.0555352,763.662,17.9405,-17.9405,1.28138,0.0305134,-0.0305134,16.994,0.095,-0.095,15.933,0.263,-0.263,14.223,0.027,-0.027,13.649,0.028,-0.028,13.558,0.037,-0.037,,,,,,,,,,,,,,,,13.509,0.024,-0.024,13.532,0.03,-0.03,11.997,0.21,-0.21,9.218,,,15.7907,0.000477,-0.000477,,,,15.1708,0.0079,-0.0079,15.738,,,2015-08-25,2015-09-24,2015-08-25,0.0,0.0,0.0,0.0,0.0,0.0,0.0
21110,Kepler-238 f,Kepler-238,f,,,TIC 121460918,Gaia DR2 2100624562669914240,Gaia DR3 2100624562669914240,0,1,5,0,0,Transit,2013,<a refstr=XIE_2014 href=https://ui.adsabs.harvard.edu/abs/2014ApJS..210...25X/abstract target=ref>Xie 2014</a>,2014-02,Space,Kepler,0.95 m Kepler Telescope,Kepler CCD Array,0.0,0.0,0.0,1.0,0.0,0.0,0.0,0.0,0.0,0.0,Published Candidate,0.0,<a refstr=FULTON__AMP__PETIGURA_2018 href=https://ui.adsabs.harvard.edu/abs/2018AJ....156..264F/abstract target=ref>Fulton &amp; Petigura 2018</a>,50.4473156,0.0007228,-0.0007228,0.0,0.28635,0.00381,-0.00381,0.0,3.481,0.414,-0.414,0.0,0.31055455,0.03693467,-0.03693467,0.0,,,,,,,,,,,,,,,,,,,,,,,,,,,,,,,,,,,,,,,,,,30.4,3.2,-3.2,0.0,,,,,,,,,,,,,,1.0,,,,,,,,,,,,,,,,,0.020445,0.002503,-0.001917,0.0,,,,,,,,,,,,,,,,,,,,,,,,,<a refstr=FULTON__AMP__PETIGURA_2018 href=https://ui.adsabs.harvard.edu/abs/2018AJ....156..264F/abstract target=ref>Fulton &amp; Petigura 2018</a>,,5800.0,60.0,-60.0,0.0,1.567,0.076,-0.072,0.0,1.229,0.035,-0.062,0.0,0.34,0.04,-0.04,0.0,[Fe/H],,,,,,,,,4.79,1.52,-0.62,0.0,0.32,0.04,-0.03,0.0,,,,,,,,,,,,,<a refstr=STASSUN_ET_AL__2019 href=https://ui.adsabs.harvard.edu/abs/2019AJ....158..138S/abstract target=ref>TICv8</a>,19h11m35.31s,287.8971066,+40d38m16.13s,40.6378141,13.74892,71.83506,62.22403,300.02323,0.8434128,0.0441112,-0.0441112,-0.166802,0.0412887,-0.0412887,-0.826754,0.0442223,-0.0442223,1798.75,75.21,-69.51,0.526944,0.022199,-0.022199,16.015,0.068,-0.068,15.297,0.035,-0.035,13.894,0.025,-0.025,13.545,0.027,-0.027,13.512,0.039,-0.039,,,,,,,,,,,,,,,,13.503,0.025,-0.025,13.559,0.029,-0.029,12.862,0.475,-0.475,9.33,,,15.0243,0.000316,-0.000316,,,,14.538,0.0065,-0.0065,15.084,,,2024-12-05,2018-12,2024-12-05,1.0,0.0,0.0,0.0,0.0,0.0,0.0
10288,Kepler-1230 b,Kepler-1230,b,,,TIC 237157859,Gaia DR2 2104527554068149120,Gaia DR3 2104527554068149120,0,1,1,0,0,Transit,2016,<a refstr=MORTON_ET_AL__2016 href=https://ui.adsabs.harvard.edu/abs/2016ApJ...822...86M/abstract target=ref>Morton et al. 2016</a>,2016-05,Space,Kepler,0.95 m Kepler Telescope,Kepler CCD Array,0.0,0.0,0.0,1.0,0.0,0.0,0.0,0.0,0.0,0.0,Published Confirmed,0.0,<a refstr=BERGER_ET_AL__2018 href=https://ui.adsabs.harvard.edu/abs/2018ApJ...866...99B/abstract target=ref>Berger et al. 2018</a>,,,,,,,,,3.069,0.289,-0.755,0.0,0.27379784,0.02578285,-0.06735659,0.0,,,,,,,,,,,,,,,,,,,,,,,,,,,,,,,,,,,,,,,,,,153.933,17.817,-15.664,0.0,,,,,,,,,,,,,,0.0,,,,,,,,,,,,,,,,,,,,,,,,,,,,,,,,,,,,,,,,,,,,,<a refstr=BERGER_ET_AL__2018 href=https://ui.adsabs.harvard.edu/abs/2018ApJ...866...99B/abstract target=ref>Berger et al. 2018</a>,,6167.0,216.0,-216.0,0.0,1.003,0.094,-0.084,0.0,,,,,,,,,,,,,,,,,,,,,,,,,,,,,,,,,,,,,,<a refstr=STASSUN_ET_AL__2019 href=https://ui.adsabs.harvard.edu/abs/2019AJ....158..138S/abstract target=ref>TICv8</a>,18h53m03.48s,283.2645129,+41d42m41.23s,41.7114526,17.37988,71.4697,64.09168,293.07598,7.5788054,0.0598035,-0.0598035,-3.44101,0.0545376,-0.0545376,-6.75261,0.0610967,-0.0610967,1364.22,64.84,-59.3,0.704679,0.0330749,-0.0330749,16.233,0.0,0.0,15.628,0.172,-0.172,14.232,0.028,-0.028,13.875,0.034,-0.034,13.915,0.065,-0.065,,,,,,,,,,,,,,,,13.812,0.025,-0.025,13.83,0.032,-0.032,12.796,,,9.433,,,15.2743,0.000448,-0.000448,,,,14.8144,0.0071,-0.0071,15.309,,,2018-09-04,2018-10,2018-09-06,1.0,0.0,0.0,0.0,0.0,0.0,0.0
36655,TOI-237 b,TOI-237,b,,,TIC 305048087,Gaia DR2 2329387852426700800,Gaia DR3 2329387852426700800,1,1,1,0,0,Transit,2020,<a refstr=WAALKES_ET_AL__2021 href=https://ui.adsabs.harvard.edu/abs/2021AJ....161...13W/abstract target=ref>Waalkes et al. 2021</a>,2021-01,Space,Transiting Exoplanet Survey Satellite (TESS),0.1 m TESS Telescope,TESS CCD Array,0.0,0.0,0.0,1.0,0.0,0.0,0.0,0.0,0.0,0.0,Published Confirmed,0.0,<a refstr=WAALKES_ET_AL__2021 href=https://ui.adsabs.harvard.edu/abs/2021AJ....161...13W/abstract target=ref>Waalkes et al. 2021</a>,5.436098,3.9e-05,-3.9e-05,0.0,0.0341,0.001,-0.001,0.0,1.44,0.12,-0.12,0.0,0.1284682,0.01070568,-0.01070568,0.0,,,,,,,,,,,,,,,,,,,,,,,,,,,,,,,,,,,,,,0.0,,,0.0,3.7,0.5,-0.5,0.0,388.0,,,0.0,89.5,0.4,-0.6,0.0,2458697.7197997,0.000796,-0.000815,0.0,BJD-TDB,0.0,0.3,0.27,-0.21,0.0,0.38,,,0.0,,,,,34.7,2.9,-2.9,0.0,0.062,0.002,-0.002,0.0,,,,,,,,,,,,,,,,,,,,,,,,,<a refstr=WAALKES_ET_AL__2021 href=https://ui.adsabs.harvard.edu/abs/2021AJ....161...13W/abstract target=ref>Waalkes et al. 2021</a>,M4.5 V,3212.0,100.0,-100.0,0.0,0.211,0.006,-0.006,0.0,0.179,0.004,-0.004,0.0,,,,,,-2.38722,0.01047,-0.01072,0.0,5.04,0.07,-0.07,0.0,4.5,,,-1.0,25.6,4.3,-8.7,0.0,6.4,,,1.0,102.0,22.0,-22.0,0.0,7.8,1.0,-1.0,0.0,<a refstr=STASSUN_ET_AL__2019 href=https://ui.adsabs.harvard.edu/abs/2019AJ....158..138S/abstract target=ref>TICv8</a>,23h32m58.45s,353.2435381,-29d24m59.35s,-29.416487,-72.59431,20.77828,-24.19609,341.4984,365.832527,0.1486934,-0.1486934,151.047,0.10832,-0.10832,-333.194,0.155699,-0.155699,38.0749,0.2292,-0.2265,26.2368,0.155995,-0.155995,17.718,0.0,0.0,16.37,0.2,-0.2,11.74,0.021,-0.021,11.19,0.022,-0.022,10.896,0.025,-0.025,,,,,,,,,,,,,,,,,,,,,,,,,,,,14.754,0.000823,-0.000823,,,,13.4102,0.0074368,-0.0074368,,,,2020-12-10,2021-01,2020-12-17,0.0,0.0,0.0,0.0,0.0,0.0,0.0
5894,K2-7 b,K2-7,b,,,TIC 53210555,Gaia DR2 3803494845449564672,Gaia DR3 3803494845449564672,0,1,1,0,0,Transit,2015,<a refstr=MONTET_ET_AL__2015 href=https://ui.adsabs.harvard.edu/abs/2015ApJ...809...25M/abstract target=ref>Montet et al. 2015</a>,2015-08,Space,K2,0.95 m Kepler Telescope,Kepler CCD Array,0.0,0.0,0.0,1.0,0.0,0.0,0.0,0.0,0.0,0.0,Published Confirmed,0.0,<a refstr=MONTET_ET_AL__2015 href=https://ui.adsabs.harvard.edu/abs/2015ApJ...809...25M/abstract target=ref>Montet et al. 2015</a>,28.67992,0.00947,-0.00947,0.0,0.1814,0.0043,-0.0043,0.0,2.67,0.56,-0.56,0.0,0.23820145,0.04995985,-0.04995985,0.0,,,,,,,,,,,,,,,,,,,,,,,,,,,,,,,,,,,,,,,,,,,,,,651.0,61.0,-61.0,0.0,,,,,2456824.6155,0.0149,-0.0149,0.0,BJD,0.0,,,,,0.053,,,0.0,,,,,40.29,8.19,-8.19,0.0,,,,,,,,,,,,,,,,,,,,,,,,,,,,,<a refstr=MONTET_ET_AL__2015 href=https://ui.adsabs.harvard.edu/abs/2015ApJ...809...25M/abstract target=ref>Montet et al. 2015</a>,,5772.0,72.0,-91.0,0.0,0.96,0.17,-0.08,0.0,0.97,0.06,-0.06,0.0,-0.07,0.16,-0.16,0.0,[Fe/H],,,,,,,,,,,,,,,,,,,,,,,,,,,,,<a refstr=STASSUN_ET_AL__2019 href=https://ui.adsabs.harvard.edu/abs/2019AJ....158..138S/abstract target=ref>TICv8</a>,11h08m22.50s,167.0937488,-01d03m57.08s,-1.065855,52.45583,257.43436,-6.07886,168.54059,24.1333259,0.0380357,-0.0380357,-4.64495,0.0502937,-0.0502937,-23.6821,0.0374841,-0.0374841,738.553,15.745,-15.113,1.32514,0.0280727,-0.0280727,13.902,0.036,-0.036,13.453,0.092,-0.092,11.952,0.022,-0.022,11.628,0.023,-0.023,11.564,0.021,-0.021,15.4839,0.0069687,-0.0069687,13.9154,0.0025927,-0.0025927,13.1346,0.001551,-0.001551,14.6056,0.0119674,-0.0119674,13.7299,0.0078532,-0.0078532,11.527,0.023,-0.023,11.572,0.021,-0.021,11.554,0.233,-0.233,8.838,,,13.0573,0.000345,-0.000345,,,,12.6109,0.0076,-0.0076,13.054,,,2015-07-13,2015-08,2015-07-16,0.0,0.0,0.0,0.0,0.0,0.0,0.0
33443,Kepler-87 b,Kepler-87,b,,,TIC 273592336,Gaia DR2 2086306584816171392,Gaia DR3 2086306584816171392,0,1,2,0,0,Transit,2013,<a refstr=OFIR_ET_AL__2014 href=https://ui.adsabs.harvard.edu/abs/2014A%26A...561A.103O/abstract target=ref> Ofir et al. 2014 </a>,2014-01,Space,Kepler,0.95 m Kepler Telescope,Kepler CCD Array,0.0,0.0,0.0,1.0,0.0,0.0,0.0,0.0,0.0,0.0,Kepler Project Candidate (q1_q16_koi),0.0,<a refstr=Q1_Q16_KOI_TABLE href=https://exoplanetarchive.ipac.caltech.edu/docs/Kepler_KOI_docs.html target=ref>Q1-Q16 KOI Table</a>,114.7363519,0.0001484,-0.0001484,0.0,0.4589,,,0.0,9.51,4.2,-2.12,0.0,0.84842683,0.37469955,-0.18913406,0.0,,,,,,,,,,,,,,,,,,,,,,,,,,,,,,,,,,,,,,0.0,,,0.0,9.15,12.41,-4.33,0.0,444.0,,,0.0,89.38,,,0.0,2454998.152396,0.000985,-0.000985,0.0,BJD,1.0,0.556,0.047,-0.0531,0.0,0.50528,0.0023,-0.0023,0.0,11.878,0.0842,-0.0842,0.0,67.24,8.6,-8.6,0.0,0.067323,0.000501,-0.000695,0.0,,,,,,,,,,,,0.0,,,,,,,,,,,,,<a refstr=Q1_Q16_KOI_TABLE href=https://exoplanetarchive.ipac.caltech.edu/docs/Kepler_KOI_docs.html target=ref>Q1-Q16 KOI Table</a>,,5991.0,189.0,-202.0,0.0,1.293,0.572,-0.288,0.0,0.977,0.19,-0.113,0.0,-0.2,0.28,-0.28,0.0,[Fe/H],,,,,4.205,0.21,-0.238,0.0,,,,0.0,0.43678,0.05601,-0.04737,0.0,,,,,,,,,,,,,<a refstr=STASSUN_ET_AL__2019 href=https://ui.adsabs.harvard.edu/abs/2019AJ....158..138S/abstract target=ref>TICv8</a>,19h51m40.04s,297.9168433,+46d57m54.41s,46.9651146,10.10838,80.91089,65.57354,320.58924,4.5298324,0.0344597,-0.0344597,-4.43279,0.0341821,-0.0341821,-0.932606,0.0402233,-0.0402233,1232.9,27.02,-27.02,0.782544,0.0176347,-0.0176347,15.429,0.029,-0.029,14.681,0.137,-0.137,13.389,0.022,-0.022,13.033,0.022,-0.022,12.981,0.024,-0.024,,,,,,,,,,,,,,,,12.913,0.024,-0.024,12.964,0.025,-0.025,12.987,0.473,-0.473,9.489,,,14.5869,0.000244,-0.000244,,,,14.0803,0.007,-0.007,14.6,,,2014-11-21,2014-12-18,2014-11-21,1.0,0.0,0.0,0.0,0.0,0.0,0.0
36613,TOI-2202 b,TOI-2202,b,,,TIC 358107516,Gaia DR2 4641274773980363520,Gaia DR3 4641274773980363520,1,1,2,0,0,Transit,2021,<a refstr=TRIFONOV_ET_AL__2021 href=https://ui.adsabs.harvard.edu/abs/2021AJ....162..283T/abstract target=ref>Trifonov et al. 2021</a>,2021-12,Space,Transiting Exoplanet Survey Satellite (TESS),0.1 m TESS Telescope,TESS CCD Array,1.0,0.0,0.0,1.0,0.0,0.0,0.0,0.0,0.0,0.0,Published Confirmed,0.0,<a refstr=RICE_ET_AL__2023 href=https://ui.adsabs.harvard.edu/abs/2023AJ....166..266R/abstract target=ref>Rice et al. 2023</a>,11.9126075,0.00011,-0.00011,0.0,,,,,10.95117414,0.17934369,-0.17934369,0.0,0.977,0.016,-0.016,0.0,287.31687993,27.65107141,-31.7828407,0.0,0.904,0.087,-0.1,0.0,,,,,,,,,,,,,,,,,287.31687993,27.65107141,-31.7828407,0.0,0.904,0.087,-0.1,0.0,Mass,,,,,0.022,0.022,-0.015,0.0,,,,,,,,,89.29,0.17,-0.12,0.0,2459577.9736362,0.0038,-0.0038,0.0,BJD-TDB,1.0,0.323,0.055,-0.08,0.0,,,,,3.768,0.032,-0.03,0.0,25.98,0.34,-0.34,0.0,0.1265,0.0017,-0.0018,0.0,,,,,,,,,212.0,59.0,-94.0,0.0,90.7,8.3,-10.0,0.0,26.0,12.0,-15.0,0.0,31.0,13.0,-11.0,0.0,<a refstr=RICE_ET_AL__2023 href=https://ui.adsabs.harvard.edu/abs/2023AJ....166..266R/abstract target=ref>Rice et al. 2023</a>,,5169.0,80.0,-78.0,0.0,0.808,0.024,-0.022,0.0,0.841,0.034,-0.032,0.0,0.059,0.043,-0.043,0.0,[Fe/H],,,,,4.548,0.03,-0.031,0.0,6.4,4.4,-3.9,0.0,,,,,2.14,0.28,-0.25,0.0,22.0,1.0,-1.0,0.0,,,,,<a refstr=STASSUN_ET_AL__2019 href=https://ui.adsabs.harvard.edu/abs/2019AJ....158..138S/abstract target=ref>TICv8</a>,03h24m54.82s,51.2284214,-73d57m27.16s,-73.9575458,-39.12815,290.15667,-75.34258,313.14572,12.6103021,0.0390844,-0.0390844,-10.8091,0.0397753,-0.0397753,6.49485,0.0371036,-0.0371036,235.933,1.051,-1.041,4.20961,0.0186422,-0.0186422,13.902,0.028,-0.028,13.004,0.103,-0.103,11.326,0.023,-0.023,10.873,0.024,-0.024,10.8,0.023,-0.023,,,,,,,,,,,,,,,,10.735,0.023,-0.023,10.782,0.02,-0.02,10.733,0.061,-0.061,9.155,,,12.7606,0.00035,-0.00035,,,,12.173,0.006,-0.006,,,,2025-04-16,2023-12,2025-04-16,0.0,0.0,0.0,0.0,0.0,0.0,0.0
1913,HD 103720 b,HD 103720,b,HD 103720,HIP 58237,TIC 96195878,Gaia DR2 3601912720075891968,Gaia DR3 3601912720075891968,1,1,1,0,0,Radial Velocity,2014,<a refstr=MOUTOU_ET_AL__2015 href=https://ui.adsabs.harvard.edu/abs/2015A&A...576A..48M/abstract target=ref>Moutou et al. 2015</a>,2015-04,Ground,La Silla Observatory,3.6 m ESO Telescope,HARPS Spectrograph,1.0,0.0,0.0,0.0,0.0,0.0,0.0,0.0,0.0,0.0,Published Confirmed,0.0,<a refstr=MOUTOU_ET_AL__2015 href=https://ui.adsabs.harvard.edu/abs/2015A&A...576A..48M/abstract target=ref>Moutou et al. 2015</a>,4.5557,0.0001,-0.0001,0.0,0.0498,0.0008,-0.0008,0.0,,,,,,,,,,,,,,,,,197.046,7.945,-7.945,0.0,0.62,0.025,-0.025,0.0,,,,,,,,,197.046,7.945,-7.945,0.0,0.62,0.025,-0.025,0.0,Msini,,,,,0.086,0.024,-0.024,0.0,,,,,,,,,,,,,,,,,,0.0,,,,,,,,,,,,,,,,,,,,,,,,,2455387.46,0.04,-0.04,0.0,262.0,15.0,-15.0,0.0,89.0,2.0,-2.0,0.0,,,,,,,,,<a refstr=MOUTOU_ET_AL__2015 href=https://ui.adsabs.harvard.edu/abs/2015A&A...576A..48M/abstract target=ref>Moutou et al. 2015</a>,K3 V,5017.0,88.0,-88.0,0.0,0.73,0.02,-0.02,0.0,0.794,0.04,-0.04,0.0,-0.02,0.06,-0.06,0.0,[Fe/H],,,,,4.43,0.16,-0.16,0.0,3.8,3.7,-3.7,0.0,,,,,0.42,,,0.0,,,,,-6.5,1.4,-1.4,0.0,<a refstr=STASSUN_ET_AL__2019 href=https://ui.adsabs.harvard.edu/abs/2019AJ....158..138S/abstract target=ref>TICv8</a>,11h56m41.12s,179.1713308,-02d46m44.90s,-2.7791393,57.30785,276.98106,-2.87924,180.34225,77.0835008,0.0820744,-0.0820744,-63.9782,0.0947306,-0.0947306,-42.996,0.0422092,-0.0422092,45.5352,0.1032,-0.1026,21.9322,0.0492572,-0.0492572,10.501,0.166,-0.166,9.5,0.03,-0.03,7.838,0.027,-0.027,7.431,0.04,-0.04,7.283,0.024,-0.024,,,,,,,,,,,,,,,,7.17,0.038,-0.038,7.319,0.021,-0.021,7.284,0.019,-0.019,7.319,0.119,-0.119,9.22376,0.00084,-0.00084,,,,8.6509,0.0061,-0.0061,9.399,,,2015-01-08,2015-04,2015-01-08,0.0,1.0,0.0,0.0,0.0,0.0,0.0
37959,WASP-15 b,WASP-15,b,,,TIC 111991770,Gaia DR2 6171009049549197824,Gaia DR3 6171009049549197824,1,1,1,0,0,Transit,2009,<a refstr=WEST_ET_AL__2009 href=https://ui.adsabs.harvard.edu/abs/2009AJ....137.4834W/abstract target=ref> West et al. 2009 </a>,2009-06,Ground,SuperWASP,Canon 200mm f/1.8L,iKon-L CCD Camera,1.0,0.0,0.0,1.0,0.0,0.0,0.0,0.0,0.0,0.0,Published Confirmed,0.0,<a refstr=STASSUN_ET_AL__2017 href=https://ui.adsabs.harvard.edu/abs/2017AJ....153..136S/abstract target=ref>Stassun et al. 2017</a>,3.7521,1e-05,-1e-05,0.0,,,,,15.80469,4.03524,-4.03524,0.0,1.41,0.36,-0.36,0.0,171.6282,92.1707,-92.1707,0.0,0.54,0.29,-0.29,0.0,,,,,,,,,,,,,,,,,171.6282,92.1707,-92.1707,0.0,0.54,0.29,-0.29,0.0,Mass,,,,,0.0,,,0.0,,,,,,,,,85.96,0.35,-0.35,0.0,,,,,,0.0,,,,,0.97,0.012,-0.012,0.0,,,,,7.29,0.38,-0.38,0.0,,,,,,,,,,,,,,,,,63.4,1.2,-1.2,0.0,,,,,,,,,<a refstr=STASSUN_ET_AL__2017 href=https://ui.adsabs.harvard.edu/abs/2017AJ....153..136S/abstract target=ref>Stassun et al. 2017</a>,,6300.0,100.0,-100.0,0.0,1.48,0.38,-0.38,0.0,1.18,0.93,-0.93,0.0,-0.17,,,0.0,[Fe/H],,,,,4.35,0.15,-0.15,0.0,,,,,0.52,0.08,-0.08,0.0,,,,,,,,,,,,,<a refstr=STASSUN_ET_AL__2019 href=https://ui.adsabs.harvard.edu/abs/2019AJ....158..138S/abstract target=ref>TICv8</a>,13h55m42.72s,208.9280111,-32d09m34.96s,-32.1597118,28.76954,318.43652,-18.99413,218.40423,24.0466985,0.0665811,-0.0665811,8.76979,0.0646185,-0.0646185,-22.3905,0.0668771,-0.0668771,282.091,3.371,-3.294,3.51679,0.0415564,-0.0415564,11.34,0.142,-0.142,10.972,0.01,-0.01,9.956,0.023,-0.023,9.713,0.025,-0.025,9.693,0.023,-0.023,,,,,,,,,,,,,,,,9.645001,0.023,-0.023,9.667,0.021,-0.021,9.633,0.038,-0.038,8.452,,,10.797,0.000616,-0.000616,,,,10.4445,0.0061,-0.0061,,,,2018-04-25,2017-03,2018-04-26,0.0,2.0,1.0,0.0,0.0,4.0,0.0
3246,HD 284149 AB b,HD 284149 A,b,HD 284149 A,HIP 19176,TIC 15817487,Gaia DR2 51914888911355776,Gaia DR3 51914888911355776,0,2,1,0,1,Imaging,2017,<a refstr=BONAVITA_ET_AL__2017 href=https://ui.adsabs.harvard.edu/abs/2017A&A...608A.106B/abstract target=ref>Bonavita et al. 2017</a>,2017-12,Ground,Paranal Observatory,8.2 m ESO VLT UT3 Melipal Telescope,SPHERE,0.0,0.0,0.0,0.0,1.0,0.0,0.0,0.0,1.0,0.0,Published Confirmed,0.0,<a refstr=HOCH_ET_AL__2023 href=https://ui.adsabs.harvard.edu/abs/2023AJ....166...85H/abstract target=ref>Hoch et al. 2023</a>,,,,,,,,,,,,,,,,,8981.83078182,238.37130525,-317.828407,0.0,28.26,0.75,-1.0,0.0,,,,,,,,,,,,,,,,,8981.83078182,238.37130525,-317.828407,0.0,28.26,0.75,-1.0,0.0,Mass,,,,,,,,,,,,,2502.0,122.0,-211.0,0.0,,,,,,,,,,0.0,,,,,,,,,,,,,,,,,,,,,,,,,,,,,,,,,,,,,,,,,,,,,<a refstr=HOCH_ET_AL__2023 href=https://ui.adsabs.harvard.edu/abs/2023AJ....166...85H/abstract target=ref>Hoch et al. 2023</a>,,,,,,,,,,,,,,,,,,,,,,,,,,,,,,,,,,,,,,,,,,,,,,,<a refstr=STASSUN_ET_AL__2019 href=https://ui.adsabs.harvard.edu/abs/2019AJ....158..138S/abstract target=ref>TICv8</a>,04h06m38.81s,61.6616887,+20d18m10.92s,20.3030344,-23.0516,173.01083,-0.57312,63.5595,16.0465447,0.1055242,-0.1055242,6.55237,0.159439,-0.159439,-14.6478,0.0909769,-0.0909769,117.807,0.713,-0.705,8.46001,0.0507135,-0.0507135,10.212,0.063,-0.063,9.57,0.03,-0.03,8.479,0.043,-0.043,8.208,0.021,-0.021,8.1,0.029,-0.029,,,,,,,,,,,,,,,,8.065,0.024,-0.024,8.074,0.018,-0.018,8.043,0.021,-0.021,8.134,0.253,-0.253,9.41967,0.001039,-0.001039,,,,9.01554,0.0065,-0.0065,,,,2024-06-10,2023-09,2024-06-10,1.0,0.0,0.0,0.0,0.0,0.0,0.0
32981,Kepler-833 b,Kepler-833,b,,,TIC 159397031,Gaia DR2 2127461236320786688,Gaia DR3 2127461236320786688,1,1,1,0,0,Transit,2016,<a refstr=MORTON_ET_AL__2016 href=https://ui.adsabs.harvard.edu/abs/2016ApJ...822...86M/abstract target=ref>Morton et al. 2016</a>,2016-05,Space,Kepler,0.95 m Kepler Telescope,Kepler CCD Array,0.0,0.0,0.0,1.0,0.0,0.0,0.0,0.0,0.0,0.0,Published Confirmed,0.0,<a refstr=MORTON_ET_AL__2016 href=https://ui.adsabs.harvard.edu/abs/2016ApJ...822...86M/abstract target=ref>Morton et al. 2016</a>,18.7546998,5.142e-05,-5.142e-05,0.0,,,,,2.02,0.12,-0.09,0.0,0.18021233,0.01070568,-0.00802926,0.0,,,,,,,,,,,,,,,,,,,,,,,,,,,,,,,,,,,,,,,,,,,,,,,,,,,,,,2454974.71563,0.00222,-0.00222,0.0,JD,0.0,,,,,,,,,3.0681,0.079,-0.079,0.0,,,,,0.029667,0.001287,-0.00055,0.0,,,,,,,,,,,,,,,,,,,,,,,,,<a refstr=MORTON_ET_AL__2016 href=https://ui.adsabs.harvard.edu/abs/2016ApJ...822...86M/abstract target=ref>Morton et al. 2016</a>,,4339.0,39.28,-37.41,0.0,0.62,0.024,-0.024,0.0,0.64,0.028,-0.026,0.0,-0.18,0.097,-0.104,0.0,[Fe/H],,,,,4.67,0.018,-0.022,0.0,3.72,5.26,-2.1,0.0,,,,,,,,,,,,,,,,,<a refstr=STASSUN_ET_AL__2019 href=https://ui.adsabs.harvard.edu/abs/2019AJ....158..138S/abstract target=ref>TICv8</a>,19h21m55.18s,290.4799052,+45d36m02.09s,45.6005798,14.07649,77.2932,66.38231,307.65958,23.8198598,0.056182,-0.056182,-8.95787,0.0508148,-0.0508148,-22.0713,0.0570176,-0.0570176,467.37,5.921,-5.776,2.11112,0.0265694,-0.0265694,17.981,0.167,-0.167,15.755,0.114,-0.114,13.629,0.023,-0.023,13.006,0.019,-0.019,12.885,0.023,-0.023,,,,,,,,,,,,,,,,12.815,0.023,-0.023,12.877,0.025,-0.025,12.454,0.292,-0.292,9.403,0.496,-0.496,15.4686,0.000479,-0.000479,,,,14.7079,0.0068,-0.0068,15.473,,,2016-05-06,2016-05,2016-05-10,1.0,0.0,0.0,0.0,0.0,0.0,0.0
27363,Kepler-446 d,Kepler-446,d,,,TIC 123417850,Gaia DR2 2106929849536047744,Gaia DR3 2106929849536047744,1,1,3,0,0,Transit,2015,<a refstr=MUIRHEAD_ET_AL__2015 href=https://ui.adsabs.harvard.edu/abs/2015ApJ...801...18M/abstract target=ref>Muirhead et al. 2015</a>,2015-03,Space,Kepler,0.95 m Kepler Telescope,Kepler CCD Array,1.0,0.0,0.0,1.0,0.0,0.0,0.0,0.0,0.0,0.0,Published Confirmed,0.0,<a refstr=MUIRHEAD_ET_AL__2015 href=https://ui.adsabs.harvard.edu/abs/2015ApJ...801...18M/abstract target=ref>Muirhead et al. 2015</a>,5.148921,2.2e-05,-2.2e-05,0.0,,,,,1.35,0.22,-0.22,0.0,0.12,0.02,-0.02,0.0,,,,,,,,,,,,,,,,,,,,,,,,,,,,,,,,,,,,,,0.0,,,0.0,,,,,,,,,88.72,0.17,-0.19,0.0,2454966.3196,0.0042,-0.0042,0.0,BJD,0.0,0.705,0.057,-0.066,0.0,,,,,0.8832,0.048,-0.048,0.0,31.6,2.08,-2.08,0.0,0.0519,0.0022,-0.0022,0.0,,,,,,,,,,,,,4.0,1.0,-1.0,0.0,,,,,,,,,<a refstr=MUIRHEAD_ET_AL__2015 href=https://ui.adsabs.harvard.edu/abs/2015ApJ...801...18M/abstract target=ref>Muirhead et al. 2015</a>,M4,3359.0,60.0,-60.0,0.0,0.24,0.04,-0.04,0.0,0.22,0.05,-0.05,0.0,-0.3,0.12,-0.12,0.0,[Fe/H],,,,,,,,,,,,,,,,,,,,,,,,,-118.0,1.0,-1.0,0.0,<a refstr=STASSUN_ET_AL__2019 href=https://ui.adsabs.harvard.edu/abs/2019AJ....158..138S/abstract target=ref>TICv8</a>,18h49m00.03s,282.2501047,+44d55m15.61s,44.921002,19.18908,74.36798,67.38475,292.99422,27.0539679,0.1036014,-0.1036014,-12.4659,0.103662,-0.103662,-24.0108,0.103585,-0.103585,96.339,0.5141,-0.5087,10.3516,0.0546893,-0.0546893,19.34,0.163,-0.163,17.5041,0.0472,-0.0472,13.591,0.021,-0.021,13.075,0.026,-0.026,12.827,0.024,-0.024,,,,,,,,,,,,,,,,12.709,0.047,-0.047,12.484,0.045,-0.045,12.488,0.378,-0.378,8.93,,,16.3101,0.00078,-0.00078,,,,15.0772,0.007555,-0.007555,16.257,,,2015-01-14,2015-03,2015-01-14,1.0,0.0,0.0,0.0,0.0,0.0,0.0
32703,Kepler-817 b,Kepler-817,b,,,TIC 184299435,Gaia DR2 2073195870740245504,Gaia DR3 2073195870740245504,0,1,1,0,0,Transit,2016,<a refstr=MORTON_ET_AL__2016 href=https://ui.adsabs.harvard.edu/abs/2016ApJ...822...86M/abstract target=ref>Morton et al. 2016</a>,2016-05,Space,Kepler,0.95 m Kepler Telescope,Kepler CCD Array,0.0,0.0,0.0,1.0,0.0,0.0,0.0,0.0,0.0,0.0,Kepler Project Candidate (q1_q17_dr25_koi),0.0,<a refstr=Q1_Q17_DR25_KOI_TABLE href=https://exoplanetarchive.ipac.caltech.edu/docs/Kepler_KOI_docs.html target=ref>Q1-Q17 DR25 KOI Table</a>,3.990105908,1.431e-06,-1.431e-06,0.0,0.0493,,,0.0,7.45,2.18,-0.73,0.0,0.66464563,0.19448691,-0.06512635,0.0,,,,,,,,,,,,,,,,,,,,,,,,,,,,,,,,,,,,,,0.0,,,0.0,378.53,327.65,-114.98,0.0,1124.0,,,0.0,87.09,,,0.0,2455188.840837,0.000252,-0.000252,0.0,BJD,0.0,0.582,0.057,-0.329,0.0,0.61549,0.00325,-0.00325,0.0,2.4108,0.0414,-0.0414,0.0,11.45,4.3,-4.3,0.0,0.074711,0.003166,-0.002293,0.0,,,,,,,,,,,,0.0,,,,,,,,,,,,,<a refstr=Q1_Q17_DR25_KOI_TABLE href=https://exoplanetarchive.ipac.caltech.edu/docs/Kepler_KOI_docs.html target=ref>Q1-Q17 DR25 KOI Table</a>,,5926.0,166.0,-228.0,0.0,0.913,0.267,-0.089,0.0,1.004,0.122,-0.135,0.0,-0.12,0.3,-0.3,0.0,[Fe/H],,,,,4.519,0.048,-0.192,0.0,,,,0.0,1.78404,1.33361,-0.0184,0.0,,,,,,,,,,,,,<a refstr=STASSUN_ET_AL__2019 href=https://ui.adsabs.harvard.edu/abs/2019AJ....158..138S/abstract target=ref>TICv8</a>,19h44m19.64s,296.0818498,+39d09m41.81s,39.161614,7.47643,73.35435,58.91639,311.31726,4.4135917,0.0532263,-0.0532263,-3.5764,0.0519025,-0.0519025,-2.58634,0.0556701,-0.0556701,1484.46,72.81,-66.42,0.646594,0.0312676,-0.0312676,16.637,0.068,-0.068,15.967,0.092,-0.092,14.386,0.027,-0.027,14.025,0.035,-0.035,13.954,0.063,-0.063,,,,,,,,,,,,,,,,13.864,0.026,-0.026,14.047,0.034,-0.034,12.798,,,9.138,,,15.5969,0.000461,-0.000461,,,,15.074,0.0079,-0.0079,15.572,,,2017-05-08,2017-08-31 00:00,2017-05-08,1.0,0.0,0.0,0.0,0.0,0.0,0.0
24926,Kepler-345 c,Kepler-345,c,,,TIC 271546191,Gaia DR2 2080067749681845504,Gaia DR3 2080067749681845504,0,1,2,0,0,Transit,2014,<a refstr=ROWE_ET_AL__2014 href=https://ui.adsabs.harvard.edu/abs/2014ApJ...784...45R/abstract target=ref> Rowe et al. 2014</a>,2014-03,Space,Kepler,0.95 m Kepler Telescope,Kepler CCD Array,0.0,0.0,0.0,1.0,0.0,0.0,0.0,0.0,0.0,0.0,Kepler Project Candidate (q1_q16_koi),0.0,<a refstr=Q1_Q16_KOI_TABLE href=https://exoplanetarchive.ipac.caltech.edu/docs/Kepler_KOI_docs.html target=ref>Q1-Q16 KOI Table</a>,9.38742889,1.868e-05,-1.868e-05,0.0,0.0742,,,0.0,1.22,0.1,-0.13,0.0,0.1088413,0.00892142,-0.01159784,0.0,,,,,,,,,,,,,,,,,,,,,,,,,,,,,,,,,,,,,,0.0,,,0.0,23.88,7.42,-6.89,0.0,564.0,,,0.0,89.95,,,0.0,2454970.38147,0.00161,-0.00161,0.0,BJD,1.0,0.162,0.3176,-0.1619,0.0,0.03959,0.00152,-0.00152,0.0,1.4659,0.0592,-0.0592,0.0,49.16,9.0,-9.0,0.0,0.017717,0.001087,-0.000294,0.0,,,,,,,,,,,,0.0,,,,,,,,,,,,,<a refstr=Q1_Q16_KOI_TABLE href=https://exoplanetarchive.ipac.caltech.edu/docs/Kepler_KOI_docs.html target=ref>Q1-Q16 KOI Table</a>,,4386.0,128.0,-132.0,0.0,0.63,0.051,-0.065,0.0,0.616,0.065,-0.052,0.0,-0.26,0.33,-0.32,0.0,[Fe/H],,,,,4.629,0.058,-0.026,0.0,,,,0.0,25.50198,4.6717,-9.75741,0.0,,,,,,,,,,,,,<a refstr=STASSUN_ET_AL__2019 href=https://ui.adsabs.harvard.edu/abs/2019AJ....158..138S/abstract target=ref>TICv8</a>,19h40m54.92s,295.2288521,+45d58m15.76s,45.9710432,11.26477,79.12551,65.47106,315.52267,11.6195825,2.10192,-2.10192,9.97326,2.10192,-2.10192,5.96228,2.10192,-2.10192,,,,,,,14.895,0.068,-0.068,14.344,0.08,-0.08,12.309,0.025,-0.025,11.665,0.02,-0.02,11.551,0.017,-0.017,,,,,,,,,,,,,,,,11.412,0.023,-0.023,11.477,0.021,-0.021,11.233,0.087,-0.087,9.16,,,14.0341,0.000465,-0.000465,,,,13.2971,0.006,-0.006,14.028,,,2014-11-21,2014-12-18,2014-11-21,1.0,0.0,0.0,0.0,0.0,0.0,0.0
33662,Kepler-888 b,Kepler-888,b,,,TIC 27531978,Gaia DR2 2134932314753757312,Gaia DR3 2134932314753757312,0,1,1,0,0,Transit,2016,<a refstr=MORTON_ET_AL__2016 href=https://ui.adsabs.harvard.edu/abs/2016ApJ...822...86M/abstract target=ref>Morton et al. 2016</a>,2016-05,Space,Kepler,0.95 m Kepler Telescope,Kepler CCD Array,0.0,0.0,0.0,1.0,0.0,0.0,0.0,0.0,0.0,0.0,Kepler Project Candidate (q1_q12_koi),0.0,<a refstr=Q1_Q12_KOI_TABLE href=https://exoplanetarchive.ipac.caltech.edu/docs/Kepler_KOI_docs.html target=ref>Q1-Q12 KOI Table</a>,70.6979061,0.0003086,-0.0003086,0.0,0.3341,,,0.0,2.26,0.96,-0.35,0.0,0.20162404,0.08564561,-0.03122496,0.0,,,,,,,,,,,,,,,,,,,,,,,,,,,,,,,,,,,,,,0.0,,,0.0,15.33,19.21,-5.53,0.0,505.0,,,0.0,89.95,,,0.0,2455021.57029,0.00361,-0.00361,0.0,BJD,0.0,0.1724,0.2758,-0.1723,0.0,0.03831,0.00105,-0.00105,0.0,6.624,0.101,-0.101,0.0,81.81,5.7,-5.7,0.0,0.018018,0.000531,-0.000322,0.0,,,,,,,,,,,,0.0,,,,,,,,,,,,,<a refstr=Q1_Q12_KOI_TABLE href=https://exoplanetarchive.ipac.caltech.edu/docs/Kepler_KOI_docs.html target=ref>Q1-Q12 KOI Table</a>,,6174.0,158.0,-180.0,0.0,1.147,0.49,-0.174,0.0,0.991,0.18,-0.11,0.0,-0.26,0.28,-0.3,0.0,[Fe/H],,,,,4.316,0.131,-0.26,0.0,,,,0.0,2.07213,0.14366,-0.64842,0.0,,,,,,,,,,,,,<a refstr=STASSUN_ET_AL__2019 href=https://ui.adsabs.harvard.edu/abs/2019AJ....158..138S/abstract target=ref>TICv8</a>,19h42m05.11s,295.5212866,+49d44m19.25s,49.7386804,12.81989,82.64032,68.76843,320.25063,20.6898512,0.0312129,-0.0312129,16.0887,0.031134,-0.031134,13.0086,0.0313333,-0.0313333,420.817,3.221,-3.172,2.34754,0.0179144,-0.0179144,13.646,0.121,-0.121,13.061,0.069,-0.069,11.915,0.019,-0.019,11.657,0.019,-0.019,11.594,0.019,-0.019,,,,,,,,,,,,,,,,11.545,0.022,-0.022,11.573,0.02,-0.02,11.398,0.126,-0.126,9.325,,,12.9814,0.000324,-0.000324,,,,12.5648,0.0073,-0.0073,13.046,,,2014-11-18,2014-12-04,2014-11-18,1.0,0.0,0.0,0.0,0.0,0.0,0.0
4741,K2-188 c,K2-188,c,,,TIC 175236511,Gaia DR2 666195851913506816,Gaia DR3 666195851913506816,0,1,2,0,0,Transit,2018,<a refstr=MAYO_ET_AL__2018 href=https://ui.adsabs.harvard.edu/abs/2018AJ....155..136M/abstract target=ref>Mayo et al. 2018</a>,2018-03,Space,K2,0.95 m Kepler Telescope,Kepler CCD Array,0.0,0.0,0.0,1.0,0.0,0.0,0.0,0.0,0.0,0.0,Published Confirmed,0.0,<a refstr=MAYO_ET_AL__2018 href=https://ui.adsabs.harvard.edu/abs/2018AJ....155..136M/abstract target=ref>Mayo et al. 2018</a>,7.807595,0.000564,-0.000597,0.0,,,,,2.62511304,0.30825557,-0.17947791,0.0,0.2341969,0.02750072,-0.01601195,0.0,,,,,,,,,,,,,,,,,,,,,,,,,,,,,,,,,,,,,,,,,,,,,,,,,,88.09762,1.39984,-2.57758,0.0,2457144.86605,0.002563,-0.002623,0.0,,0.0,,,,,,,,,,,,,15.210352,2.138244,-4.824225,0.0,0.021697,0.00143,-0.000822,0.0,,,,,,,,,,,,,,,,,,,,,,,,,<a refstr=MAYO_ET_AL__2018 href=https://ui.adsabs.harvard.edu/abs/2018AJ....155..136M/abstract target=ref>Mayo et al. 2018</a>,,5982.0,50.0,-50.0,0.0,1.109202,0.107813,-0.063121,0.0,1.106611,0.031235,-0.024977,0.0,0.16,0.08,-0.08,0.0,[Fe/H],,,,,4.36,0.1,-0.1,0.0,,,,,,,,,,,,,,,,,,,,,<a refstr=STASSUN_ET_AL__2019 href=https://ui.adsabs.harvard.edu/abs/2019AJ....158..138S/abstract target=ref>TICv8</a>,08h39m15.29s,129.8137008,+23d21m26.77s,23.3574367,33.44489,201.65994,4.77514,126.1438,16.7652765,0.0625128,-0.0625128,13.1762,0.0702477,-0.0702477,-10.3664,0.047422,-0.047422,446.821,8.707,-8.385,2.20973,0.0424739,-0.0424739,13.219,0.015,-0.015,12.657,0.092,-0.092,11.502,0.02,-0.02,11.246,0.018,-0.018,11.149,0.022,-0.022,15.4736,0.0102688,-0.0102688,12.952,0.0009646,-0.0009646,12.5372,0.0009478,-0.0009478,12.4405,0.001002,-0.001002,14.0147,0.0141738,-0.0141738,11.121,0.022,-0.022,11.19,0.021,-0.021,11.286,0.214,-0.214,8.797,,,12.4903,0.000144,-0.000144,,,,12.0789,0.0069,-0.0069,12.704,,,2020-03-30,2018-03,2018-02-15,2.0,0.0,0.0,0.0,0.0,0.0,0.0
32205,Kepler-79 b,Kepler-79,b,,,TIC 239306681,Gaia DR2 2076085318570299136,Gaia DR3 2076085318570299136,0,1,4,0,0,Transit,2012,<a refstr=XIE_2013 href=https://ui.adsabs.harvard.edu/abs/2013ApJS..208...22X/abstract target=ref> Xie 2013 </a>,2013-10,Space,Kepler,0.95 m Kepler Telescope,Kepler CCD Array,0.0,0.0,0.0,1.0,0.0,0.0,0.0,0.0,0.0,0.0,Published Candidate,0.0,<a refstr=FULTON__AMP__PETIGURA_2018 href=https://ui.adsabs.harvard.edu/abs/2018AJ....156..264F/abstract target=ref>Fulton &amp; Petigura 2018</a>,13.48458665,2.154e-05,-2.154e-05,0.0,0.11929,0.00111,-0.00111,0.0,3.468,0.106,-0.106,0.0,0.30939477,0.0094567,-0.0094567,0.0,,,,,,,,,,,,,,,,,,,,,,,,,,,,,,,,,,,,,,,,,,181.7,13.0,-13.0,0.0,,,,,,,,,,,,,,1.0,,,,,,,,,,,,,,,,,0.024132,0.000321,-0.000143,0.0,,,,,,,,,,,,,,,,,,,,,,,,,<a refstr=FULTON__AMP__PETIGURA_2018 href=https://ui.adsabs.harvard.edu/abs/2018AJ....156..264F/abstract target=ref>Fulton &amp; Petigura 2018</a>,,6389.0,60.0,-60.0,0.0,1.316,0.038,-0.037,0.0,1.244,0.027,-0.042,0.0,0.06,0.04,-0.04,0.0,[Fe/H],,,,,,,,,1.32,1.03,-0.41,0.0,0.59,0.02,-0.05,0.0,,,,,,,,,,,,,<a refstr=STASSUN_ET_AL__2019 href=https://ui.adsabs.harvard.edu/abs/2019AJ....158..138S/abstract target=ref>TICv8</a>,20h02m04.11s,300.5171067,+44d22m53.58s,44.3815508,7.23801,79.57854,62.45244,321.69084,4.1020367,0.0366191,-0.0366191,-0.112637,0.0289976,-0.0289976,-4.10049,0.0366243,-0.0366243,1020.72,17.075,-17.075,0.951089,0.0162603,-0.0162603,14.548,0.038,-0.038,14.036,0.126,-0.126,12.913,0.025,-0.025,12.653,0.025,-0.025,12.606,0.031,-0.031,,,,,,,,,,,,,,,,12.482,0.023,-0.023,12.577,0.024,-0.024,12.488,,,9.627,,,13.8825,0.000218,-0.000218,,,,13.4763,0.01,-0.01,13.914,,,2024-12-05,2018-12,2024-12-05,1.0,0.0,0.0,0.0,0.0,0.0,0.0
21190,Kepler-24 e,Kepler-24,e,,,TIC 122376177,Gaia DR2 2052823535171095296,Gaia DR3 2052823535171095296,1,1,4,0,0,Transit,2014,<a refstr=ROWE_ET_AL__2014 href=https://ui.adsabs.harvard.edu/abs/2014ApJ...784...45R/abstract target=ref> Rowe et al. 2014</a>,2014-03,Space,Kepler,0.95 m Kepler Telescope,Kepler CCD Array,0.0,0.0,0.0,1.0,0.0,0.0,0.0,0.0,0.0,0.0,Published Confirmed,0.0,<a refstr=ROWE_ET_AL__2014 href=https://ui.adsabs.harvard.edu/abs/2014ApJ...784...45R/abstract target=ref> Rowe et al. 2014</a>,18.998355,0.000157,-0.000157,0.0,0.138,,,0.0,2.78,0.64,-0.64,0.0,0.248,0.057,-0.057,0.0,,,,,,,,,,,,,,,,,,,,,,,,,,,,,,,,,,,,,,,,,,,,,,,,,,,,,,2454977.74357,0.00555,-0.00555,0.0,BJD,1.0,0.1,0.22,-0.22,0.0,,,,,2.963,0.248,-0.248,0.0,,,,,,,,,,,,,,,,,,,,,,,,,,,,,,,,,<a refstr=ROWE_ET_AL__2014 href=https://ui.adsabs.harvard.edu/abs/2014ApJ...784...45R/abstract target=ref> Rowe et al. 2014</a>,,5897.0,219.0,-219.0,0.0,1.289,0.291,-0.291,0.0,,,,,,,,,,,,,,4.2,0.15,-0.15,0.0,,,,,,,,,,,,,,,,,,,,,<a refstr=STASSUN_ET_AL__2019 href=https://ui.adsabs.harvard.edu/abs/2019AJ....158..138S/abstract target=ref>TICv8</a>,19h21m39.18s,290.4132621,+38d20m37.42s,38.3437283,11.01831,70.54989,59.49349,302.60374,2.8787187,0.0431397,-0.0431397,-2.22669,0.0441115,-0.0441115,-1.82452,0.0416502,-0.0416502,1156.81,32.08,-32.08,0.836127,0.0237761,-0.0237761,16.163,0.067,-0.067,15.04,0.08,-0.08,13.763,0.023,-0.023,13.445,0.03,-0.03,13.372,0.037,-0.037,,,,,,,,,,,,,,,,13.249,0.025,-0.025,13.261,0.027,-0.027,12.401,0.326,-0.326,8.701,,,14.9234,0.000356,-0.000356,,,,14.4278,0.0074,-0.0074,14.925,,,2014-05-14,2014-03,2014-05-14,1.0,0.0,0.0,0.0,0.0,0.0,0.0
21228,Kepler-241 b,Kepler-241,b,,,TIC 137899939,Gaia DR2 2053551068272937088,Gaia DR3 2053551068272937088,0,1,2,0,0,Transit,2014,<a refstr=ROWE_ET_AL__2014 href=https://ui.adsabs.harvard.edu/abs/2014ApJ...784...45R/abstract target=ref> Rowe et al. 2014</a>,2014-03,Space,Kepler,0.95 m Kepler Telescope,Kepler CCD Array,0.0,0.0,0.0,1.0,0.0,0.0,0.0,0.0,0.0,0.0,Kepler Project Candidate (q1_q8_koi),0.0,<a refstr=Q1_Q8_KOI_TABLE href=https://exoplanetarchive.ipac.caltech.edu/docs/Kepler_KOI_docs.html target=ref>Q1-Q8 KOI Table</a>,12.71807,7.5e-05,-7.5e-05,0.0,0.093,,,0.0,2.17,0.39,-0.39,0.0,0.19359477,0.03479353,-0.03479353,0.0,,,,,,,,,,,,,,,,,,,,,,,,,,,,,,,,,,,,,,0.0,,,0.0,,,,0.0,548.0,,,0.0,89.38,,,0.0,2455008.354,0.002,-0.002,0.0,BJD,0.0,0.32,0.95,-0.95,0.0,0.1185,,,0.0,3.1446,,,0.0,30.0,12.0,-12.0,0.0,0.0307,0.0054,-0.0054,0.0,,,,,,,,,,,,0.0,,,,,,,,,,,,,<a refstr=Q1_Q8_KOI_TABLE href=https://exoplanetarchive.ipac.caltech.edu/docs/Kepler_KOI_docs.html target=ref>Q1-Q8 KOI Table</a>,,4709.0,63.0,-63.0,0.0,0.648,0.016,-0.016,0.0,0.671,0.017,-0.017,0.0,,,,0.0,,,,,,4.64,0.3,-0.3,0.0,13.9,3.9,-3.9,0.0,,,,0.0,,,,,,,,,,,,,<a refstr=STASSUN_ET_AL__2019 href=https://ui.adsabs.harvard.edu/abs/2019AJ....158..138S/abstract target=ref>TICv8</a>,19h31m39.15s,292.9131121,+41d03m39.52s,41.0609786,10.50791,73.89816,61.51257,307.9829,13.5047254,2.0993999,-2.0993999,1.05313,2.09939,-2.09939,13.4636,2.0994,-2.0994,,,,,,,16.437,0.068,-0.068,15.708,0.195,-0.195,13.608,0.026,-0.026,13.064,0.025,-0.025,12.881,0.033,-0.033,,,,,,,,,,,,,,,,12.858,0.023,-0.023,12.897,0.025,-0.025,12.592,0.389,-0.389,9.079001,,,15.3871,0.000781,-0.000781,,,,14.6815,0.0061,-0.0061,15.389,,,2013-10-28,2014-01-08,2013-10-28,1.0,0.0,0.0,0.0,0.0,0.0,0.0
32494,Kepler-800 b,Kepler-800,b,,,TIC 158275161,Gaia DR2 2106132875405444352,Gaia DR3 2106132875405444352,0,1,1,0,0,Transit,2016,<a refstr=MORTON_ET_AL__2016 href=https://ui.adsabs.harvard.edu/abs/2016ApJ...822...86M/abstract target=ref>Morton et al. 2016</a>,2016-05,Space,Kepler,0.95 m Kepler Telescope,Kepler CCD Array,0.0,0.0,0.0,1.0,0.0,0.0,0.0,0.0,0.0,0.0,Kepler Project Candidate (q1_q12_koi),0.0,<a refstr=Q1_Q12_KOI_TABLE href=https://exoplanetarchive.ipac.caltech.edu/docs/Kepler_KOI_docs.html target=ref>Q1-Q12 KOI Table</a>,14.13176026,4.273e-05,-4.273e-05,0.0,0.1107,,,0.0,2.91,1.22,-0.23,0.0,0.25961326,0.1088413,-0.02051926,0.0,,,,,,,,,,,,,,,,,,,,,,,,,,,,,,,,,,,,,,0.0,,,0.0,49.68,62.68,-11.75,0.0,677.0,,,0.0,88.24,,,0.0,2454975.26113,0.00256,-0.00256,0.0,BJD,0.0,0.6685,0.0001,-0.5112,0.0,0.11162,0.00315,-0.00315,0.0,3.854,0.0825,-0.0825,0.0,22.05,8.8,-8.8,0.0,0.032321,0.003008,-0.001862,0.0,,,,,,,,,,,,0.0,,,,,,,,,,,,,<a refstr=Q1_Q12_KOI_TABLE href=https://exoplanetarchive.ipac.caltech.edu/docs/Kepler_KOI_docs.html target=ref>Q1-Q12 KOI Table</a>,,5626.0,164.0,-150.0,0.0,0.824,0.346,-0.064,0.0,0.905,0.094,-0.088,0.0,-0.16,0.28,-0.26,0.0,[Fe/H],,,,,4.563,0.029,-0.283,0.0,,,,0.0,1.0156,1.22233,-0.17605,0.0,,,,,,,,,,,,,<a refstr=STASSUN_ET_AL__2019 href=https://ui.adsabs.harvard.edu/abs/2019AJ....158..138S/abstract target=ref>TICv8</a>,19h06m17.94s,286.5747697,+44d47m42.67s,44.7951858,16.28111,75.39413,66.4885,300.48943,7.2521129,0.0629742,-0.0629742,-2.10346,0.0582167,-0.0582167,-6.94036,0.0633933,-0.0633933,1019.26,33.22,-31.216,0.952861,0.0307582,-0.0307582,16.88,0.108,-0.108,15.92,0.115,-0.115,14.446,0.028,-0.028,14.042,0.036,-0.036,13.916,0.051,-0.051,,,,,,,,,,,,,,,,13.965,0.024,-0.024,14.035,0.032,-0.032,13.079,,,9.537,,,15.7477,0.000502,-0.000502,,,,15.2167,0.0066,-0.0066,15.762,,,2014-11-18,2014-12-04,2014-11-18,1.0,0.0,0.0,0.0,0.0,0.0,0.0
17363,Kepler-1795 b,Kepler-1795,b,,,TIC 120893436,Gaia DR2 2100442009378111744,Gaia DR3 2100442009379544320,0,1,1,0,0,Transit,2021,<a refstr=VALIZADEGAN_ET_AL__2022 href=https://ui.adsabs.harvard.edu/abs/2022ApJ...926..120V/abstract target=ref>Valizadegan et al. 2022</a>,2022-02,Space,Kepler,0.95 m Kepler Telescope,Kepler CCD Array,0.0,0.0,0.0,1.0,0.0,0.0,0.0,0.0,0.0,0.0,Kepler Project Candidate (q1_q12_koi),0.0,<a refstr=Q1_Q12_KOI_TABLE href=https://exoplanetarchive.ipac.caltech.edu/docs/Kepler_KOI_docs.html target=ref>Q1-Q12 KOI Table</a>,13.36020599,5.775e-05,-5.775e-05,0.0,0.1004,,,0.0,1.91,0.13,-0.11,0.0,0.17039908,0.01159784,-0.00981356,0.0,,,,,,,,,,,,,,,,,,,,,,,,,,,,,,,,,,,,,,0.0,,,0.0,18.0,5.21,-3.71,0.0,525.0,,,0.0,89.95,,,0.0,2454964.81294,0.00329,-0.00329,0.0,BJD,0.0,0.0249,0.424,-0.0248,0.0,0.08041,0.00395,-0.00395,0.0,2.788,0.112,-0.112,0.0,37.51,4.9,-4.9,0.0,0.024825,0.001333,-0.000691,0.0,,,,,,,,,,,,0.0,,,,,,,,,,,,,<a refstr=Q1_Q12_KOI_TABLE href=https://exoplanetarchive.ipac.caltech.edu/docs/Kepler_KOI_docs.html target=ref>Q1-Q12 KOI Table</a>,,4491.0,149.0,-123.0,0.0,0.706,0.045,-0.041,0.0,0.76,0.03,-0.065,0.0,0.28,0.16,-0.26,0.0,[Fe/H],,,,,4.619,0.022,-0.043,0.0,,,,0.0,5.59381,0.72782,-1.98539,0.0,,,,,,,,,,,,,<a refstr=STASSUN_ET_AL__2019 href=https://ui.adsabs.harvard.edu/abs/2019AJ....158..138S/abstract target=ref>TICv8</a>,19h05m55.02s,286.4792568,+39d16m11.57s,39.2698793,14.18925,70.09283,61.16839,297.08649,18.5988314,2.1167262,-2.1167262,-10.1421,2.11667,-2.11667,-15.5902,2.11675,-2.11675,,,,,,,17.598,0.063,-0.063,16.188,0.217,-0.217,13.796,0.024,-0.024,13.146,0.027,-0.027,12.996,0.031,-0.031,19.3008,0.0281854,-0.0281854,16.8069,0.0038814,-0.0038814,15.6302,0.0039344,-0.0039344,15.1557,0.0035813,-0.0035813,14.8826,0.0047372,-0.0047372,12.885,0.025,-0.025,12.949,0.026,-0.026,12.805,0.451,-0.451,9.033,,,15.7903,0.00537,-0.00537,,,,15.0222,0.0085,-0.0085,15.637,,,2014-11-18,2014-12-04,2014-11-18,0.0,0.0,0.0,0.0,0.0,0.0,0.0
36050,TOI-1221 b,TOI-1221,b,,,TIC 349095149,Gaia DR2 5282270089967734912,Gaia DR3 5282270085669557504,0,1,1,0,0,Transit,2023,<a refstr=MANN_ET_AL__2023 href=https://ui.adsabs.harvard.edu/abs/2023AJ....165..217M/abstract target=ref>Mann et al. 2023</a>,2023-05,Space,Transiting Exoplanet Survey Satellite (TESS),0.1 m TESS Telescope,TESS CCD Array,0.0,0.0,0.0,1.0,0.0,0.0,0.0,0.0,0.0,0.0,TESS Project Candidate,0.0,<a refstr=EXOFOP_TESS_TOI href=https://exofop.ipac.caltech.edu/tess/view_toi.php target=ref>ExoFOP-TESS TOI</a>,91.68278322762,0.00064477813,-0.00064477813,0.0,,,,,3.23985502,0.1987719,-0.1987719,0.0,0.289041,0.01773327,-0.01773327,0.0,,,,,,,,,,,,,,,,,,,,,,,,,,,,,,,,,,,,,,,,,,5.9945,,,0.0,399.08,,,0.0,,,,,2458404.181466,0.00635962,-0.00635962,0.0,BJD,1.0,,,,,0.07132184,0.00348615,-0.00348615,0.0,9.7504857,0.4797651,-0.4797651,0.0,,,,,,,,,,,,,,,,,,,,,,,,,,,,,,,,,<a refstr=EXOFOP_TESS_TOI href=https://exofop.ipac.caltech.edu/tess/view_toi.php target=ref>ExoFOP-TESS TOI</a>,,5802.0,190.0,-190.0,0.0,1.01814,0.049078,-0.049078,0.0,,,,,,,,,,,,,,4.44521,0.305694,-0.305694,0.0,,,,,,,,,,,,,,,,,,,,,<a refstr=STASSUN_ET_AL__2019 href=https://ui.adsabs.harvard.edu/abs/2019AJ....158..138S/abstract target=ref>TICv8</a>,07h11m41.05s,107.9210254,-65d30m31.88s,-65.5088568,-22.48281,276.38676,-82.67136,180.03939,39.5103311,0.0455101,-0.0455101,0.47298,0.0443256,-0.0443256,39.5075,0.0455103,-0.0455103,138.411,0.387,-0.386,7.19597,0.0200197,-0.0200197,11.344,0.085,-0.085,10.494,0.006,-0.006,9.433,0.023,-0.023,9.089,0.022,-0.022,9.036,0.021,-0.021,,,,,,,,,,,,,,,,8.981,0.021,-0.021,9.037,0.018,-0.018,9.017,0.023,-0.023,9.216,0.376,-0.376,10.5262,0.000245,-0.000245,,,,10.0564,0.006,-0.006,,,,2024-09-16,2017-07,2024-09-16,2.0,0.0,0.0,0.0,0.0,0.0,0.0
29729,Kepler-603 b,Kepler-603,b,,,TIC 270948636,Gaia DR2 2077556465126659456,Gaia DR3 2077556465126659456,0,1,3,0,0,Transit,2016,<a refstr=MORTON_ET_AL__2016 href=https://ui.adsabs.harvard.edu/abs/2016ApJ...822...86M/abstract target=ref>Morton et al. 2016</a>,2016-05,Space,Kepler,0.95 m Kepler Telescope,Kepler CCD Array,0.0,0.0,0.0,1.0,0.0,0.0,0.0,0.0,0.0,0.0,Kepler Project Candidate (q1_q12_koi),0.0,<a refstr=Q1_Q12_KOI_TABLE href=https://exoplanetarchive.ipac.caltech.edu/docs/Kepler_KOI_docs.html target=ref>Q1-Q12 KOI Table</a>,21.05358596,8.943e-05,-8.943e-05,0.0,0.1484,,,0.0,2.35,0.98,-0.2,0.0,0.20965332,0.08742989,-0.01784284,0.0,,,,,,,,,,,,,,,,,,,,,,,,,,,,,,,,,,,,,,0.0,,,0.0,42.09,51.84,-11.06,0.0,650.0,,,0.0,89.95,,,0.0,2455004.92433,0.00231,-0.00231,0.0,BJD,0.0,0.013,0.3779,-0.0129,0.0,0.06756,0.00152,-0.00152,0.0,7.2144,0.0733,-0.0733,0.0,22.83,1.2,-1.2,0.0,0.02375,0.000607,-0.000237,0.0,,,,,,,,,,,,0.0,,,,,,,,,,,,,<a refstr=Q1_Q12_KOI_TABLE href=https://exoplanetarchive.ipac.caltech.edu/docs/Kepler_KOI_docs.html target=ref>Q1-Q12 KOI Table</a>,,5960.0,159.0,-183.0,0.0,0.906,0.378,-0.078,0.0,0.983,0.117,-0.121,0.0,-0.2,0.27,-0.28,0.0,[Fe/H],,,,,4.516,0.038,-0.299,0.0,,,,0.0,0.50778,0.02754,-0.10935,0.0,,,,,,,,,,,,,<a refstr=STASSUN_ET_AL__2019 href=https://ui.adsabs.harvard.edu/abs/2019AJ....158..138S/abstract target=ref>TICv8</a>,19h37m07.43s,294.2809679,+42d17m27.35s,42.2909295,10.16352,75.48527,62.3243,310.90977,4.1148948,0.0745583,-0.0745583,-2.82857,0.0751419,-0.0751419,-2.98857,0.0740317,-0.0740317,1539.63,96.82,-96.82,0.622891,0.0397439,-0.0397439,15.716,0.17,-0.17,14.969,0.172,-0.172,13.601,0.024,-0.024,13.282,0.026,-0.026,13.214,0.034,-0.034,,,,,,,,,,,,,,,,13.171,0.079,-0.079,13.226,0.071,-0.071,12.567,,,9.25,,,14.8159,0.000287,-0.000287,,,,14.3224,0.0078,-0.0078,14.854,,,2014-11-18,2014-12-04,2014-11-18,1.0,0.0,0.0,0.0,0.0,0.0,0.0
6888,Kepler-10 b,Kepler-10,b,,,TIC 377780790,Gaia DR2 2132155017099178624,Gaia DR3 2132155017099178624,0,1,3,0,0,Transit,2011,<a refstr=BATAHLA_ET_AL__2011 href=https://ui.adsabs.harvard.edu/abs/2011ApJ...729...27B/abstract target=ref> Batalha et al. 2011 </a>,2011-03,Space,Kepler,0.95 m Kepler Telescope,Kepler CCD Array,1.0,0.0,0.0,1.0,0.0,1.0,0.0,0.0,0.0,0.0,Published Confirmed,0.0,<a refstr=BERGER_ET_AL__2018 href=https://ui.adsabs.harvard.edu/abs/2018ApJ...866...99B/abstract target=ref>Berger et al. 2018</a>,,,,,,,,,1.489,0.07,-0.062,0.0,0.13283968,0.00624498,-0.00553127,0.0,,,,,,,,,,,,,,,,,,,,,,,,,,,,,,,,,,,,,,,,,,3741.78,79.693,-78.309,0.0,,,,,,,,,,,,,,0.0,,,,,,,,,,,,,,,,,,,,,,,,,,,,,,,,,,,,,,,,,,,,,<a refstr=BERGER_ET_AL__2018 href=https://ui.adsabs.harvard.edu/abs/2018ApJ...866...99B/abstract target=ref>Berger et al. 2018</a>,,5599.0,112.0,-112.0,0.0,1.087,0.046,-0.044,0.0,,,,,,,,,,,,,,,,,,,,,,,,,,,,,,,,,,,,,,<a refstr=STASSUN_ET_AL__2019 href=https://ui.adsabs.harvard.edu/abs/2019AJ....158..138S/abstract target=ref>TICv8</a>,19h02m43.03s,285.679298,+50d14m29.34s,50.2414842,18.81626,80.48988,71.85007,303.69711,45.3461486,0.0457027,-0.0457027,-18.3937,0.0448046,-0.0448046,41.4481,0.0458775,-0.0458775,185.506,0.811,-0.805,5.36185,0.0233009,-0.0233009,12.258,0.067,-0.067,11.043,0.023,-0.023,9.889,0.022,-0.022,9.563,0.025,-0.025,9.496,0.021,-0.021,,,,,,,,,,,,,,,,9.44,0.023,-0.023,9.491,0.02,-0.02,9.443,0.029,-0.029,9.403,0.482,-0.482,10.9191,0.000318,-0.000318,,,,10.4767,0.006,-0.006,10.961,,,2018-09-04,2018-10,2018-09-06,2.0,0.0,2.0,0.0,0.0,0.0,0.0
199,BD+14 4559 b,BD+14 4559,b,,HIP 104780,TIC 230183006,Gaia DR2 1759623813132980864,Gaia DR3 1759623813132980864,0,1,1,0,0,Radial Velocity,2009,<a refstr=NIEDZIELSKI_ET_AL__2009 href=https://ui.adsabs.harvard.edu/abs/2009ApJ...707..768N/abstract target=ref> Niedzielski et al. 2009 </a>,2009-12,Ground,McDonald Observatory,9.2 m Hobby-Eberly Telescope,High Resolution Spectrograph,1.0,0.0,0.0,0.0,0.0,0.0,0.0,0.0,0.0,0.0,Published Confirmed,0.0,<a refstr=NIEDZIELSKI_ET_AL__2009 href=https://ui.adsabs.harvard.edu/abs/2009ApJ...707..768N/abstract target=ref> Niedzielski et al. 2009 </a>,268.94,0.99,-0.99,0.0,0.777,,,0.0,,,,,,,,,,,,,,,,,467.19,,,0.0,1.47,,,0.0,,,,,,,,,467.19,,,0.0,1.47,,,0.0,Msini,,,,,0.29,0.03,-0.03,0.0,,,,,,,,,,,,,,,,,,0.0,,,,,,,,,,,,,,,,,,,,,,,,,2453293.71,6.35,-6.35,0.0,87.64,7.87,-7.87,0.0,55.21,2.29,-2.29,0.0,,,,,,,,,<a refstr=NIEDZIELSKI_ET_AL__2009 href=https://ui.adsabs.harvard.edu/abs/2009ApJ...707..768N/abstract target=ref> Niedzielski et al. 2009 </a>,K2 V,5008.0,20.0,-20.0,0.0,0.95,0.2,-0.2,0.0,0.86,0.15,-0.15,0.0,0.1,0.07,-0.07,0.0,[Fe/H],-0.32,,,0.0,4.6,0.05,-0.05,0.0,,,,,,,,,2.5,1.0,-1.0,0.0,,,,,,,,,<a refstr=STASSUN_ET_AL__2019 href=https://ui.adsabs.harvard.edu/abs/2019AJ....158..138S/abstract target=ref>TICv8</a>,21h13m36.24s,318.4010002,+14d41m21.78s,14.6893834,-22.63172,64.41837,29.21653,325.97253,233.993162,0.0573166,-0.0573166,233.993,0.0573166,-0.0573166,-0.27532,0.0559571,-0.0559571,49.352,0.0846,-0.0844,20.2337,0.0344514,-0.0344514,10.581,0.031,-0.031,9.78,0.03,-0.03,7.882,0.029,-0.029,7.455,0.018,-0.018,7.336,0.023,-0.023,,,,,,,,,,,,,,,,7.207,0.035,-0.035,7.35,0.02,-0.02,7.289,0.017,-0.017,7.176,0.086,-0.086,9.35108,0.000253,-0.000253,,,,8.7505,0.006,-0.006,,,,2018-04-25,2009-12,2014-05-14,0.0,1.0,1.0,0.0,0.0,0.0,0.0
37595,UCAC3 113-933 b,UCAC3 113-933,b,,,TIC 63726082,Gaia DR2 2315343240650059520,Gaia DR3 2315343240650059520,1,1,1,0,0,Imaging,2024,<a refstr=ROTHERMICH_ET_AL__2024 href=https://ui.adsabs.harvard.edu/abs/2024AJ....167..253R/abstract target=ref>Rothermich et al. 2024</a>,2024-06,Ground,Multiple Observatories,Multiple Telescopes,Multiple Instruments,0.0,0.0,0.0,0.0,0.0,0.0,0.0,0.0,1.0,0.0,Published Confirmed,0.0,<a refstr=ROTHERMICH_ET_AL__2024 href=https://ui.adsabs.harvard.edu/abs/2024AJ....167..253R/abstract target=ref>Rothermich et al. 2024</a>,,,,,6100.0,,,0.0,,,,,,,,,6674.396547,,,0.0,21.0,,,0.0,,,,,,,,,,,,,,,,,6674.396547,,,0.0,21.0,,,0.0,Mass,,,,,,,,,,,,,,,,,,,,,,,,,,0.0,,,,,,,,,,,,,,,,,,,,,,,,,,,,,,,,,,,,,,,,,,,,,<a refstr=ROTHERMICH_ET_AL__2024 href=https://ui.adsabs.harvard.edu/abs/2024AJ....167..253R/abstract target=ref>Rothermich et al. 2024</a>,M0,,,,,,,,,0.61,,,0.0,-0.95,0.02,-0.01,0.0,[Fe/H],,,,,,,,,0.55,0.45,-0.45,0.0,,,,,11.22,5.42,-5.42,0.0,,,,,12.47,0.52,-0.52,0.0,<a refstr=STASSUN_ET_AL__2019 href=https://ui.adsabs.harvard.edu/abs/2019AJ....158..138S/abstract target=ref>TICv8</a>,00h21m06.19s,5.2758121,-33d48m11.40s,-33.8031679,-80.66367,345.4623,-32.7399,349.64062,124.4385435,0.0600049,-0.0600049,113.381,0.0601612,-0.0601612,-51.2806,0.0592346,-0.0592346,52.5829,0.10905,-0.10905,18.9887,0.0391332,-0.0391332,13.934,0.048,-0.048,12.501,0.08,-0.08,9.726,0.023,-0.023,9.020001,0.022,-0.022,8.866,0.021,-0.021,,,,,,,,,,,,,,,,8.728,0.023,-0.023,8.718,0.021,-0.021,8.603,0.024,-0.024,9.19,0.542,-0.542,11.8242,0.000285,-0.000285,,,,10.8674,0.0072905,-0.0072905,,,,2024-05-28,2024-06,2024-05-28,1.0,0.0,0.0,0.0,0.0,0.0,0.0
37751,WASP-117 b,WASP-117,b,,,TIC 166739520,Gaia DR2 4746157737910069888,Gaia DR3 4746157737910069888,0,1,1,0,0,Transit,2014,<a refstr=LENDL_ET_AL__2014 href=https://ui.adsabs.harvard.edu/abs/2014A&A...568A..81L/abstract target=ref> Lendl et al. 2014</a>,2014-08,Ground,SuperWASP,Canon 200mm f/1.8L,iKon-L CCD Camera,1.0,0.0,0.0,1.0,0.0,0.0,0.0,0.0,0.0,0.0,Published Confirmed,0.0,<a refstr=PATEL__AMP__ESPINOZA_2022 href=https://ui.adsabs.harvard.edu/abs/2022AJ....163..228P/abstract target=ref>Patel &amp; Espinoza 2022</a>,10.0205927,4.5e-06,-4.7e-06,0.0,,,,,,,,,,,,,,,,,,,,,,,,,,,,,,,,,,,,,,,,,,,,,,,,,,,,,,,,,,,,,,,,,,2459139.17818,0.00024,-0.00025,0.0,BJD,0.0,0.435,0.041,-0.052,0.0,,,,,,,,,16.93,0.39,-0.35,0.0,0.0865,0.0006,-0.0007,0.0,,,,,,,,,,,,,,,,,,,,,,,,,<a refstr=STASSUN_ET_AL__2017 href=https://ui.adsabs.harvard.edu/abs/2017AJ....153..136S/abstract target=ref>Stassun et al. 2017</a>,,6040.0,90.0,-90.0,0.0,1.22,0.06,-0.06,0.0,1.29,0.3,-0.3,0.0,-0.11,,,0.0,[Fe/H],,,,,4.28,0.16,-0.16,0.0,,,,,1.0,0.17,-0.17,0.0,,,,,,,,,,,,,<a refstr=STASSUN_ET_AL__2019 href=https://ui.adsabs.harvard.edu/abs/2019AJ....158..138S/abstract target=ref>TICv8</a>,02h27m06.19s,36.7758112,-50d17m03.93s,-50.2844247,-60.52943,271.16031,-59.08374,5.02072,64.8627232,0.037978,-0.037978,59.958,0.0383035,-0.0383035,24.7429,0.0360075,-0.0360075,157.963,0.636,-0.632,6.30176,0.0252184,-0.0252184,10.743,0.067,-0.067,10.139,0.005,-0.005,9.143,0.022,-0.022,8.86,0.024,-0.024,8.78,0.021,-0.021,,,,,,,,,,,,,,,,8.749,0.022,-0.022,8.791,0.019,-0.019,8.761,0.027,-0.027,8.772,0.356,-0.356,10.0269,0.000301,-0.000301,,,,9.6411,0.006,-0.006,,,,2022-05-03,2022-05,2022-05-03,0.0,0.0,0.0,0.0,0.0,3.0,0.0
10312,Kepler-1232 b,Kepler-1232,b,,,TIC 351190880,Gaia DR2 2086814864122389760,Gaia DR3 2086814864122389760,0,1,1,0,0,Transit,2016,<a refstr=MORTON_ET_AL__2016 href=https://ui.adsabs.harvard.edu/abs/2016ApJ...822...86M/abstract target=ref>Morton et al. 2016</a>,2016-05,Space,Kepler,0.95 m Kepler Telescope,Kepler CCD Array,0.0,0.0,0.0,1.0,0.0,0.0,0.0,0.0,0.0,0.0,Published Candidate,0.0,<a refstr=FULTON__AMP__PETIGURA_2018 href=https://ui.adsabs.harvard.edu/abs/2018AJ....156..264F/abstract target=ref>Fulton &amp; Petigura 2018</a>,26.7839183,0.0001786,-0.0001786,0.0,0.16545,0.0014,-0.0014,0.0,1.659,0.079,-0.079,0.0,0.14800632,0.00704792,-0.00704792,0.0,,,,,,,,,,,,,,,,,,,,,,,,,,,,,,,,,,,,,,,,,,14.4,1.1,-1.1,0.0,,,,,,,,,,,,,,0.0,,,,,,,,,,,,,,,,,0.019666,0.000437,-0.001107,0.0,,,,,,,,,,,,,,,,,,,,,,,,,<a refstr=FULTON__AMP__PETIGURA_2018 href=https://ui.adsabs.harvard.edu/abs/2018AJ....156..264F/abstract target=ref>Fulton &amp; Petigura 2018</a>,,5214.0,60.0,-60.0,0.0,0.773,0.022,-0.021,0.0,0.841,0.019,-0.024,0.0,-0.02,0.04,-0.04,0.0,[Fe/H],,,,,,,,,2.63,2.99,-1.95,0.0,1.77,0.07,-0.09,0.0,,,,,,,,,,,,,<a refstr=STASSUN_ET_AL__2019 href=https://ui.adsabs.harvard.edu/abs/2019AJ....158..138S/abstract target=ref>TICv8</a>,19h46m12.02s,296.5500966,+49d06m08.31s,49.102307,11.93253,82.37845,67.89125,321.03278,10.4434458,0.0379644,-0.0379644,10.2173,0.0379226,-0.0379226,-2.16156,0.0388856,-0.0388856,632.865,7.674,-7.495,1.55144,0.0187924,-0.0187924,15.939,0.053,-0.053,14.97,0.114,-0.114,13.451,0.026,-0.026,13.087,0.032,-0.032,12.965,0.024,-0.024,,,,,,,,,,,,,,,,12.863,0.023,-0.023,12.997,0.022,-0.022,13.061,,,9.211,,,14.7619,0.00031,-0.00031,,,,14.2122,0.0097,-0.0097,14.803,,,2024-12-05,2018-12,2024-12-05,1.0,0.0,0.0,0.0,0.0,0.0,0.0
4531,K2-15 b,K2-15,b,,,TIC 366696612,Gaia DR2 3896271842760486272,Gaia DR3 3896271842760486272,0,1,1,0,0,Transit,2015,<a refstr=MONTET_ET_AL__2015 href=https://ui.adsabs.harvard.edu/abs/2015ApJ...809...25M/abstract target=ref>Montet et al. 2015</a>,2015-08,Space,K2,0.95 m Kepler Telescope,Kepler CCD Array,0.0,0.0,0.0,1.0,0.0,0.0,0.0,0.0,0.0,0.0,Published Candidate,0.0,<a refstr=KRUSE_ET_AL__2019 href=https://ui.adsabs.harvard.edu/abs/2019ApJS..244...11K/abstract target=ref>Kruse et al. 2019</a>,11.81004,0.0006,-0.00058,0.0,,,,,3.08,0.44,-0.56,0.0,0.275,0.039,-0.05,0.0,,,,,,,,,,,,,,,,,,,,,,,,,,,,,,,,,,,,,,,,,,,,,,,,,,,,,,2456811.8513,0.0022,-0.0022,0.0,BJD,0.0,,,,,0.1329,0.0053,-0.0054,0.0,2.4024,0.096,-0.12,0.0,35.4,9.3,-3.8,0.0,0.0354,0.0016,-0.0028,0.0,,,,,,,,,,,,,,,,,,,,,,,,,<a refstr=KRUSE_ET_AL__2019 href=https://ui.adsabs.harvard.edu/abs/2019ApJS..244...11K/abstract target=ref>Kruse et al. 2019</a>,,,,,,0.8,0.11,-0.13,0.0,,,,,,,,,,,,,,,,,,,,,,,,,,,,,,,,,,,,,,<a refstr=STASSUN_ET_AL__2019 href=https://ui.adsabs.harvard.edu/abs/2019AJ....158..138S/abstract target=ref>TICv8</a>,11h52m26.54s,178.1105741,+04d15m16.79s,4.2546649,63.14101,268.74194,3.15223,176.56963,53.5821224,0.0662296,-0.0662296,-49.1714,0.0702987,-0.0702987,-21.2889,0.037718,-0.037718,493.992,9.0765,-9.0765,1.9959,0.0369068,-0.0369068,15.49,0.055,-0.055,14.758,0.172,-0.172,13.067,0.024,-0.024,12.555,0.023,-0.023,12.495,0.026,-0.026,17.3504,0.0105599,-0.0105599,15.7113,0.005076,-0.005076,14.4634,0.0032952,-0.0032952,14.7719,0.0059813,-0.0059813,14.6451,0.0074086,-0.0074086,12.462,0.024,-0.024,12.499,0.024,-0.024,11.846,,,8.853,,,14.4237,0.000374,-0.000374,,,,13.8622,0.0066,-0.0066,14.403,,,2019-09-05,2019-09,2019-09-05,0.0,0.0,0.0,0.0,0.0,0.0,0.0
13798,Kepler-149 c,Kepler-149,c,,,TIC 120638033,Gaia DR2 2100015089629466112,Gaia DR3 2100015089629466112,0,1,3,0,0,Transit,2014,<a refstr=ROWE_ET_AL__2014 href=https://ui.adsabs.harvard.edu/abs/2014ApJ...784...45R/abstract target=ref> Rowe et al. 2014</a>,2014-03,Space,Kepler,0.95 m Kepler Telescope,Kepler CCD Array,0.0,0.0,0.0,1.0,0.0,0.0,0.0,0.0,0.0,0.0,Published Confirmed,0.0,<a refstr=GAJDO_SCARON__ET_AL__2019 href=https://ui.adsabs.harvard.edu/abs/2019RAA....19...41G/abstract target=ref>Gajdo&scaron; et al. 2019</a>,55.3290939017,0.0003753763,-0.0003753763,0.0,,,,,,,,,,,,,,,,,,,,,,,,,,,,,,,,,,,,,,,,,,,,,,,,,,,,,,,,,,,,,,,,,,2455019.31666,0.00475898,-0.00475898,0.0,BJD,0.0,,,,,,,,,,,,,,,,,,,,,,,,,,,,,,,,,,,,,,,,,,,,,<a refstr=STASSUN_ET_AL__2019 href=https://ui.adsabs.harvard.edu/abs/2019AJ....158..138S/abstract target=ref>TICv8</a>,,5380.49,32.01,-32.01,0.0,1.00315,,,0.0,0.93,,,0.0,0.3805,0.0305,-0.0305,0.0,[M/H],-0.11929,,,0.0,4.40382,,,0.0,,,,,1.298841,,,0.0,,,,,,,,,,,,,<a refstr=STASSUN_ET_AL__2019 href=https://ui.adsabs.harvard.edu/abs/2019AJ....158..138S/abstract target=ref>TICv8</a>,19h03m24.89s,285.8537014,+38d23m02.73s,38.3840916,14.28192,69.05421,60.41635,295.70172,5.5377455,0.0280235,-0.0280235,-1.96282,0.0287324,-0.0287324,-5.17822,0.0279202,-0.0279202,571.034,5.715,-5.715,1.72244,0.0173934,-0.0173934,15.298,0.067,-0.067,14.152,0.114,-0.114,12.694,0.023,-0.023,12.274,0.025,-0.025,12.184,0.025,-0.025,16.4559,0.0061174,-0.0061174,14.6028,0.0029463,-0.0029463,13.9211,0.0032759,-0.0032759,13.7562,0.0035344,-0.0035344,13.6369,0.0034901,-0.0034901,12.019,0.022,-0.022,12.104,0.021,-0.021,12.04,0.221,-0.221,9.316,,,14.0194,0.000194,-0.000194,,,,13.486,0.0122,-0.0122,14.001,,,2019-04-16,2019-03,2019-04-18,1.0,0.0,0.0,0.0,0.0,0.0,0.0
13502,Kepler-1468 b,Kepler-1468,b,,,TIC 138219758,Gaia DR2 2077389820395188736,Gaia DR3 2077389820395188736,0,1,3,0,0,Transit,2016,<a refstr=MORTON_ET_AL__2016 href=https://ui.adsabs.harvard.edu/abs/2016ApJ...822...86M/abstract target=ref>Morton et al. 2016</a>,2016-05,Space,Kepler,0.95 m Kepler Telescope,Kepler CCD Array,0.0,0.0,0.0,1.0,0.0,0.0,0.0,0.0,0.0,0.0,Kepler Project Candidate (q1_q17_dr24_koi),0.0,<a refstr=Q1_Q17_DR24_KOI_TABLE href=https://exoplanetarchive.ipac.caltech.edu/docs/Kepler_KOI_docs.html target=ref>Q1-Q17 DR24 KOI Table</a>,8.23984869,3.988e-05,-3.988e-05,0.0,0.0805,,,0.0,1.59,0.65,-0.16,0.0,0.14185054,0.05798922,-0.01427427,0.0,,,,,,,,,,,,,,,,,,,,,,,,,,,,,,,,,,,,,,0.0,,,0.0,167.45,204.9,-47.81,0.0,917.0,,,0.0,88.81,,,0.0,2454970.75457,0.00392,-0.00392,0.0,BJD,0.0,0.1804,0.232,-0.1802,0.0,0.02641,0.00097,-0.00097,0.0,5.617,0.109,-0.109,0.0,11.21,1.2,-1.2,0.0,0.014875,0.000506,-0.000282,0.0,,,,,,,,,,,,0.0,,,,,,,,,,,,,<a refstr=Q1_Q17_DR24_KOI_TABLE href=https://exoplanetarchive.ipac.caltech.edu/docs/Kepler_KOI_docs.html target=ref>Q1-Q17 DR24 KOI Table</a>,,5973.0,161.0,-193.0,0.0,0.976,0.404,-0.095,0.0,1.019,0.158,-0.122,0.0,-0.06,0.22,-0.3,0.0,[Fe/H],,,,,4.469,0.052,-0.29,0.0,,,,0.0,0.39233,0.04196,-0.11175,0.0,,,,,,,,,,,,,<a refstr=STASSUN_ET_AL__2019 href=https://ui.adsabs.harvard.edu/abs/2019AJ....158..138S/abstract target=ref>TICv8</a>,19h34m04.76s,293.5198289,+41d16m38.52s,41.2773671,10.20012,74.30564,61.56663,309.03733,13.9056353,0.0443835,-0.0443835,-7.76301,0.0432668,-0.0432668,-11.537,0.0448799,-0.0448799,1899.24,89.82,-89.82,0.498369,0.0246783,-0.0246783,15.95,0.036,-0.036,15.111,0.217,-0.217,13.845,0.024,-0.024,13.497,0.026,-0.026,13.458,0.042,-0.042,,,,,,,,,,,,,,,,13.384,0.023,-0.023,13.441,0.027,-0.027,12.892,0.516,-0.516,9.412,,,14.9515,0.000308,-0.000308,,,,14.4675,0.0085,-0.0085,15.024,,,2015-08-25,2015-09-24,2015-08-25,1.0,0.0,0.0,0.0,0.0,0.0,0.0
29659,Kepler-60 b,Kepler-60,b,,,TIC 158923465,Gaia DR2 2102316985943863424,Gaia DR3 2102316985943863424,0,1,3,0,0,Transit,2012,<a refstr=STEFFEN_ET_AL__2013 href=https://ui.adsabs.harvard.edu/abs/2013MNRAS.428.1077S/abstract target=ref> Steffen et al. 2013 </a>,2013-01,Space,Kepler,0.95 m Kepler Telescope,Kepler CCD Array,0.0,0.0,0.0,1.0,0.0,0.0,0.0,0.0,0.0,0.0,Kepler Project Candidate (q1_q16_koi),0.0,<a refstr=Q1_Q16_KOI_TABLE href=https://exoplanetarchive.ipac.caltech.edu/docs/Kepler_KOI_docs.html target=ref>Q1-Q16 KOI Table</a>,7.13294363,3.892e-05,-3.892e-05,0.0,0.075,,,0.0,1.97,1.09,-0.5,0.0,0.17575193,0.09724345,-0.04460709,0.0,,,,,,,,,,,,,,,,,,,,,,,,,,,,,,,,,,,,,,0.0,,,0.0,492.93,823.79,-253.15,0.0,1202.0,,,0.0,83.65,,,0.0,2454968.99296,0.005,-0.005,0.0,BJD,1.0,0.8212,0.013,-0.5724,0.0,0.01484,0.00061,-0.00061,0.0,4.445,0.139,-0.139,0.0,7.31,3.3,-3.3,0.0,0.012459,0.001739,-0.001244,0.0,,,,,,,,,,,,0.0,,,,,,,,,,,,,<a refstr=Q1_Q16_KOI_TABLE href=https://exoplanetarchive.ipac.caltech.edu/docs/Kepler_KOI_docs.html target=ref>Q1-Q16 KOI Table</a>,,6200.0,160.0,-199.0,0.0,1.448,0.801,-0.37,0.0,1.105,0.304,-0.15,0.0,-0.1,0.24,-0.3,0.0,[Fe/H],,,,,4.16,0.218,-0.28,0.0,,,,0.0,0.14551,0.51842,-0.02142,0.0,,,,,,,,,,,,,<a refstr=STASSUN_ET_AL__2019 href=https://ui.adsabs.harvard.edu/abs/2019AJ....158..138S/abstract target=ref>TICv8</a>,19h15m50.70s,288.9612535,+42d15m54.17s,42.2650472,13.68998,73.69945,63.56774,302.69285,7.9110585,0.0316826,-0.0316826,1.78746,0.0296147,-0.0296147,7.70648,0.03179,-0.03179,1025.1,19.97,-19.22,0.946821,0.018502,-0.018502,14.477,0.088,-0.088,13.95,0.137,-0.137,12.804,0.023,-0.023,12.569,0.018,-0.018,12.516,0.018,-0.018,,,,,,,,,,,,,,,,12.45,0.023,-0.023,12.474,0.022,-0.022,11.979,0.22,-0.22,8.875,,,13.9132,0.000234,-0.000234,,,,13.4729,0.0072,-0.0072,13.959,,,2014-11-21,2014-12-18,2014-11-21,1.0,0.0,0.0,0.0,0.0,0.0,0.0
38300,WASP-3 b,WASP-3,b,,,TIC 27848472,Gaia DR2 2095108312831835648,Gaia DR3 2095108312831835648,0,3,1,0,0,Transit,2007,<a refstr=POLLACCO_ET_AL__2008 href=https://ui.adsabs.harvard.edu/abs/2008MNRAS.385.1576P/abstract target=ref> Pollacco et al. 2008 </a>,2008-04,Ground,SuperWASP,Canon 200mm f/1.8L,iKon-L CCD Camera,1.0,0.0,0.0,1.0,0.0,0.0,0.0,0.0,0.0,0.0,Published Confirmed,0.0,<a refstr=CHRISTIANSEN_ET_AL__2011 href=https://ui.adsabs.harvard.edu/abs/2011ApJ...726...94C/abstract target=ref> Christiansen et al. 2011 </a>,1.8468373,1.4e-06,-1.4e-06,0.0,,,,,15.524,0.673,-0.673,0.0,1.385,0.06,-0.06,0.0,559.36,25.43,-44.49,0.0,1.76,0.08,-0.14,0.0,,,,,,,,,,,,,,,,,559.36,25.43,-44.49,0.0,1.76,0.08,-0.14,0.0,Mass,,,,,0.0,,,0.0,,,,,,,,,84.15,0.16,-0.16,0.0,2454686.82069,0.00039,-0.00039,0.0,BJD,0.0,,,,,,,,,2.7883,0.0217,-0.0217,0.0,5.0277,0.8478,-0.634,0.0,0.1051,0.0124,-0.0124,0.0,,,,,,,,,,,,,,,,,,,,,,,,,<a refstr=CHRISTIANSEN_ET_AL__2011 href=https://ui.adsabs.harvard.edu/abs/2011ApJ...726...94C/abstract target=ref> Christiansen et al. 2011 </a>,,,,,,1.354,0.056,-0.056,0.0,1.24,0.06,-0.11,0.0,,,,,,,,,,,,,,,,,,,,,,,,,,,,,,,,,,<a refstr=STASSUN_ET_AL__2019 href=https://ui.adsabs.harvard.edu/abs/2019AJ....158..138S/abstract target=ref>TICv8</a>,18h34m31.62s,278.6317411,+35d39m41.15s,35.6614312,18.61112,64.17496,58.69469,283.56886,22.5756189,0.0489508,-0.0489508,-6.06885,0.0415104,-0.0415104,-21.7446,0.0494834,-0.0494834,231.161,1.648,-1.625,4.29737,0.0303966,-0.0303966,11.07,0.104,-0.104,10.632,0.007,-0.007,9.603,0.02,-0.02,9.407,0.014,-0.014,9.361,0.015,-0.015,,,,,,,,,,,,,,,,9.32,0.023,-0.023,9.338,0.021,-0.021,9.331,0.03,-0.03,8.875,0.37,-0.37,10.4525,0.000267,-0.000267,,,,10.1058,0.006,-0.006,,,,2018-04-25,2011-01,2015-02-26,4.0,32.0,3.0,0.0,4.0,0.0,0.0
36330,TOI-1695 b,TOI-1695,b,,,TIC 422756130,Gaia DR2 534988616816537728,Gaia DR3 534988616816537728,0,1,1,0,0,Transit,2022,<a refstr=KIEFER_ET_AL__2022 href=https://ui.adsabs.harvard.edu/abs/2022arXiv221106205K/abstract target=ref>Kiefer et al. 2022</a>,2022-11,Space,Transiting Exoplanet Survey Satellite (TESS),0.1 m TESS Telescope,TESS CCD Array,1.0,0.0,0.0,1.0,0.0,0.0,0.0,0.0,0.0,0.0,Published Confirmed,0.0,<a refstr=KIEFER_ET_AL__2022 href=https://ui.adsabs.harvard.edu/abs/2022arXiv221106205K/abstract target=ref>Kiefer et al. 2022</a>,3.134279,7.2e-06,-7.2e-06,0.0,,,,,2.03,0.18,-0.18,0.0,0.18110478,0.01605855,-0.01605855,0.0,5.5,1.0,-1.0,0.0,0.01730494,0.00314635,-0.00314635,0.0,,,,,,,,,,,,,,,,,5.5,1.0,-1.0,0.0,0.01730494,0.00314635,-0.00314635,0.0,Mass,3.6,1.2,-1.2,0.0,0.0,,,0.0,27.0,17.0,-17.0,0.0,590.0,90.0,-90.0,0.0,89.8,3.5,-3.5,0.0,2458791.5203,0.0012,-0.0012,0.0,BJD,0.0,,,,,,,,,,,,,16.3,5.1,-5.1,0.0,0.0344,0.0027,-0.0027,0.0,,,,,,,,,90.0,,,0.0,3.63,0.68,-0.68,0.0,,,,,,,,,<a refstr=KIEFER_ET_AL__2022 href=https://ui.adsabs.harvard.edu/abs/2022arXiv221106205K/abstract target=ref>Kiefer et al. 2022</a>,,3650.0,40.0,-40.0,0.0,0.53,0.02,-0.02,0.0,0.54,0.03,-0.03,0.0,0.0,0.1,-0.1,0.0,[Fe/H],-1.36552,0.01486,-0.01538,0.0,4.72,0.14,-0.14,0.0,,,,,,,,,,,,,,,,,-59.46196,0.00045,-0.00045,0.0,<a refstr=STASSUN_ET_AL__2019 href=https://ui.adsabs.harvard.edu/abs/2019AJ....158..138S/abstract target=ref>TICv8</a>,01h27m41.22s,21.9217346,+72d17m47.81s,72.2966148,9.62112,125.71643,55.98327,59.71371,82.3411213,0.0566583,-0.0566583,71.7067,0.0546672,-0.0546672,40.4748,0.062497,-0.062497,45.1309,0.06805,-0.06805,22.1289,0.0331705,-0.0331705,14.353,0.146,-0.146,12.989,0.081,-0.081,9.64,0.024,-0.024,8.984,0.028,-0.028,8.818,0.021,-0.021,,,,,,,,,,,,,,,,8.684,0.024,-0.024,8.61,0.02,-0.02,8.511,0.027,-0.027,8.395001,0.293,-0.293,12.1364,0.00046,-0.00046,,,,11.0294,0.0073864,-0.0073864,,,,2023-03-28,2022-11,2023-03-28,3.0,0.0,0.0,0.0,0.0,0.0,0.0
12504,Kepler-1389 b,Kepler-1389,b,,,TIC 279913347,Gaia DR2 2106303505865370752,Gaia DR3 2106303505865370752,0,1,1,0,0,Transit,2016,<a refstr=MORTON_ET_AL__2016 href=https://ui.adsabs.harvard.edu/abs/2016ApJ...822...86M/abstract target=ref>Morton et al. 2016</a>,2016-05,Space,Kepler,0.95 m Kepler Telescope,Kepler CCD Array,0.0,0.0,0.0,1.0,0.0,0.0,0.0,0.0,0.0,0.0,Published Confirmed,0.0,<a refstr=GAJDO_SCARON__ET_AL__2019 href=https://ui.adsabs.harvard.edu/abs/2019RAA....19...41G/abstract target=ref>Gajdo&scaron; et al. 2019</a>,99.253498254,0.000497642,-0.000497642,0.0,,,,,,,,,,,,,,,,,,,,,,,,,,,,,,,,,,,,,,,,,,,,,,,,,,,,,,,,,,,,,,,,,,2454981.52948,0.00473091,-0.00473091,0.0,BJD,1.0,,,,,,,,,,,,,,,,,,,,,,,,,,,,,,,,,,,,,,,,,,,,,<a refstr=STASSUN_ET_AL__2019 href=https://ui.adsabs.harvard.edu/abs/2019AJ....158..138S/abstract target=ref>TICv8</a>,,4905.0,25.0,-25.0,0.0,0.748623,,,0.0,0.8,,,0.0,-0.13,0.1,-0.1,0.0,[M/H],-0.53422,,,0.0,4.59263,,,0.0,,,,,2.688229,,,0.0,,,,,,,,,,,,,<a refstr=STASSUN_ET_AL__2019 href=https://ui.adsabs.harvard.edu/abs/2019AJ....158..138S/abstract target=ref>TICv8</a>,19h02m52.19s,285.7174414,+44d45m30.06s,44.7583487,16.83141,75.1203,66.62232,298.99434,13.5664934,0.0330116,-0.0330116,1.48839,0.0342418,-0.0342418,-13.4846,0.0329963,-0.0329963,497.093,4.7,-4.7,1.98294,0.0188762,-0.0188762,15.946,0.021,-0.021,14.896,0.103,-0.103,13.247,0.029,-0.029,12.83,0.03,-0.03,12.696,0.021,-0.021,,,,,,,,,,,,,,,,12.683,0.024,-0.024,12.739,0.024,-0.024,12.585,0.407,-0.407,9.423,,,14.6836,0.000287,-0.000287,,,,14.0971,0.0062,-0.0062,14.699,,,2019-04-16,2019-03,2019-04-18,1.0,0.0,0.0,0.0,0.0,0.0,0.0
30910,Kepler-685 b,Kepler-685,b,,,TIC 138364831,Gaia DR2 2052086072113643264,Gaia DR3 2052086072113643264,1,1,1,0,0,Transit,2016,<a refstr=MORTON_ET_AL__2016 href=https://ui.adsabs.harvard.edu/abs/2016ApJ...822...86M/abstract target=ref>Morton et al. 2016</a>,2016-05,Space,Kepler,0.95 m Kepler Telescope,Kepler CCD Array,0.0,0.0,0.0,1.0,0.0,0.0,0.0,0.0,0.0,0.0,Published Confirmed,0.0,<a refstr=MORTON_ET_AL__2016 href=https://ui.adsabs.harvard.edu/abs/2016ApJ...822...86M/abstract target=ref>Morton et al. 2016</a>,1.6255222,1.55e-07,-1.55e-07,0.0,,,,,10.58,3.06,-1.19,0.0,0.94388438,0.27299491,-0.10616469,0.0,,,,,,,,,,,,,,,,,,,,,,,,,,,,,,,,,,,,,,,,,,,,,,,,,,,,,,2455003.826671,7.42e-05,-7.42e-05,0.0,JD,0.0,,,,,,,,,2.38785,0.00377,-0.00377,0.0,,,,,0.084375,0.000151,-9e-05,0.0,,,,,,,,,,,,,,,,,,,,,,,,,<a refstr=MORTON_ET_AL__2016 href=https://ui.adsabs.harvard.edu/abs/2016ApJ...822...86M/abstract target=ref>Morton et al. 2016</a>,,5963.0,94.44,-126.15,0.0,1.16,0.335,-0.131,0.0,1.11,0.11,-0.07,0.0,0.15,0.145,-0.154,0.0,[Fe/H],,,,,4.36,0.088,-0.188,0.0,3.39,1.6,-1.76,0.0,,,,,,,,,,,,,,,,,<a refstr=STASSUN_ET_AL__2019 href=https://ui.adsabs.harvard.edu/abs/2019AJ....158..138S/abstract target=ref>TICv8</a>,19h35m29.26s,293.8719143,+38d25m22.51s,38.4229184,8.63764,71.86863,58.77699,307.70417,6.6525234,0.0545067,-0.0545067,-0.298348,0.0452311,-0.0452311,-6.64583,0.0545238,-0.0545238,938.715,30.934,-30.934,1.038,0.0347893,-0.0347893,15.341,0.067,-0.067,15.186,0.057,-0.057,13.656,0.026,-0.026,13.355,0.029,-0.029,13.307,0.037,-0.037,,,,,,,,,,,,,,,,13.12,0.024,-0.024,13.182,0.028,-0.028,13.105,,,8.583,,,15.0191,0.0004,-0.0004,,,,14.4669,0.0111,-0.0111,15.001,,,2016-05-06,2016-05,2016-05-10,1.0,0.0,0.0,0.0,0.0,0.0,0.0
32572,Kepler-808 b,Kepler-808,b,,,TIC 26417717,Gaia DR2 2129330577887487744,Gaia DR3 2129330577887487744,0,1,1,0,0,Transit,2016,<a refstr=MORTON_ET_AL__2016 href=https://ui.adsabs.harvard.edu/abs/2016ApJ...822...86M/abstract target=ref>Morton et al. 2016</a>,2016-05,Space,Kepler,0.95 m Kepler Telescope,Kepler CCD Array,0.0,0.0,0.0,1.0,0.0,0.0,0.0,0.0,0.0,0.0,Kepler Project Candidate (q1_q17_dr25_koi),0.0,<a refstr=Q1_Q17_DR25_KOI_TABLE href=https://exoplanetarchive.ipac.caltech.edu/docs/Kepler_KOI_docs.html target=ref>Q1-Q17 DR25 KOI Table</a>,0.63133171,3.41e-07,-3.41e-07,0.0,0.0116,,,0.0,1.2,0.09,-0.1,0.0,0.10705701,0.00802928,-0.00892142,0.0,,,,,,,,,,,,,,,,,,,,,,,,,,,,,,,,,,,,,,0.0,,,0.0,726.72,212.51,-196.53,0.0,1322.0,,,0.0,76.59,,,0.0,2454966.94488,0.000399,-0.000399,0.0,BJD,0.0,0.726,0.002,-0.519,0.0,0.04345,0.0006,-0.0006,0.0,1.1487,0.0186,-0.0186,0.0,3.13,1.5,-1.5,0.0,0.020758,0.00151,-0.001758,0.0,,,,,,,,,,,,0.0,,,,,,,,,,,,,<a refstr=Q1_Q17_DR25_KOI_TABLE href=https://exoplanetarchive.ipac.caltech.edu/docs/Kepler_KOI_docs.html target=ref>Q1-Q17 DR25 KOI Table</a>,,4441.0,133.0,-146.0,0.0,0.53,0.038,-0.046,0.0,0.526,0.044,-0.029,0.0,-0.98,0.3,-0.3,0.0,[Fe/H],,,,,4.71,0.056,-0.032,0.0,,,,0.0,1.45293,2.07732,-0.06426,0.0,,,,,,,,,,,,,<a refstr=STASSUN_ET_AL__2019 href=https://ui.adsabs.harvard.edu/abs/2019AJ....158..138S/abstract target=ref>TICv8</a>,19h26m22.60s,291.5941514,+48d26m43.77s,48.4454907,14.57061,80.28908,68.73516,312.3043,19.4445322,2.1224389,-2.1224389,6.57878,2.12243,-2.12243,-18.2978,2.12244,-2.12244,,,,,,,15.904,0.033,-0.033,14.519,0.103,-0.103,12.555,0.022,-0.022,12.011,0.019,-0.019,11.879,0.022,-0.022,,,,,,,,,,,,,,,,11.78,0.023,-0.023,11.795,0.021,-0.021,11.616,0.139,-0.139,8.986,,,14.3539,0.002514,-0.002514,,,,13.6653,0.0065,-0.0065,14.285,,,2017-05-08,2017-08-31 00:00,2017-05-08,1.0,0.0,0.0,0.0,0.0,0.0,0.0
3945,HD 95127 b,HD 95127,b,HD 95127,HIP 53733,TIC 252794572,Gaia DR2 781641961487762816,Gaia DR3 781641961487762816,0,1,1,0,0,Radial Velocity,2015,<a refstr=NIEDZIELSKI_ET_AL__2015 href=https://ui.adsabs.harvard.edu/abs/2015ApJ...803....1N/abstract target=ref>Niedzielski et al. 2015</a>,2015-04,Ground,McDonald Observatory,9.2 m Hobby-Eberly Telescope,High Resolution Spectrograph,1.0,0.0,0.0,0.0,0.0,0.0,0.0,0.0,0.0,0.0,Published Confirmed,0.0,<a refstr=NIEDZIELSKI_ET_AL__2015 href=https://ui.adsabs.harvard.edu/abs/2015ApJ...803....1N/abstract target=ref>Niedzielski et al. 2015</a>,482.0,5.0,-5.0,0.0,1.28,0.01,-0.01,0.0,,,,,,,,,,,,,,,,,1592.26,193.87,-139.84,0.0,5.01,0.61,-0.44,0.0,,,,,,,,,1592.26,193.87,-139.84,0.0,5.01,0.61,-0.44,0.0,Msini,,,,,0.11,0.15,-0.06,0.0,,,,,,,,,,,,,,,,,,0.0,,,,,,,,,,,,,,,,,,,,,,,,,2453200.5,50.0,-50.0,0.0,40.0,37.0,-40.0,0.0,116.0,16.0,-9.0,0.0,,,,,,,,,<a refstr=NIEDZIELSKI_ET_AL__2015 href=https://ui.adsabs.harvard.edu/abs/2015ApJ...803....1N/abstract target=ref>Niedzielski et al. 2015</a>,K0,4218.0,69.0,-69.0,0.0,20.0,9.0,-9.0,0.0,1.2,0.22,-0.22,0.0,-0.18,0.05,-0.05,0.0,[Fe/H],2.28,0.38,-0.38,0.0,1.78,0.3,-0.3,0.0,5.5,4.74,-2.54,0.0,,,,,2.6,0.7,-0.7,0.0,,,,,,,,,<a refstr=STASSUN_ET_AL__2019 href=https://ui.adsabs.harvard.edu/abs/2019AJ....158..138S/abstract target=ref>TICv8</a>,10h59m35.07s,164.8961152,+43d48m51.87s,43.8144094,61.9958,169.03752,34.08375,147.25817,18.8492132,0.1056379,-0.1056379,-14.104,0.112718,-0.112718,-12.5048,0.0958784,-0.0958784,676.579,45.1145,-45.1145,1.4498,0.0962009,-0.0962009,9.429,0.025,-0.025,8.15,0.03,-0.03,5.855,0.023,-0.023,5.215,0.024,-0.024,5.022,0.018,-0.018,,,,,,,,,,,,,,,,4.922,0.247,-0.247,4.885,0.09,-0.09,5.03,0.016,-0.016,4.909,0.029,-0.029,7.72111,0.000404,-0.000404,,,,6.9896,0.0064,-0.0064,,,,2018-04-25,2015-04,2015-02-05,0.0,1.0,0.0,0.0,0.0,0.0,0.0
27860,Kepler-487 c,Kepler-487,c,,,TIC 139158696,Gaia DR2 2076692386427776768,Gaia DR3 2076692386427776768,0,1,3,0,0,Transit,2016,<a refstr=MORTON_ET_AL__2016 href=https://ui.adsabs.harvard.edu/abs/2016ApJ...822...86M/abstract target=ref>Morton et al. 2016</a>,2016-05,Space,Kepler,0.95 m Kepler Telescope,Kepler CCD Array,0.0,0.0,0.0,1.0,0.0,0.0,0.0,0.0,0.0,0.0,Kepler Project Candidate (q1_q12_koi),0.0,<a refstr=Q1_Q12_KOI_TABLE href=https://exoplanetarchive.ipac.caltech.edu/docs/Kepler_KOI_docs.html target=ref>Q1-Q12 KOI Table</a>,38.6519976,0.0002517,-0.0002517,0.0,0.2164,,,0.0,2.62,1.11,-0.24,0.0,0.23374115,0.09902774,-0.0214114,0.0,,,,,,,,,,,,,,,,,,,,,,,,,,,,,,,,,,,,,,0.0,,,0.0,15.27,19.44,-3.99,0.0,504.0,,,0.0,87.66,,,0.0,2454997.04919,0.00537,-0.00537,0.0,BJD,0.0,0.9051,0.0334,-0.6304,0.0,0.0632,0.00267,-0.00267,0.0,6.336,0.125,-0.125,0.0,22.7,10.9,-10.9,0.0,0.02761,0.000866,-0.004959,0.0,,,,,,,,,,,,0.0,,,,,,,,,,,,,<a refstr=Q1_Q12_KOI_TABLE href=https://exoplanetarchive.ipac.caltech.edu/docs/Kepler_KOI_docs.html target=ref>Q1-Q12 KOI Table</a>,,5700.0,167.0,-154.0,0.0,0.87,0.368,-0.08,0.0,0.903,0.107,-0.084,0.0,-0.18,0.28,-0.26,0.0,[Fe/H],,,,,4.515,0.046,-0.283,0.0,,,,0.0,0.14812,1.42059,-0.07634,0.0,,,,,,,,,,,,,<a refstr=STASSUN_ET_AL__2019 href=https://ui.adsabs.harvard.edu/abs/2019AJ....158..138S/abstract target=ref>TICv8</a>,19h41m08.94s,295.2872318,+41d13m19.21s,41.2220033,8.99914,74.88508,61.05968,311.59899,11.4807252,0.0488542,-0.0488542,5.35167,0.0464815,-0.0464815,10.1571,0.0494927,-0.0494927,872.343,21.335,-20.356,1.11832,0.027166,-0.027166,16.132,0.063,-0.063,14.882,0.183,-0.183,13.732,0.024,-0.024,13.326,0.027,-0.027,13.25,0.037,-0.037,,,,,,,,,,,,,,,,13.249,0.024,-0.024,13.288,0.026,-0.026,12.273,,,9.452,,,15.0647,0.0004,-0.0004,,,,14.5293,0.0084,-0.0084,14.991,,,2014-11-18,2014-12-04,2014-11-18,1.0,0.0,0.0,0.0,0.0,0.0,0.0
16090,Kepler-1683 b,Kepler-1683,b,,,TIC 274126997,Gaia DR2 2079071626510258432,Gaia DR3 2079071626510258432,0,1,1,0,0,Transit,2020,<a refstr=ARMSTRONG_ET_AL__2021 href=https://ui.adsabs.harvard.edu/abs/2021MNRAS.504.5327A/abstract target=ref>Armstrong et al. 2021</a>,2021-07,Space,Kepler,0.95 m Kepler Telescope,Kepler CCD Array,0.0,0.0,0.0,1.0,0.0,0.0,0.0,0.0,0.0,0.0,Kepler Project Candidate (q1_q8_koi),0.0,<a refstr=Q1_Q8_KOI_TABLE href=https://exoplanetarchive.ipac.caltech.edu/docs/Kepler_KOI_docs.html target=ref>Q1-Q8 KOI Table</a>,15.03343,0.00024,-0.00024,0.0,0.112,,,0.0,2.0,1.1,-1.1,0.0,0.17842836,0.0981356,-0.0981356,0.0,,,,,,,,,,,,,,,,,,,,,,,,,,,,,,,,,,,,,,0.0,,,0.0,,,,0.0,692.0,,,0.0,88.24,,,0.0,2454977.9836,0.0056,-0.0056,0.0,BJD,0.0,0.78,0.81,-0.81,0.0,0.0382,,,0.0,3.4022,,,0.0,22.1,9.8,-9.8,0.0,0.0199,0.0054,-0.0054,0.0,,,,,,,,,,,,0.0,,,,,,,,,,,,,<a refstr=Q1_Q8_KOI_TABLE href=https://exoplanetarchive.ipac.caltech.edu/docs/Kepler_KOI_docs.html target=ref>Q1-Q8 KOI Table</a>,,5450.0,103.0,-103.0,0.0,0.93,0.45,-0.45,0.0,0.826,0.076,-0.076,0.0,,,,0.0,,,,,,4.42,0.3,-0.3,0.0,13.6,3.7,-3.7,0.0,,,,0.0,,,,,,,,,,,,,<a refstr=STASSUN_ET_AL__2019 href=https://ui.adsabs.harvard.edu/abs/2019AJ....158..138S/abstract target=ref>TICv8</a>,19h53m48.02s,298.4501035,+44d17m02.47s,44.2840193,8.46112,78.73432,62.99586,318.68253,1.9194018,0.0431428,-0.0431428,0.537555,0.0419381,-0.0419381,1.84259,0.0432438,-0.0432438,733.143,14.14,-13.624,1.33575,0.0256203,-0.0256203,16.319,0.202,-0.202,14.962,0.103,-0.103,13.475,0.023,-0.023,13.097,0.022,-0.022,13.04,0.028,-0.028,,,,,,,,,,,,,,,,12.978,0.023,-0.023,13.077,0.024,-0.024,13.12,,,9.495,,,14.8429,0.00036,-0.00036,,,,14.2801,0.0228,-0.0228,14.837,,,2013-10-28,2014-01-08,2013-10-28,0.0,0.0,0.0,0.0,0.0,0.0,0.0
5684,K2-393 b,K2-393,b,,,TIC 279046938,Gaia DR2 2651117427299894656,Gaia DR3 2651117427299894656,1,1,1,0,0,Transit,2022,<a refstr=CHRISTIANSEN_ET_AL__2022 href=https://ui.adsabs.harvard.edu/abs/2022arXiv220302087C/abstract target=ref>Christiansen et al. 2022</a>,2022-03,Space,K2,0.95 m Kepler Telescope,Kepler CCD Array,0.0,0.0,0.0,1.0,0.0,0.0,0.0,0.0,0.0,0.0,Published Confirmed,0.0,<a refstr=CHRISTIANSEN_ET_AL__2022 href=https://ui.adsabs.harvard.edu/abs/2022arXiv220302087C/abstract target=ref>Christiansen et al. 2022</a>,10.413181,0.000932,-0.000697,0.0,,,,,2.352,0.175,-0.167,0.0,0.20983175,0.01561248,-0.01489877,0.0,,,,,,,,,,,,,,,,,,,,,,,,,,,,,,,,,,,,,,,,,,,,,,,,,,,,,,2457739.3926,0.0037,-0.0053,0.0,JD,0.0,0.803,0.045,-0.061,0.0,,,,,,,,,18.38,2.1,-1.98,0.0,0.0201,0.001,-0.001,0.0,,,,,,,,,,,,,,,,,,,,,,,,,<a refstr=CHRISTIANSEN_ET_AL__2022 href=https://ui.adsabs.harvard.edu/abs/2022arXiv220302087C/abstract target=ref>Christiansen et al. 2022</a>,,5678.0,138.0,-138.0,0.0,1.071,0.065,-0.06,0.0,0.881,0.381,-0.269,0.0,0.076,0.235,-0.235,0.0,[Fe/H],,,,,4.321,0.15,-0.15,0.0,,,,,,,,,,,,,,,,,,,,,<a refstr=STASSUN_ET_AL__2019 href=https://ui.adsabs.harvard.edu/abs/2019AJ....158..138S/abstract target=ref>TICv8</a>,23h14m03.82s,348.5159113,-00d04m55.57s,-0.0821031,-54.24391,78.0678,4.46677,349.40525,21.7518329,0.0537533,-0.0537533,6.18658,0.0841962,-0.0841962,20.8535,0.0501976,-0.0501976,265.914,2.842,-2.784,3.7322,0.0394799,-0.0394799,12.638,0.464,-0.464,11.84,0.033,-0.033,10.694,0.022,-0.022,10.377,0.023,-0.023,10.284,0.02,-0.02,,,,,,,,,,,,,,,,10.25,0.023,-0.023,10.304,0.021,-0.021,10.367,0.073,-0.073,8.47,0.362,-0.362,11.7768,0.000287,-0.000287,,,,11.3202,0.0066,-0.0066,11.769,,,2022-03-16,2022-03,2022-03-16,0.0,0.0,0.0,0.0,0.0,0.0,0.0
19067,Kepler-1943 b,Kepler-1943,b,,,TIC 138100223,Gaia DR2 2077381299180152704,Gaia DR3 2077381299180152704,1,1,1,0,0,Transit,2021,<a refstr=VALIZADEGAN_ET_AL__2022 href=https://ui.adsabs.harvard.edu/abs/2022ApJ...926..120V/abstract target=ref>Valizadegan et al. 2022</a>,2022-02,Space,Kepler,0.95 m Kepler Telescope,Kepler CCD Array,0.0,0.0,0.0,1.0,0.0,0.0,0.0,0.0,0.0,0.0,Published Confirmed,0.0,<a refstr=VALIZADEGAN_ET_AL__2022 href=https://ui.adsabs.harvard.edu/abs/2022ApJ...926..120V/abstract target=ref>Valizadegan et al. 2022</a>,4.850180149,,,0.0,,,,,1.54869189,,,0.0,0.13816527,,,0.0,,,,,,,,,,,,,,,,,,,,,,,,,,,,,,,,,,,,,,,,,,,,,,,,,,,,,,,,,,,0.0,,,,,,,,,,,,,,,,,,,,,,,,,,,,,,,,,,,,,,,,,,,,,<a refstr=Q1_Q17_DR25_KOI_TABLE href=https://exoplanetarchive.ipac.caltech.edu/docs/Kepler_KOI_docs.html target=ref>Q1-Q17 DR25 KOI Table</a>,,6032.0,168.0,-210.0,0.0,0.973,0.315,-0.105,0.0,1.055,0.139,-0.139,0.0,-0.06,0.25,-0.3,0.0,[Fe/H],,,,,4.485,0.054,-0.216,0.0,,,,0.0,0.00445,0.41612,-0.00851,0.0,,,,,,,,,,,,,<a refstr=STASSUN_ET_AL__2019 href=https://ui.adsabs.harvard.edu/abs/2019AJ....158..138S/abstract target=ref>TICv8</a>,19h33m16.39s,293.3182976,+41d07m00.01s,41.1166697,10.26137,74.08992,61.46529,308.62564,5.3299636,0.0278082,-0.0278082,0.247588,0.026278,-0.026278,5.32421,0.0278114,-0.0278114,1004.55,17.1385,-17.1385,0.966843,0.0168503,-0.0168503,14.657,0.025,-0.025,13.868,0.092,-0.092,12.677,0.022,-0.022,12.364,0.021,-0.021,12.252,0.023,-0.023,,,,,,,,,,,,,,,,12.225,0.023,-0.023,12.291,0.022,-0.022,12.486,0.396,-0.396,9.424,,,13.7453,0.000231,-0.000231,,,,13.2845,0.0085,-0.0085,13.809,,,2021-12-05,2022-02,2021-12-05,0.0,0.0,0.0,0.0,0.0,0.0,0.0
18604,Kepler-190 b,Kepler-190,b,,,TIC 158789380,Gaia DR2 2127179245948119424,Gaia DR3 2127179245948119424,0,1,2,0,0,Transit,2014,<a refstr=ROWE_ET_AL__2014 href=https://ui.adsabs.harvard.edu/abs/2014ApJ...784...45R/abstract target=ref> Rowe et al. 2014</a>,2014-03,Space,Kepler,0.95 m Kepler Telescope,Kepler CCD Array,0.0,0.0,0.0,1.0,0.0,0.0,0.0,0.0,0.0,0.0,Published Candidate,0.0,<a refstr=FULTON__AMP__PETIGURA_2018 href=https://ui.adsabs.harvard.edu/abs/2018AJ....156..264F/abstract target=ref>Fulton &amp; Petigura 2018</a>,2.020001021,2.549e-06,-2.549e-06,0.0,0.02945,0.00013,-0.00013,0.0,1.363,0.046,-0.046,0.0,0.12159892,0.00410385,-0.00410385,0.0,,,,,,,,,,,,,,,,,,,,,,,,,,,,,,,,,,,,,,,,,,406.0,28.1,-28.1,0.0,,,,,,,,,,,,,,0.0,,,,,,,,,,,,,,,,,0.01663,0.000505,-0.000229,0.0,,,,,,,,,,,,,,,,,,,,,,,,,<a refstr=FULTON__AMP__PETIGURA_2018 href=https://ui.adsabs.harvard.edu/abs/2018AJ....156..264F/abstract target=ref>Fulton &amp; Petigura 2018</a>,,5138.0,60.0,-60.0,0.0,0.75,0.019,-0.018,0.0,0.834,0.007,-0.015,0.0,0.06,0.04,-0.04,0.0,[Fe/H],,,,,,,,,1.48,1.76,-1.0,0.0,1.88,0.04,-0.04,0.0,,,,,,,,,,,,,<a refstr=STASSUN_ET_AL__2019 href=https://ui.adsabs.harvard.edu/abs/2019AJ....158..138S/abstract target=ref>TICv8</a>,19h14m20.15s,288.5839761,+44d44m01.57s,44.7337701,14.94343,75.91261,66.00443,303.82481,9.914914,0.0292348,-0.0292348,-8.86993,0.028499,-0.028499,-4.43056,0.0320145,-0.0320145,433.387,2.767,-2.733,2.27854,0.0145299,-0.0145299,15.423,0.021,-0.021,14.336,0.069,-0.069,12.728,0.022,-0.022,12.279,0.019,-0.019,12.231,0.016,-0.016,,,,,,,,,,,,,,,,12.198,0.023,-0.023,12.249,0.023,-0.023,12.279,0.288,-0.288,9.326,,,14.1175,0.000246,-0.000246,,,,13.5519,0.0063,-0.0063,14.137,,,2024-12-05,2018-12,2024-12-05,1.0,0.0,0.0,0.0,0.0,0.0,0.0
29315,Kepler-578 b,Kepler-578,b,,,TIC 121734474,Gaia DR2 2099714751157275264,Gaia DR3 2099714751157275264,0,1,1,0,0,Transit,2016,<a refstr=MORTON_ET_AL__2016 href=https://ui.adsabs.harvard.edu/abs/2016ApJ...822...86M/abstract target=ref>Morton et al. 2016</a>,2016-05,Space,Kepler,0.95 m Kepler Telescope,Kepler CCD Array,0.0,0.0,0.0,1.0,0.0,0.0,0.0,0.0,0.0,0.0,Kepler Project Candidate (q1_q17_dr25_koi),0.0,<a refstr=Q1_Q17_DR25_KOI_TABLE href=https://exoplanetarchive.ipac.caltech.edu/docs/Kepler_KOI_docs.html target=ref>Q1-Q17 DR25 KOI Table</a>,1.616883373,2.284e-06,-2.284e-06,0.0,0.0266,,,0.0,4.47,1.01,-2.18,0.0,0.39878738,0.09010632,-0.19448691,0.0,,,,,,,,,,,,,,,,,,,,,,,,,,,,,,,,,,,,,,0.0,,,0.0,2342.49,1389.7,-1759.05,0.0,1774.0,,,0.0,78.6,,,0.0,2455002.80396,0.00111,-0.00111,0.0,BJD,0.0,0.856,0.086,-0.575,0.0,0.04373,0.00122,-0.00122,0.0,1.6325,0.0413,-0.0413,0.0,4.33,2.1,-2.1,0.0,0.022557,0.000496,-0.00345,0.0,,,,,,,,,,,,0.0,,,,,,,,,,,,,<a refstr=Q1_Q17_DR25_KOI_TABLE href=https://exoplanetarchive.ipac.caltech.edu/docs/Kepler_KOI_docs.html target=ref>Q1-Q17 DR25 KOI Table</a>,,4868.0,73.0,-65.0,0.0,1.816,0.409,-0.885,0.0,0.959,0.116,-0.139,0.0,0.32,0.15,-0.1,0.0,[Fe/H],,,,,3.902,0.069,-0.138,0.0,,,,0.0,0.58793,2.8642,-0.37059,0.0,,,,,,,,,,,,,<a refstr=STASSUN_ET_AL__2019 href=https://ui.adsabs.harvard.edu/abs/2019AJ....158..138S/abstract target=ref>TICv8</a>,19h15m01.20s,288.7549882,+39d33m49.31s,39.563696,12.70663,71.11017,61.0151,300.76056,10.4315458,0.041337,-0.041337,6.33425,0.0391267,-0.0391267,8.28821,0.0425749,-0.0425749,541.432,6.91,-6.741,1.81837,0.0231057,-0.0231057,15.761,0.265,-0.265,14.578,0.126,-0.126,13.087,0.023,-0.023,12.653,0.023,-0.023,12.561,0.02,-0.02,16.7929,0.0078957,-0.0078957,14.9823,0.0030457,-0.0030457,14.3157,0.0030667,-0.0030667,14.0994,0.003273,-0.003273,14.0056,0.0039199,-0.0039199,12.569,0.023,-0.023,12.591,0.024,-0.024,13.043,0.539,-0.539,9.538,,,14.4107,0.000796,-0.000796,,,,13.8543,0.0078,-0.0078,14.411,,,2017-05-08,2017-08-31 00:00,2017-05-08,1.0,0.0,0.0,0.0,0.0,0.0,0.0
34822,Kepler-977 b,Kepler-977,b,,,TIC 159768168,Gaia DR2 2101760014585798528,Gaia DR3 2101760014585798528,0,1,1,0,0,Transit,2016,<a refstr=MORTON_ET_AL__2016 href=https://ui.adsabs.harvard.edu/abs/2016ApJ...822...86M/abstract target=ref>Morton et al. 2016</a>,2016-05,Space,Kepler,0.95 m Kepler Telescope,Kepler CCD Array,0.0,0.0,0.0,1.0,0.0,0.0,0.0,0.0,0.0,0.0,Kepler Project Candidate (q1_q17_dr25_sup_koi),0.0,<a refstr=Q1_Q17_DR25_SUPPLEMENTAL_KOI_TABLE href=https://exoplanetarchive.ipac.caltech.edu/docs/Kepler_KOI_docs.html target=ref>Q1-Q17 DR25 Supplemental KOI Table</a>,26.85323647,6.691e-05,-6.691e-05,0.0,,,,0.0,,,,0.0,,,,,,,,,,,,,,,,,,,,,,,,,,,,,,,,,,,,,,,,,,,,,0.0,,,,0.0,,,,0.0,,,,0.0,2454976.31303,0.00203,-0.00203,0.0,BJD,0.0,,,,0.0,,,,0.0,,,,0.0,,,,0.0,,,,0.0,,,,,,,,,,,,0.0,,,,,,,,,,,,,<a refstr=STASSUN_ET_AL__2019 href=https://ui.adsabs.harvard.edu/abs/2019AJ....158..138S/abstract target=ref>TICv8</a>,,5180.95,111.1,-111.1,0.0,0.717298,,,0.0,0.88,,,0.0,-0.0346,0.013,-0.013,0.0,[M/H],-0.47627,,,0.0,4.67115,,,0.0,,,,,3.361618,,,0.0,,,,,,,,,,,,,<a refstr=STASSUN_ET_AL__2019 href=https://ui.adsabs.harvard.edu/abs/2019AJ....158..138S/abstract target=ref>TICv8</a>,19h26m03.89s,291.5161959,+42d14m53.06s,42.2480736,11.97106,74.50788,62.9731,306.68478,24.5381936,0.0351368,-0.0351368,-3.61063,0.0363415,-0.0363415,-24.2711,0.0351097,-0.0351097,568.751,6.412,-6.412,1.72957,0.0196704,-0.0196704,15.935,0.108,-0.108,14.754,0.057,-0.057,13.434,0.025,-0.025,13.018,0.018,-0.018,12.92,0.028,-0.028,,,,,,,,,,,,,,,,12.858,0.024,-0.024,12.909,0.025,-0.025,12.774,,,9.138,,,14.8235,0.000441,-0.000441,,,,14.2491,0.0074,-0.0074,14.812,,,2018-09-25,2018-08-16,2018-09-25,1.0,0.0,0.0,0.0,0.0,0.0,0.0
24451,Kepler-330 c,Kepler-330,c,,,TIC 158727691,Gaia DR2 2127181926007695744,Gaia DR3 2127181926007695744,0,1,2,0,0,Transit,2014,<a refstr=ROWE_ET_AL__2014 href=https://ui.adsabs.harvard.edu/abs/2014ApJ...784...45R/abstract target=ref> Rowe et al. 2014</a>,2014-03,Space,Kepler,0.95 m Kepler Telescope,Kepler CCD Array,0.0,0.0,0.0,1.0,0.0,0.0,0.0,0.0,0.0,0.0,Published Confirmed,0.0,<a refstr=HOLCZER_ET_AL__2016 href=https://ui.adsabs.harvard.edu/abs/2016ApJS..225....9H/abstract target=ref>Holczer et al. 2016</a>,15.9555131,3.24e-06,-3.24e-06,0.0,,,,,,,,,,,,,,,,,,,,,,,,,,,,,,,,,,,,,,,,,,,,,,,,,,,,,,,,,,,,,,,,,,2454976.297415,0.002932,-0.002932,0.0,BJD,0.0,,,,,0.086,,,0.0,4.2394,,,0.0,,,,,,,,,,,,,,,,,,,,,,,,,,,,,,,,,<a refstr=STASSUN_ET_AL__2019 href=https://ui.adsabs.harvard.edu/abs/2019AJ....158..138S/abstract target=ref>TICv8</a>,,4967.0,122.0,-122.0,0.0,0.811914,,,0.0,0.82,,,0.0,,,,,,-0.44191,,,0.0,4.53286,,,0.0,,,,,2.159981,,,0.0,,,,,,,,,,,,,<a refstr=STASSUN_ET_AL__2019 href=https://ui.adsabs.harvard.edu/abs/2019AJ....158..138S/abstract target=ref>TICv8</a>,19h13m47.38s,288.4474035,+44d48m06.34s,44.8017616,15.05947,75.93709,66.09922,303.64992,11.911474,0.0478677,-0.0478677,2.64146,0.045377,-0.045377,11.6149,0.047993,-0.047993,717.527,14.067,-13.546,1.36527,0.0266064,-0.0266064,16.592,0.111,-0.111,15.569,0.092,-0.092,13.86,0.021,-0.021,13.315,0.028,-0.028,13.259,0.03,-0.03,,,,,,,,,,,,,,,,13.223,0.023,-0.023,13.307,0.027,-0.027,12.817,,,9.345,,,15.2634,0.000403,-0.000403,,,,14.6685,0.0066,-0.0066,15.261,,,2016-07-26,2016-07,2016-07-28,1.0,0.0,0.0,0.0,0.0,0.0,0.0
21222,Kepler-241 b,Kepler-241,b,,,TIC 137899939,Gaia DR2 2053551068272937088,Gaia DR3 2053551068272937088,0,1,2,0,0,Transit,2014,<a refstr=ROWE_ET_AL__2014 href=https://ui.adsabs.harvard.edu/abs/2014ApJ...784...45R/abstract target=ref> Rowe et al. 2014</a>,2014-03,Space,Kepler,0.95 m Kepler Telescope,Kepler CCD Array,0.0,0.0,0.0,1.0,0.0,0.0,0.0,0.0,0.0,0.0,Published Confirmed,0.0,<a refstr=GAJDO_SCARON__ET_AL__2019 href=https://ui.adsabs.harvard.edu/abs/2019RAA....19...41G/abstract target=ref>Gajdo&scaron; et al. 2019</a>,12.7180908122,2.39119e-05,-2.39119e-05,0.0,,,,,,,,,,,,,,,,,,,,,,,,,,,,,,,,,,,,,,,,,,,,,,,,,,,,,,,,,,,,,,,,,,2455008.35646,0.00151082,-0.00151082,0.0,BJD,0.0,,,,,,,,,,,,,,,,,,,,,,,,,,,,,,,,,,,,,,,,,,,,,<a refstr=STASSUN_ET_AL__2019 href=https://ui.adsabs.harvard.edu/abs/2019AJ....158..138S/abstract target=ref>TICv8</a>,,4524.51,93.24,-93.24,0.0,,,,,,,,,0.031,0.0135,-0.0135,0.0,[M/H],,,,,,,,,,,,,,,,,,,,,,,,,,,,,<a refstr=STASSUN_ET_AL__2019 href=https://ui.adsabs.harvard.edu/abs/2019AJ....158..138S/abstract target=ref>TICv8</a>,19h31m39.15s,292.9131121,+41d03m39.52s,41.0609786,10.50791,73.89816,61.51257,307.9829,13.5047254,2.0993999,-2.0993999,1.05313,2.09939,-2.09939,13.4636,2.0994,-2.0994,,,,,,,16.437,0.068,-0.068,15.708,0.195,-0.195,13.608,0.026,-0.026,13.064,0.025,-0.025,12.881,0.033,-0.033,,,,,,,,,,,,,,,,12.858,0.023,-0.023,12.897,0.025,-0.025,12.592,0.389,-0.389,9.079001,,,15.3871,0.000781,-0.000781,,,,14.6815,0.0061,-0.0061,15.389,,,2019-04-16,2019-03,2019-04-18,1.0,0.0,0.0,0.0,0.0,0.0,0.0
17985,Kepler-1848 b,Kepler-1848,b,,,TIC 268712158,Gaia DR2 2085242360641759616,Gaia DR3 2085242360641759616,0,1,1,0,0,Transit,2021,<a refstr=VALIZADEGAN_ET_AL__2022 href=https://ui.adsabs.harvard.edu/abs/2022ApJ...926..120V/abstract target=ref>Valizadegan et al. 2022</a>,2022-02,Space,Kepler,0.95 m Kepler Telescope,Kepler CCD Array,0.0,0.0,0.0,1.0,0.0,0.0,0.0,0.0,0.0,0.0,Kepler Project Candidate (q1_q8_koi),0.0,<a refstr=Q1_Q8_KOI_TABLE href=https://exoplanetarchive.ipac.caltech.edu/docs/Kepler_KOI_docs.html target=ref>Q1-Q8 KOI Table</a>,5.604018,5.3e-05,-5.3e-05,0.0,0.055,,,0.0,1.0,1.5,-1.5,0.0,0.08921418,0.13382127,-0.13382127,0.0,,,,,,,,,,,,,,,,,,,,,,,,,,,,,,,,,,,,,,0.0,,,0.0,,,,0.0,752.0,,,0.0,89.38,,,0.0,2454966.8269,0.0033,-0.0033,0.0,BJD,0.0,0.23,0.89,-0.89,0.0,0.0215,,,0.0,1.1209,,,0.0,38.0,18.0,-18.0,0.0,0.0129,0.0052,-0.0052,0.0,,,,,,,,,,,,0.0,,,,,,,,,,,,,<a refstr=Q1_Q8_KOI_TABLE href=https://exoplanetarchive.ipac.caltech.edu/docs/Kepler_KOI_docs.html target=ref>Q1-Q8 KOI Table</a>,,4838.0,80.0,-80.0,0.0,0.7,1.1,-1.1,0.0,0.7,0.15,-0.15,0.0,,,,0.0,,,,,,4.61,0.3,-0.3,0.0,13.8,3.3,-3.3,0.0,,,,0.0,,,,,,,,,,,,,<a refstr=STASSUN_ET_AL__2019 href=https://ui.adsabs.harvard.edu/abs/2019AJ....158..138S/abstract target=ref>TICv8</a>,19h57m31.56s,299.3814921,+45d35m31.50s,45.5920846,8.54786,80.2128,63.8929,321.27326,47.2404503,0.0278507,-0.0278507,-20.9891,0.0279153,-0.0279153,-42.3216,0.0278348,-0.0278348,309.696,1.518,-1.504,3.20011,0.0156405,-0.0156405,15.166,0.032,-0.032,13.887,0.137,-0.137,12.135,0.027,-0.027,11.631,0.032,-0.032,11.529,0.02,-0.02,,,,,,,,,,,,,,,,11.501,0.022,-0.022,11.6,0.022,-0.022,11.426,0.114,-0.114,8.915,,,13.679,0.000279,-0.000279,,,,13.0408,0.0061,-0.0061,13.713,,,2013-10-28,2014-01-08,2013-10-28,0.0,0.0,0.0,0.0,0.0,0.0,0.0
9117,Kepler-114 d,Kepler-114,d,,,TIC 27011135,Gaia DR2 2128939873302216320,Gaia DR3 2128939873302216320,0,1,3,0,0,Transit,2013,<a refstr=XIE_2014 href=https://ui.adsabs.harvard.edu/abs/2014ApJS..210...25X/abstract target=ref>Xie 2014</a>,2014-02,Space,Kepler,0.95 m Kepler Telescope,Kepler CCD Array,0.0,0.0,0.0,1.0,0.0,0.0,0.0,0.0,0.0,0.0,Published Confirmed,0.0,<a refstr=GAJDO_SCARON__ET_AL__2019 href=https://ui.adsabs.harvard.edu/abs/2019RAA....19...41G/abstract target=ref>Gajdo&scaron; et al. 2019</a>,11.7761304105,4.04e-06,-4.04e-06,0.0,,,,,,,,,,,,,,,,,,,,,,,,,,,,,,,,,,,,,,,,,,,,,,,,,,,,,,,,,,,,,,,,,,2454975.7057,0.00028437,-0.00028437,0.0,BJD,1.0,,,,,,,,,,,,,,,,,,,,,,,,,,,,,,,,,,,,,,,,,,,,,<a refstr=STASSUN_ET_AL__2019 href=https://ui.adsabs.harvard.edu/abs/2019AJ....158..138S/abstract target=ref>TICv8</a>,,4662.41,103.6,-103.6,0.0,0.696274,,,0.0,0.742,,,0.0,0.2291,0.0149,-0.0149,0.0,[M/H],-0.6853,,,0.0,4.62291,,,0.0,,,,,3.099052,,,0.0,,,,,,,,,,,,,<a refstr=STASSUN_ET_AL__2019 href=https://ui.adsabs.harvard.edu/abs/2019AJ....158..138S/abstract target=ref>TICv8</a>,19h36m29.16s,294.121482,+48d20m59.27s,48.3497977,13.01505,80.94435,67.94583,316.32581,64.5444001,0.0362484,-0.0362484,12.8107,0.0378744,-0.0378744,63.2603,0.0361802,-0.0361802,259.533,1.3085,-1.3085,3.82424,0.0192787,-0.0192787,14.972,0.135,-0.135,13.961,0.103,-0.103,12.035,0.029,-0.029,11.469,0.026,-0.026,11.366,0.022,-0.022,,,,,,,,,,,,,,,,11.305,0.024,-0.024,11.4,0.023,-0.023,11.249,0.094,-0.094,8.831,,,13.7125,0.000285,-0.000285,,,,13.0237,0.0061,-0.0061,13.738,,,2019-04-16,2019-03,2019-04-18,1.0,0.0,0.0,0.0,0.0,0.0,0.0
15651,Kepler-1642 c,Kepler-1642,c,,,TIC 273036122,Gaia DR2 2078758433192866816,Gaia DR3 2078758433192866816,0,1,2,0,0,Transit,2016,<a refstr=MORTON_ET_AL__2016 href=https://ui.adsabs.harvard.edu/abs/2016ApJ...822...86M/abstract target=ref>Morton et al. 2016</a>,2016-05,Space,Kepler,0.95 m Kepler Telescope,Kepler CCD Array,0.0,0.0,0.0,1.0,0.0,0.0,0.0,0.0,0.0,0.0,Kepler Project Candidate (q1_q17_dr25_sup_koi),0.0,<a refstr=Q1_Q17_DR25_SUPPLEMENTAL_KOI_TABLE href=https://exoplanetarchive.ipac.caltech.edu/docs/Kepler_KOI_docs.html target=ref>Q1-Q17 DR25 Supplemental KOI Table</a>,6.6513189,0.0006042,-0.0006042,0.0,,,,0.0,,,,0.0,,,,,,,,,,,,,,,,,,,,,,,,,,,,,,,,,,,,,,,,,,,,,0.0,,,,0.0,,,,0.0,,,,0.0,2454968.289,0.126,-0.126,0.0,BJD,0.0,,,,0.0,,,,0.0,,,,0.0,,,,0.0,,,,0.0,,,,,,,,,,,,0.0,,,,,,,,,,,,,<a refstr=STASSUN_ET_AL__2019 href=https://ui.adsabs.harvard.edu/abs/2019AJ....158..138S/abstract target=ref>TICv8</a>,,5095.0,123.0,-123.0,0.0,0.805577,,,0.0,0.855,,,0.0,,,,,,-0.40452,,,0.0,4.55782,,,0.0,,,,,2.305743,,,0.0,,,,,,,,,,,,,<a refstr=STASSUN_ET_AL__2019 href=https://ui.adsabs.harvard.edu/abs/2019AJ....158..138S/abstract target=ref>TICv8</a>,19h48m50.91s,297.2121215,+43d38m37.64s,43.643789,8.92018,77.72618,62.77428,316.32466,12.63992,0.0342328,-0.0342328,-1.85609,0.0310727,-0.0310727,12.5029,0.0342992,-0.0342992,413.873,3.221,-3.174,2.38745,0.018526,-0.018526,15.325,0.044,-0.044,14.319,0.046,-0.046,12.613,0.021,-0.021,12.164,0.019,-0.019,12.066,0.017,-0.017,,,,,,,,,,,,,,,,12.016,0.023,-0.023,12.082,0.023,-0.023,11.741,0.155,-0.155,9.041,,,14.1012,0.000732,-0.000732,,,,13.4942,0.0065,-0.0065,14.13,,,2018-09-25,2018-08-16,2018-09-25,1.0,0.0,0.0,0.0,0.0,0.0,0.0
7719,Kepler-1050 c,Kepler-1050,c,,,TIC 48216453,Gaia DR2 2143749504651818368,Gaia DR3 2143749504651818368,0,1,2,0,0,Transit,2016,<a refstr=MORTON_ET_AL__2016 href=https://ui.adsabs.harvard.edu/abs/2016ApJ...822...86M/abstract target=ref>Morton et al. 2016</a>,2016-05,Space,Kepler,0.95 m Kepler Telescope,Kepler CCD Array,0.0,0.0,0.0,1.0,0.0,0.0,0.0,0.0,0.0,0.0,Kepler Project Candidate (q1_q8_koi),0.0,<a refstr=Q1_Q8_KOI_TABLE href=https://exoplanetarchive.ipac.caltech.edu/docs/Kepler_KOI_docs.html target=ref>Q1-Q8 KOI Table</a>,21.12902,0.00034,-0.00034,0.0,0.151,,,0.0,1.52,0.51,-0.51,0.0,0.13560555,0.04549923,-0.04549923,0.0,,,,,,,,,,,,,,,,,,,,,,,,,,,,,,,,,,,,,,0.0,,,0.0,,,,0.0,705.0,,,0.0,88.24,,,0.0,2454982.2699,0.0056,-0.0056,0.0,BJD,0.0,0.78,0.14,-0.14,0.0,0.0174,,,0.0,3.8228,,,0.0,27.4,7.1,-7.1,0.0,0.01329,0.00068,-0.00068,0.0,,,,,,,,,,,,0.0,,,,,,,,,,,,,<a refstr=Q1_Q8_KOI_TABLE href=https://exoplanetarchive.ipac.caltech.edu/docs/Kepler_KOI_docs.html target=ref>Q1-Q8 KOI Table</a>,,6064.0,82.0,-82.0,0.0,1.05,0.35,-0.35,0.0,1.034,0.069,-0.069,0.0,,,,0.0,,,,,,4.41,0.3,-0.3,0.0,3.5,1.8,-1.8,0.0,,,,0.0,,,,,,,,,,,,,<a refstr=STASSUN_ET_AL__2019 href=https://ui.adsabs.harvard.edu/abs/2019AJ....158..138S/abstract target=ref>TICv8</a>,18h51m42.00s,282.9249847,+48d37m35.05s,48.6264015,19.96859,78.24401,70.86499,296.8052,4.2743674,0.0264199,-0.0264199,1.39422,0.0250005,-0.0250005,4.04059,0.0265839,-0.0265839,490.488,3.509,-3.461,2.00993,0.0143762,-0.0143762,13.86,0.006,-0.006,13.198,0.092,-0.092,12.042,0.022,-0.022,11.753,0.018,-0.018,11.717,0.019,-0.019,,,,,,,,,,,,,,,,11.678,0.023,-0.023,11.705,0.021,-0.021,11.714,0.152,-0.152,9.243,,,13.0723,0.000365,-0.000365,,,,12.6439,0.0066,-0.0066,13.127,,,2013-10-28,2014-01-08,2013-10-28,1.0,0.0,0.0,0.0,0.0,0.0,0.0
18199,Kepler-1861 b,Kepler-1861,b,,,TIC 27649489,Gaia DR2 2134956572729225728,Gaia DR3 2134956572729225728,1,1,1,0,0,Transit,2021,<a refstr=VALIZADEGAN_ET_AL__2022 href=https://ui.adsabs.harvard.edu/abs/2022ApJ...926..120V/abstract target=ref>Valizadegan et al. 2022</a>,2022-02,Space,Kepler,0.95 m Kepler Telescope,Kepler CCD Array,0.0,0.0,0.0,1.0,0.0,0.0,0.0,0.0,0.0,0.0,Published Confirmed,0.0,<a refstr=VALIZADEGAN_ET_AL__2022 href=https://ui.adsabs.harvard.edu/abs/2022ApJ...926..120V/abstract target=ref>Valizadegan et al. 2022</a>,40.0306015,,,0.0,,,,,2.20677414,,,0.0,0.19687554,,,0.0,,,,,,,,,,,,,,,,,,,,,,,,,,,,,,,,,,,,,,,,,,,,,,,,,,,,,,,,,,,0.0,,,,,,,,,,,,,,,,,,,,,,,,,,,,,,,,,,,,,,,,,,,,,<a refstr=Q1_Q17_DR25_KOI_TABLE href=https://exoplanetarchive.ipac.caltech.edu/docs/Kepler_KOI_docs.html target=ref>Q1-Q17 DR25 KOI Table</a>,,5855.0,104.0,-116.0,0.0,1.373,0.235,-0.259,0.0,1.161,0.081,-0.111,0.0,0.26,0.15,-0.15,0.0,[Fe/H],,,,,4.227,0.143,-0.117,0.0,,,,0.0,2.68444,0.66031,-0.92719,0.0,,,,,,,,,,,,,<a refstr=STASSUN_ET_AL__2019 href=https://ui.adsabs.harvard.edu/abs/2019AJ....158..138S/abstract target=ref>TICv8</a>,19h43m23.16s,295.8465148,+49d56m10.17s,49.9361586,12.72337,82.91864,68.84198,321.02107,3.4448571,0.0349619,-0.0349619,2.05875,0.0343203,-0.0343203,2.76199,0.0353133,-0.0353133,829.985,12.3095,-12.3095,1.17616,0.0177317,-0.0177317,14.286,0.19,-0.19,13.709,0.103,-0.103,12.558,0.021,-0.021,12.296,0.021,-0.021,12.239,0.024,-0.024,,,,,,,,,,,,,,,,12.161,0.023,-0.023,12.211,0.021,-0.021,12.771,0.394,-0.394,9.432,,,13.6519,0.000263,-0.000263,,,,13.2142,0.007,-0.007,13.628,,,2021-12-05,2022-02,2021-12-05,0.0,0.0,0.0,0.0,0.0,0.0,0.0
1931,HD 105618 c,HD 105618,c,HD 105618,,TIC 397519199,Gaia DR2 3906803888551408000,Gaia DR3 3906803888551408000,1,1,2,0,0,Radial Velocity,2022,<a refstr=FENG_ET_AL__2022 href=https://ui.adsabs.harvard.edu/abs/2022ApJS..262...21F/abstract target=ref>Feng et al. 2022</a>,2022-09,Ground,Multiple Observatories,Multiple Telescopes,Multiple Instruments,1.0,0.0,0.0,0.0,0.0,0.0,0.0,0.0,0.0,0.0,Published Confirmed,0.0,<a refstr=FENG_ET_AL__2022 href=https://ui.adsabs.harvard.edu/abs/2022ApJS..262...21F/abstract target=ref>Feng et al. 2022</a>,77114.07158,22860.71764,-10271.15556,0.0,35.731,6.866,-3.639,0.0,,,,,,,,,8419.59232984,1379.37528638,-898.50090659,0.0,26.491,4.34,-2.827,0.0,,,,,,,,,,,,,,,,,8419.59232984,1379.37528638,-898.50090659,0.0,26.491,4.34,-2.827,0.0,Mass,,,,,0.126,0.098,-0.08,0.0,,,,,,,,,31.968,3.441,-3.897,0.0,,,,,BJD,0.0,,,,,,,,,,,,,,,,,,,,,,,,,2450210.477,545.497,-87171.695,0.0,255.004,13.421,-13.748,0.0,66.452,1.23,-1.286,0.0,,,,,,,,,<a refstr=FENG_ET_AL__2022 href=https://ui.adsabs.harvard.edu/abs/2022ApJS..262...21F/abstract target=ref>Feng et al. 2022</a>,,,,,,,,,,1.01,0.129,-0.129,0.0,,,,,,,,,,,,,,,,,,,,,,,,,,,,,,,,,,<a refstr=STASSUN_ET_AL__2019 href=https://ui.adsabs.harvard.edu/abs/2019AJ....158..138S/abstract target=ref>TICv8</a>,12h09m36.51s,182.4021288,+11d12m41.65s,11.2115695,71.29123,269.21713,11.22966,177.68111,104.6313648,0.1007005,-0.1007005,-104.613,0.100714,-0.100714,-1.96029,0.0488822,-0.0488822,70.0837,0.2478,-0.2462,14.24,0.0499145,-0.0499145,9.251,0.0,0.0,8.63,0.03,-0.03,7.416,0.027,-0.027,7.139,0.034,-0.034,7.014,0.018,-0.018,,,,,,,,,,,,,,,,6.961,0.058,-0.058,7.078,0.02,-0.02,7.085,0.018,-0.018,7.066,0.108,-0.108,8.46692,0.000218,-0.000218,,,,8.0222,0.006,-0.006,,,,2023-06-12,2022-09,2023-06-12,0.0,0.0,0.0,0.0,0.0,0.0,0.0
37874,WASP-133 b,WASP-133,b,,,TIC 92449173,Gaia DR2 6778662809294560896,Gaia DR3 6778662809294560896,1,1,1,0,0,Transit,2016,<a refstr=MAXTED_ET_AL__2016 href=https://ui.adsabs.harvard.edu/abs/2016A&A...591A..55M/abstract target=ref>Maxted et al. 2016</a>,2016-06,Ground,SuperWASP-South,Canon 200mm f/1.8L,iKon-L CCD Camera,1.0,0.0,0.0,1.0,0.0,0.0,0.0,0.0,0.0,0.0,Published Confirmed,0.0,<a refstr=MAXTED_ET_AL__2016 href=https://ui.adsabs.harvard.edu/abs/2016A&A...591A..55M/abstract target=ref>Maxted et al. 2016</a>,2.176423,1e-06,-1e-06,0.0,0.0345,0.0007,-0.0007,0.0,13.56289,0.56045,-0.56045,0.0,1.21,0.05,-0.05,0.0,368.6828,28.6047,-28.6047,0.0,1.16,0.09,-0.09,0.0,,,,,,,,,,,,,,,,,368.6828,28.6047,-28.6047,0.0,1.16,0.09,-0.09,0.0,Mass,0.88,0.09,-0.09,0.0,0.17,,,1.0,,,,,1790.0,40.0,-40.0,0.0,87.0,1.0,-1.0,0.0,2457116.9874,0.0002,-0.0002,0.0,HJD,0.0,0.2,0.1,-0.1,0.0,,,,,3.4392,0.0168,-0.0168,0.0,5.155,0.081,-0.155,0.0,,,,,,,,,,,,,,,,,170.0,10.0,-10.0,0.0,,,,,,,,,<a refstr=MAXTED_ET_AL__2016 href=https://ui.adsabs.harvard.edu/abs/2016A&A...591A..55M/abstract target=ref>Maxted et al. 2016</a>,G4,5700.0,100.0,-100.0,0.0,1.44,0.05,-0.05,0.0,1.16,0.08,-0.08,0.0,0.29,0.12,-0.12,0.0,[Fe/H],,,,,4.18,0.02,-0.02,0.0,6.8,1.8,-1.8,0.0,0.55,0.04,-0.04,0.0,0.3,0.7,-0.7,0.0,,,,,-23.913,0.009,-0.009,0.0,<a refstr=STASSUN_ET_AL__2019 href=https://ui.adsabs.harvard.edu/abs/2019AJ....158..138S/abstract target=ref>TICv8</a>,20h58m18.11s,314.5754375,-35d47m47.84s,-35.7966224,-40.25582,7.63314,-17.86781,306.73125,14.6345773,0.0667006,-0.0667006,12.0883,0.0737809,-0.0737809,-8.24887,0.0480928,-0.0480928,559.084,16.967,-16.012,1.7619,0.0522979,-0.0522979,13.606,0.029,-0.029,12.891,0.069,-0.069,11.555,0.023,-0.023,11.238,0.026,-0.026,11.18,0.023,-0.023,,,,,,,,,,,,,,,,11.122,0.023,-0.023,11.178,0.022,-0.022,11.202,0.157,-0.157,9.001,,,12.7146,0.000187,-0.000187,,,,12.2247,0.006,-0.006,,,,2016-05-03,2016-06,2016-05-05,0.0,0.0,0.0,0.0,0.0,0.0,0.0
17737,Kepler-1825 b,Kepler-1825,b,,,TIC 63282889,Gaia DR2 2125760772871583744,Gaia DR3 2125760772871583744,0,1,1,0,0,Transit,2021,<a refstr=VALIZADEGAN_ET_AL__2022 href=https://ui.adsabs.harvard.edu/abs/2022ApJ...926..120V/abstract target=ref>Valizadegan et al. 2022</a>,2022-02,Space,Kepler,0.95 m Kepler Telescope,Kepler CCD Array,0.0,0.0,0.0,1.0,0.0,0.0,0.0,0.0,0.0,0.0,Kepler Project Candidate (q1_q8_koi),0.0,<a refstr=Q1_Q8_KOI_TABLE href=https://exoplanetarchive.ipac.caltech.edu/docs/Kepler_KOI_docs.html target=ref>Q1-Q8 KOI Table</a>,1.0258586,6.7e-06,-6.7e-06,0.0,0.018,,,0.0,1.34,0.94,-0.94,0.0,0.119547,0.08386133,-0.08386133,0.0,,,,,,,,,,,,,,,,,,,,,,,,,,,,,,,,,,,,,,0.0,,,0.0,,,,0.0,1406.0,,,0.0,80.21,,,0.0,2454964.65551,0.00074,-0.00074,0.0,BJD,0.0,0.85,0.43,-0.43,0.0,0.0247,,,0.0,0.8744,,,0.0,5.1,2.3,-2.3,0.0,0.0168,0.0035,-0.0035,0.0,,,,,,,,,,,,0.0,,,,,,,,,,,,,<a refstr=Q1_Q8_KOI_TABLE href=https://exoplanetarchive.ipac.caltech.edu/docs/Kepler_KOI_docs.html target=ref>Q1-Q8 KOI Table</a>,,5006.0,75.0,-75.0,0.0,0.73,0.49,-0.49,0.0,0.732,0.075,-0.075,0.0,,,,0.0,,,,,,4.58,0.3,-0.3,0.0,14.0,4.2,-4.2,0.0,,,,0.0,,,,,,,,,,,,,<a refstr=STASSUN_ET_AL__2019 href=https://ui.adsabs.harvard.edu/abs/2019AJ....158..138S/abstract target=ref>TICv8</a>,19h30m03.38s,292.5140647,+42d39m06.32s,42.6517554,11.48845,75.20968,63.11213,308.51156,15.6446494,0.035182,-0.035182,15.6252,0.0351887,-0.0351887,-0.779859,0.0323599,-0.0323599,430.254,3.344,-3.344,2.29544,0.0179282,-0.0179282,15.369,0.034,-0.034,14.605,0.114,-0.114,12.891,0.021,-0.021,12.402,0.02,-0.02,12.348,0.023,-0.023,,,,,,,,,,,,,,,,12.281,0.023,-0.023,12.339,0.022,-0.022,12.167,,,9.375,,,14.3827,0.000267,-0.000267,,,,13.7731,0.0061,-0.0061,14.413,,,2013-10-28,2014-01-08,2013-10-28,0.0,0.0,0.0,0.0,0.0,0.0,0.0
32911,Kepler-83 c,Kepler-83,c,,,TIC 123416515,Gaia DR2 2105261134483173632,Gaia DR3 2105261134483173632,0,2,3,0,0,Transit,2012,<a refstr=XIE_2013 href=https://ui.adsabs.harvard.edu/abs/2013ApJS..208...22X/abstract target=ref> Xie 2013 </a>,2013-10,Space,Kepler,0.95 m Kepler Telescope,Kepler CCD Array,0.0,0.0,0.0,1.0,0.0,0.0,0.0,0.0,0.0,0.0,Kepler Project Candidate (q1_q17_dr24_koi),0.0,<a refstr=Q1_Q17_DR24_KOI_TABLE href=https://exoplanetarchive.ipac.caltech.edu/docs/Kepler_KOI_docs.html target=ref>Q1-Q17 DR24 KOI Table</a>,20.09020088,6.306e-05,-6.306e-05,0.0,0.1178,,,0.0,2.06,0.23,-0.24,0.0,0.18378121,0.02051926,-0.0214114,0.0,,,,,,,,,,,,,,,,,,,,,,,,,,,,,,,,,,,,,,0.0,,,0.0,4.01,1.52,-1.17,0.0,361.0,,,0.0,89.95,,,0.0,2454980.97695,0.00262,-0.00262,0.0,BJD,1.0,0.2174,0.2177,-0.2174,0.0,0.15819,0.00456,-0.00456,0.0,3.5881,0.0825,-0.0825,0.0,43.34,4.8,-4.8,0.0,0.036232,0.001013,-0.000882,0.0,,,,,,,,,,,,0.0,,,,,,,,,,,,,<a refstr=Q1_Q17_DR24_KOI_TABLE href=https://exoplanetarchive.ipac.caltech.edu/docs/Kepler_KOI_docs.html target=ref>Q1-Q17 DR24 KOI Table</a>,,3893.0,102.0,-95.0,0.0,0.52,0.06,-0.06,0.0,0.54,0.07,-0.07,0.0,-0.15,0.11,-0.11,0.0,[Fe/H],,,,,4.738,0.075,-0.075,0.0,,,,0.0,3.81596,0.41904,-1.20032,0.0,,,,,,,,,,,,,<a refstr=STASSUN_ET_AL__2019 href=https://ui.adsabs.harvard.edu/abs/2019AJ....158..138S/abstract target=ref>TICv8</a>,18h48m55.80s,282.2325197,+43d39m56.04s,43.6655662,18.77652,73.114,66.16107,292.28179,13.77404,0.0585222,-0.0585222,1.90979,0.0568298,-0.0568298,-13.641,0.0585549,-0.0585549,400.409,5.153,-5.153,2.46907,0.0318941,-0.0318941,17.609,0.062,-0.062,16.145,0.217,-0.217,13.737,0.021,-0.021,13.079,0.023,-0.023,12.947,0.024,-0.024,,,,,,,,,,,,,,,,12.88,0.023,-0.023,12.891,0.024,-0.024,13.228,,,9.595,,,15.7832,0.000503,-0.000503,,,,14.9557,0.0062,-0.0062,15.777,,,2015-08-25,2015-09-24,2015-08-25,2.0,0.0,0.0,0.0,0.0,0.0,0.0
1414,HAT-P-55 b,HAT-P-55,b,,,TIC 311408969,Gaia DR2 4593808272896243328,Gaia DR3 4593808272896243328,0,1,1,0,0,Transit,2015,<a refstr=JUNCHER_ET_AL__2015 href=https://ui.adsabs.harvard.edu/abs/2015PASP..127..851J/abstract target=ref>Juncher et al. 2015</a>,2015-09,Ground,HATNet,Canon 200mm f/1.8L,2K CCD Sensor,1.0,0.0,0.0,1.0,0.0,0.0,0.0,0.0,0.0,0.0,Published Confirmed,0.0,<a refstr=BONOMO_ET_AL__2017 href=https://ui.adsabs.harvard.edu/abs/2017A&A...602A.107B/abstract target=ref>Bonomo et al. 2017</a>,3.5852467,6.4e-06,-6.4e-06,0.0,0.04604,0.00056,-0.00055,0.0,13.249038,0.616495,-0.616495,0.0,1.182,0.055,-0.055,0.0,184.3414,16.84499,-17.16282,0.0,0.58,0.053,-0.054,0.0,,,,,,,,,,,,,,,,,184.3414,16.84499,-17.16282,0.0,0.58,0.053,-0.054,0.0,Mass,0.435,0.08,-0.066,0.0,0.17,,,1.0,,,,,,,,,87.7,0.56,-0.56,0.0,2456730.83468,0.00027,-0.00027,0.0,BJD-TDB,0.0,,,,,,,,,,,,,,,,,,,,,,,,,,,,,,,,,77.5,6.8,-6.6,0.0,,,,,,,,,<a refstr=BONOMO_ET_AL__2017 href=https://ui.adsabs.harvard.edu/abs/2017A&A...602A.107B/abstract target=ref>Bonomo et al. 2017</a>,,5808.0,50.0,-50.0,0.0,1.011,0.036,-0.036,0.0,1.013,0.037,-0.037,0.0,-0.03,0.08,-0.08,0.0,[Fe/H],,,,,,,,,4.2,1.7,-1.7,0.0,,,,,1.8,0.5,-0.5,0.0,,,,,,,,,<a refstr=STASSUN_ET_AL__2019 href=https://ui.adsabs.harvard.edu/abs/2019AJ....158..138S/abstract target=ref>TICv8</a>,17h37m05.64s,264.2735096,+25d43m52.13s,25.7311468,26.9685,49.58846,49.01397,262.11913,10.9778775,0.0199043,-0.0199043,7.39262,0.0182284,-0.0182284,-8.1156,0.0211946,-0.0211946,511.388,3.634,-3.585,1.9266,0.0136983,-0.0136983,13.871,0.039,-0.039,13.197,0.126,-0.126,12.02,0.022,-0.022,11.714,0.026,-0.026,11.627,0.025,-0.025,,,,,,,,,,,,,,,,11.634,0.023,-0.023,11.672,0.022,-0.022,11.575,0.182,-0.182,9.274,,,13.0955,0.000318,-0.000318,,,,12.658,0.0068,-0.0068,,,,2019-03-18,2017-06,2019-03-21,0.0,0.0,0.0,0.0,0.0,1.0,0.0
33432,Kepler-869 b,Kepler-869,b,,,TIC 299218299,Gaia DR2 2133140076439141376,Gaia DR3 2133140076439141376,0,1,1,0,0,Transit,2016,<a refstr=MORTON_ET_AL__2016 href=https://ui.adsabs.harvard.edu/abs/2016ApJ...822...86M/abstract target=ref>Morton et al. 2016</a>,2016-05,Space,Kepler,0.95 m Kepler Telescope,Kepler CCD Array,0.0,0.0,0.0,1.0,0.0,0.0,0.0,0.0,0.0,0.0,Kepler Project Candidate (q1_q16_koi),0.0,<a refstr=Q1_Q16_KOI_TABLE href=https://exoplanetarchive.ipac.caltech.edu/docs/Kepler_KOI_docs.html target=ref>Q1-Q16 KOI Table</a>,40.4287755,0.0001799,-0.0001799,0.0,0.2241,,,0.0,3.25,1.39,-0.26,0.0,0.28994608,0.12400771,-0.02319569,0.0,,,,,,,,,,,,,,,,,,,,,,,,,,,,,,,,,,,,,,0.0,,,0.0,14.28,18.13,-3.37,0.0,496.0,,,0.0,87.09,,,0.0,2454972.50229,0.00352,-0.00352,0.0,BJD,0.0,0.9162,0.0097,-0.6288,0.0,0.10241,0.00262,-0.00262,0.0,7.553,0.309,-0.309,0.0,19.75,9.7,-9.7,0.0,0.035465,8.2e-05,-0.005448,0.0,,,,,,,,,,,,0.0,,,,,,,,,,,,,<a refstr=Q1_Q16_KOI_TABLE href=https://exoplanetarchive.ipac.caltech.edu/docs/Kepler_KOI_docs.html target=ref>Q1-Q16 KOI Table</a>,,5812.0,157.0,-151.0,0.0,0.838,0.359,-0.066,0.0,0.917,0.103,-0.097,0.0,-0.28,0.3,-0.26,0.0,[Fe/H],,,,,4.554,0.032,-0.296,0.0,,,,0.0,0.08921,0.9672,-0.01678,0.0,,,,,,,,,,,,,<a refstr=STASSUN_ET_AL__2019 href=https://ui.adsabs.harvard.edu/abs/2019AJ....158..138S/abstract target=ref>TICv8</a>,19h17m41.90s,289.4245955,+50d59m38.83s,50.9941198,16.87545,82.13273,71.63499,311.6288,2.7533947,0.0419319,-0.0419319,0.995838,0.0452669,-0.0452669,2.567,0.0414068,-0.0414068,939.455,19.29,-18.543,1.0358,0.0212667,-0.0212667,16.288,0.069,-0.069,15.122,0.08,-0.08,13.741,0.029,-0.029,13.399,0.036,-0.036,13.359,0.036,-0.036,,,,,,,,,,,,,,,,13.156,0.023,-0.023,13.235,0.024,-0.024,12.722,,,9.277,,,14.9685,0.000399,-0.000399,,,,14.4737,0.0064,-0.0064,14.982,,,2014-11-21,2014-12-18,2014-11-21,1.0,0.0,0.0,0.0,0.0,0.0,0.0
23217,Kepler-297 c,Kepler-297,c,,,TIC 48304302,Gaia DR2 2131748747552136960,Gaia DR3 2131748747552136960,0,1,3,0,0,Transit,2014,<a refstr=ROWE_ET_AL__2014 href=https://ui.adsabs.harvard.edu/abs/2014ApJ...784...45R/abstract target=ref> Rowe et al. 2014</a>,2014-03,Space,Kepler,0.95 m Kepler Telescope,Kepler CCD Array,0.0,0.0,0.0,1.0,0.0,0.0,0.0,0.0,0.0,0.0,Kepler Project Candidate (q1_q17_dr25_koi),0.0,<a refstr=Q1_Q17_DR25_KOI_TABLE href=https://exoplanetarchive.ipac.caltech.edu/docs/Kepler_KOI_docs.html target=ref>Q1-Q17 DR25 KOI Table</a>,74.92768653,6.28e-05,-6.28e-05,0.0,0.3292,,,0.0,6.39,0.7,-0.58,0.0,0.5700786,0.06244992,-0.05174422,0.0,,,,,,,,,,,,,,,,,,,,,,,,,,,,,,,,,,,,,,0.0,,,0.0,6.62,2.21,-1.57,0.0,409.0,,,0.0,89.47,,,0.0,2454957.99266,0.00073,-0.00073,0.0,BJD,1.0,0.796,0.011,-0.06,0.0,0.41192,0.00286,-0.00286,0.0,4.74,0.0776,-0.0776,0.0,85.5,19.0,-19.0,0.0,0.06521,0.000667,-0.001362,0.0,,,,,,,,,,,,0.0,,,,,,,,,,,,,<a refstr=Q1_Q17_DR25_KOI_TABLE href=https://exoplanetarchive.ipac.caltech.edu/docs/Kepler_KOI_docs.html target=ref>Q1-Q17 DR25 KOI Table</a>,,5618.0,112.0,-112.0,0.0,0.897,0.099,-0.081,0.0,0.846,0.059,-0.049,0.0,-0.22,0.15,-0.15,0.0,[Fe/H],,,,,4.46,0.081,-0.09,0.0,,,,0.0,2.10576,0.46841,-0.34224,0.0,,,,,,,,,,,,,<a refstr=STASSUN_ET_AL__2019 href=https://ui.adsabs.harvard.edu/abs/2019AJ....158..138S/abstract target=ref>TICv8</a>,18h52m50.20s,283.2091605,+48d46m39.42s,48.7776156,19.83985,78.46058,70.95879,297.48376,2.4872998,0.0338151,-0.0338151,2.16011,0.0344841,-0.0344841,-1.23312,0.0316743,-0.0316743,692.14,8.083,-7.901,1.41601,0.0165559,-0.0165559,15.572,0.043,-0.043,14.326,0.16,-0.16,13.122,0.025,-0.025,12.785,0.023,-0.023,12.78,0.031,-0.031,,,,,,,,,,,,,,,,12.714,0.023,-0.023,12.755,0.022,-0.022,12.445,,,9.364,,,14.1922,0.00026,-0.00026,,,,13.7454,0.0068,-0.0068,14.232,,,2017-05-08,2017-08-31 00:00,2017-05-08,1.0,0.0,0.0,0.0,0.0,0.0,0.0
10013,Kepler-1211 b,Kepler-1211,b,,,TIC 120578889,Gaia DR2 2103785516859681152,Gaia DR3 2103785516859681152,0,1,1,0,0,Transit,2016,<a refstr=MORTON_ET_AL__2016 href=https://ui.adsabs.harvard.edu/abs/2016ApJ...822...86M/abstract target=ref>Morton et al. 2016</a>,2016-05,Space,Kepler,0.95 m Kepler Telescope,Kepler CCD Array,0.0,0.0,0.0,1.0,0.0,0.0,0.0,0.0,0.0,0.0,Kepler Project Candidate (q1_q8_koi),0.0,<a refstr=Q1_Q8_KOI_TABLE href=https://exoplanetarchive.ipac.caltech.edu/docs/Kepler_KOI_docs.html target=ref>Q1-Q8 KOI Table</a>,11.01832,0.00017,-0.00017,0.0,0.099,,,0.0,2.3,1.1,-1.1,0.0,0.20519261,0.0981356,-0.0981356,0.0,,,,,,,,,,,,,,,,,,,,,,,,,,,,,,,,,,,,,,0.0,,,0.0,,,,0.0,829.0,,,0.0,89.38,,,0.0,2454972.8833,0.0059,-0.0059,0.0,BJD,0.0,0.18,0.69,-0.69,0.0,0.0611,,,0.0,3.7301,,,0.0,22.7,8.0,-8.0,0.0,0.0225,0.0019,-0.0019,0.0,,,,,,,,,,,,0.0,,,,,,,,,,,,,<a refstr=Q1_Q8_KOI_TABLE href=https://exoplanetarchive.ipac.caltech.edu/docs/Kepler_KOI_docs.html target=ref>Q1-Q8 KOI Table</a>,,6054.0,112.0,-112.0,0.0,0.95,0.46,-0.46,0.0,1.05,0.11,-0.11,0.0,,,,0.0,,,,,,4.5,0.3,-0.3,0.0,0.4,2.1,-2.1,0.0,,,,0.0,,,,,,,,,,,,,<a refstr=STASSUN_ET_AL__2019 href=https://ui.adsabs.harvard.edu/abs/2019AJ....158..138S/abstract target=ref>TICv8</a>,19h02m52.98s,285.7207618,+40d51m24.88s,40.8569116,15.34854,71.36435,62.8474,296.67917,11.7671817,0.0686484,-0.0686484,-3.18907,0.0644192,-0.0644192,-11.3268,0.0689726,-0.0689726,1826.53,131.08,-114.96,0.518186,0.0360326,-0.0360326,16.753,0.107,-0.107,16.016,0.126,-0.126,14.753,0.029,-0.029,14.325,0.041,-0.041,14.318,0.067,-0.067,,,,,,,,,,,,,,,,14.3,0.027,-0.027,14.384,0.039,-0.039,13.016,,,9.105,,,15.8278,0.000595,-0.000595,,,,15.3535,0.0075,-0.0075,15.832,,,2013-10-28,2014-01-08,2013-10-28,1.0,0.0,0.0,0.0,0.0,0.0,0.0
5781,K2-49 b,K2-49,b,,,TIC 325335564,Gaia DR2 3895843479901597440,Gaia DR3 3895843479901597440,1,1,1,0,0,Transit,2016,<a refstr=CROSSFIELD_ET_AL__2016 href=https://ui.adsabs.harvard.edu/abs/2016ApJS..226....7C/abstract target=ref>Crossfield et al. 2016</a>,2016-09,Space,K2,0.95 m Kepler Telescope,Kepler CCD Array,0.0,0.0,0.0,1.0,0.0,0.0,0.0,0.0,0.0,0.0,Published Confirmed,0.0,<a refstr=CROSSFIELD_ET_AL__2016 href=https://ui.adsabs.harvard.edu/abs/2016ApJS..226....7C/abstract target=ref>Crossfield et al. 2016</a>,2.77065,0.00015,-0.00015,0.0,0.0309,0.0029,-0.0029,0.0,1.93,0.53,-0.53,0.0,0.17218307,0.04728343,-0.04728343,0.0,,,,,,,,,,,,,,,,,,,,,,,,,,,,,,,,,,,,,,,,,,59.0,35.0,-35.0,0.0,,,,,,,,,2456810.0203,0.0026,-0.0026,0.0,BJD-TDB,0.0,,,,,,,,,2.307,0.086,-0.086,0.0,,,,,0.0383,0.0028,-0.0028,0.0,,,,,,,,,,,,,,,,,,,,,,,,,<a refstr=CROSSFIELD_ET_AL__2016 href=https://ui.adsabs.harvard.edu/abs/2016ApJS..226....7C/abstract target=ref>Crossfield et al. 2016</a>,,4175.0,97.0,-97.0,0.0,0.45,0.12,-0.12,0.0,0.51,0.14,-0.14,0.0,,,,,,,,,,4.81,0.11,-0.11,0.0,,,,,,,,,,,,,,,,,,,,,<a refstr=STASSUN_ET_AL__2019 href=https://ui.adsabs.harvard.edu/abs/2019AJ....158..138S/abstract target=ref>TICv8</a>,11h49m16.86s,177.3202331,+03d28m31.87s,3.4755183,62.0702,268.1186,2.12366,176.15577,10.9932611,0.0515587,-0.0515587,0.393953,0.0902326,-0.0902326,-10.9862,0.0514903,-0.0514903,457.125,10.223,-9.793,2.15954,0.0475172,-0.0475172,17.143,0.149,-0.149,15.668,0.084,-0.084,13.463,0.026,-0.026,12.873,0.025,-0.025,12.729,0.03,-0.03,18.8432,0.0199201,-0.0199201,16.3183,0.0040016,-0.0040016,15.1786,0.0032026,-0.0032026,14.7837,0.0035178,-0.0035178,14.5767,0.0044462,-0.0044462,12.704,0.024,-0.024,12.765,0.028,-0.028,11.843,,,8.895001,,,15.2444,0.000571,-0.000571,,,,14.5115,0.0065,-0.0065,15.288,,,2016-07-14,2016-09,2016-07-18,0.0,0.0,0.0,0.0,0.0,0.0,0.0
37180,TOI-561 e,TOI-561,e,,,TIC 377064495,Gaia DR2 3850421005290172416,Gaia DR3 3850421005290172416,0,1,4,0,0,Transit,2020,<a refstr=LACEDELLI_ET_AL__2020 href=https://ui.adsabs.harvard.edu/abs/2020MNRAS.tmp.3556L/abstract target=ref>Lacedelli et al. 2020</a>,2020-12,Space,Transiting Exoplanet Survey Satellite (TESS),0.1 m TESS Telescope,TESS CCD Array,1.0,0.0,0.0,1.0,0.0,0.0,0.0,0.0,0.0,0.0,TESS Project Candidate,1.0,<a refstr=EXOFOP_TESS_TOI href=https://exofop.ipac.caltech.edu/tess/view_toi.php target=ref>ExoFOP-TESS TOI</a>,,,,,,,,,3.18580584,0.2666196,-0.2666196,0.0,0.28421905,0.02378625,-0.02378625,0.0,,,,,,,,,,,,,,,,,,,,,,,,,,,,,,,,,,,,,,,,,,0.1424,,,0.0,156.67,,,0.0,,,,,2458538.197642,0.01383113,-0.01383113,0.0,BJD,0.0,,,,,0.09146282,0.0082488,-0.0082488,0.0,6.6489216,0.739864,-0.739864,0.0,,,,,,,,,,,,,,,,,,,,,,,,,,,,,,,,,<a refstr=EXOFOP_TESS_TOI href=https://exofop.ipac.caltech.edu/tess/view_toi.php target=ref>ExoFOP-TESS TOI</a>,,5391.0,185.0,-185.0,0.0,0.840576,0.045226,-0.045226,0.0,,,,,,,,,,,,,,4.52526,0.28868,-0.28868,0.0,,,,,,,,,,,,,,,,,,,,,<a refstr=STASSUN_ET_AL__2019 href=https://ui.adsabs.harvard.edu/abs/2019AJ....158..138S/abstract target=ref>TICv8</a>,09h52m44.44s,148.1851516,+06d12m57.97s,6.216103,42.72934,230.84909,-6.26469,148.18985,124.6638566,0.0898647,-0.0898647,-108.432,0.0883905,-0.0883905,-61.5108,0.0942989,-0.0942989,85.799,0.4988,-0.4932,11.6268,0.0668703,-0.0668703,10.965,0.082,-0.082,10.252,0.006,-0.006,8.879,0.02,-0.02,8.504,0.055,-0.055,8.394,0.019,-0.019,,,,,,,,,,,,,,,,8.337,0.023,-0.023,8.396,0.02,-0.02,8.375,0.023,-0.023,7.971,0.26,-0.26,10.0128,0.000278,-0.000278,,,,9.5273,0.006,-0.006,,,,2024-12-10,2017-07,2024-12-10,1.0,0.0,0.0,0.0,0.0,0.0,0.0
25637,Kepler-37 c,Kepler-37,c,,,TIC 164652245,Gaia DR2 2106674071344722688,Gaia DR3 2106674071344722688,0,1,4,0,0,Transit,2013,<a refstr=BARCLAY_ET_AL__2013 href=https://ui.adsabs.harvard.edu/abs/2013Natur.494..452B/abstract target=ref> Barclay et al. 2013 </a>,2013-02,Space,Kepler,0.95 m Kepler Telescope,Kepler CCD Array,0.0,0.0,0.0,1.0,0.0,0.0,0.0,0.0,0.0,0.0,Kepler Project Candidate (q1_q8_koi),0.0,<a refstr=Q1_Q8_KOI_TABLE href=https://exoplanetarchive.ipac.caltech.edu/docs/Kepler_KOI_docs.html target=ref>Q1-Q8 KOI Table</a>,21.302,0.00013,-0.00013,0.0,0.137,,,0.0,0.75,0.03,-0.03,0.0,0.06691063,0.00267643,-0.00267643,0.0,,,,,,,,,,,,,,,,,,,,,,,,,,,,,,,,,,,,,,0.0,,,0.0,,,,0.0,538.0,,,0.0,88.81,,,0.0,2455024.8374,0.0021,-0.0021,0.0,BJD,0.0,0.694,0.1,-0.1,0.0,0.0094,,,0.0,3.7956,,,0.0,31.4,3.4,-3.4,0.0,0.00944,0.00017,-0.00017,0.0,,,,,,,,,,,,0.0,,,,,,,,,,,,,<a refstr=Q1_Q8_KOI_TABLE href=https://exoplanetarchive.ipac.caltech.edu/docs/Kepler_KOI_docs.html target=ref>Q1-Q8 KOI Table</a>,,5288.0,44.0,-44.0,0.0,0.728,0.028,-0.028,0.0,0.753,0.02,-0.02,0.0,,,,0.0,,,,,,4.59,0.1,-0.1,0.0,10.0,3.6,-3.6,0.0,,,,0.0,,,,,,,,,,,,,<a refstr=STASSUN_ET_AL__2019 href=https://ui.adsabs.harvard.edu/abs/2019AJ....158..138S/abstract target=ref>TICv8</a>,18h56m14.22s,284.0592503,+44d31m06.14s,44.5183733,17.84364,74.43727,66.69484,295.96068,77.6774605,0.0517991,-0.0517991,-60.5205,0.0529405,-0.0529405,48.6935,0.0499846,-0.0499846,63.9207,0.1196,-0.1191,15.6155,0.0289903,-0.0289903,10.446,0.054,-0.054,9.770001,0.004,-0.004,8.356,0.018,-0.018,8.0,0.024,-0.024,7.942,0.013,-0.013,,,,,,,,,,,,,,,,7.867,0.025,-0.025,7.933,0.02,-0.02,7.901,0.019,-0.019,8.183,0.193,-0.193,9.54988,0.000258,-0.000258,,,,9.0638,0.006,-0.006,9.705,,,2013-10-28,2014-01-08,2013-10-28,1.0,0.0,2.0,0.0,0.0,0.0,0.0
110,55 Cnc e,55 Cnc,e,HD 75732,HIP 43587,TIC 332064670,Gaia DR2 704967037090946688,Gaia DR3 704967037090946688,0,2,7,0,0,Radial Velocity,2004,<a refstr=MCARTHUR_ET_AL__2004 href=https://ui.adsabs.harvard.edu/abs/2004ApJ...614L..81M/abstract target=ref> McArthur et al. 2004 </a>,2004-10,Ground,McDonald Observatory,9.2 m Hobby-Eberly Telescope,High Resolution Spectrograph,1.0,0.0,0.0,1.0,0.0,0.0,0.0,0.0,0.0,0.0,Published Confirmed,0.0,<a refstr=BALUEV_2015 href=https://ui.adsabs.harvard.edu/abs/2015MNRAS.446.1493B/abstract target=ref>Baluev 2015</a>,0.7365515,1.5e-06,-1.5e-06,0.0,0.015690907,2.1e-08,-2.1e-08,0.0,,,,,,,,,8.13928,0.23201,-0.23201,0.0,0.02561,0.00073,-0.00073,0.0,,,,,,,,,,,,,,,,,8.13928,0.23201,-0.23201,0.0,0.02561,0.00073,-0.00073,0.0,Mass,,,,,0.04,0.027,-0.027,0.0,,,,,,,,,90.0,,,0.0,,,,,,0.0,,,,,,,,,,,,,,,,,,,,,,,,,,,,,72.0,42.0,-42.0,0.0,5.97,0.17,-0.17,0.0,,,,,,,,,<a refstr=BALUEV_2015 href=https://ui.adsabs.harvard.edu/abs/2015MNRAS.446.1493B/abstract target=ref>Baluev 2015</a>,,,,,,,,,,0.95,,,0.0,,,,,,,,,,,,,,,,,,,,,,,,,,,,,,,,,,<a refstr=STASSUN_ET_AL__2019 href=https://ui.adsabs.harvard.edu/abs/2019AJ....158..138S/abstract target=ref>TICv8</a>,08h52m35.24s,133.1468373,+28d19m47.34s,28.3298154,37.69663,196.79526,10.36555,127.72682,539.1329986,0.1295797,-0.1295797,-485.872,0.133857,-0.133857,-233.651,0.109171,-0.109171,12.5855,0.0124,-0.0123,79.4274,0.0776646,-0.0776646,6.816,0.019,-0.019,5.95084,0.023,-0.023,4.768,0.244,-0.244,4.265,0.234,-0.234,4.015,0.036,-0.036,,,,,,,,,,,,,,,,,,,,,,,,,,,,5.72973,0.0008523,-0.0008523,,,,5.2058,0.0061,-0.0061,,,,2021-02-05,2015-01,2014-10-29,6.0,1.0,9.0,11.0,19.0,4.0,0.0
34855,Kepler-98 b,Kepler-98,b,,,TIC 120629799,Gaia DR2 2099862910348755712,Gaia DR3 2099862910348755712,0,1,1,0,0,Transit,2014,<a refstr=MARCY_ET_AL__2014 href=https://ui.adsabs.harvard.edu/abs/2014ApJS..210...20M/abstract target=ref> Marcy et al. 2014 </a>,2014-02,Space,Kepler,0.95 m Kepler Telescope,Kepler CCD Array,1.0,0.0,0.0,1.0,0.0,0.0,0.0,0.0,0.0,0.0,Published Confirmed,0.0,<a refstr=GAJDO_SCARON__ET_AL__2019 href=https://ui.adsabs.harvard.edu/abs/2019RAA....19...41G/abstract target=ref>Gajdo&scaron; et al. 2019</a>,1.5416766295,8.573e-07,-8.573e-07,0.0,,,,,,,,,,,,,,,,,,,,,,,,,,,,,,,,,,,,,,,,,,,,,,,,,,,,,,,,,,,,,,,,,,2455003.54399,0.00044593,-0.00044593,0.0,BJD,0.0,,,,,,,,,,,,,,,,,,,,,,,,,,,,,,,,,,,,,,,,,,,,,<a refstr=STASSUN_ET_AL__2019 href=https://ui.adsabs.harvard.edu/abs/2019AJ....158..138S/abstract target=ref>TICv8</a>,,5506.0,171.19,-111.58,0.0,0.942676,0.04121,-0.070047,0.0,0.966,0.133301,-0.108251,0.0,0.1,0.1,-0.1,0.0,[M/H],-0.13324,0.01166,-0.0163,0.0,4.47432,0.086883,-0.09246,0.0,,,,,1.625755,0.51025,-0.317266,0.0,,,,,,,,,,,,,<a refstr=STASSUN_ET_AL__2019 href=https://ui.adsabs.harvard.edu/abs/2019AJ....158..138S/abstract target=ref>TICv8</a>,19h02m38.81s,285.6616933,+37d57m52.44s,37.9645672,14.25314,68.59512,60.03971,295.22119,17.989011,0.0467974,-0.0467974,8.85775,0.0411918,-0.0411918,15.6571,0.0484547,-0.0484547,350.315,2.978,-2.929,2.82589,0.0238868,-0.0238868,14.182,0.066,-0.066,12.996,0.08,-0.08,11.672,0.019,-0.019,11.316,0.021,-0.021,11.253,0.017,-0.017,,,,,,,,,,,,,,,,11.229,0.023,-0.023,11.276,0.022,-0.022,11.335,0.128,-0.128,9.16,,,12.8694,0.000255,-0.000255,,,,12.3704,0.0061,-0.0061,12.899,,,2019-04-16,2019-03,2019-04-18,1.0,0.0,0.0,0.0,0.0,0.0,0.0
13006,Kepler-1427 b,Kepler-1427,b,,,TIC 271665352,Gaia DR2 2079963811471971584,Gaia DR3 2079963811474106496,1,1,1,0,0,Transit,2016,<a refstr=MORTON_ET_AL__2016 href=https://ui.adsabs.harvard.edu/abs/2016ApJ...822...86M/abstract target=ref>Morton et al. 2016</a>,2016-05,Space,Kepler,0.95 m Kepler Telescope,Kepler CCD Array,0.0,0.0,0.0,1.0,0.0,0.0,0.0,0.0,0.0,0.0,Published Confirmed,0.0,<a refstr=MORTON_ET_AL__2016 href=https://ui.adsabs.harvard.edu/abs/2016ApJ...822...86M/abstract target=ref>Morton et al. 2016</a>,0.968972376,6.771e-06,-6.771e-06,0.0,,,,,1.1,0.24,-0.12,0.0,0.09813543,0.02141137,-0.01070568,0.0,,,,,,,,,,,,,,,,,,,,,,,,,,,,,,,,,,,,,,,,,,,,,,,,,,,,,,2454965.42945,0.0063,-0.0063,0.0,JD,0.0,,,,,,,,,1.622,0.157,-0.157,0.0,,,,,0.009896,0.000848,-0.00039,0.0,,,,,,,,,,,,,,,,,,,,,,,,,<a refstr=MORTON_ET_AL__2016 href=https://ui.adsabs.harvard.edu/abs/2016ApJ...822...86M/abstract target=ref>Morton et al. 2016</a>,,5793.0,120.55,-179.64,0.0,1.01,0.202,-0.101,0.0,1.01,0.065,-0.066,0.0,0.06,0.139,-0.157,0.0,[Fe/H],,,,,4.44,0.072,-0.152,0.0,4.07,3.15,-2.38,0.0,,,,,,,,,,,,,,,,,<a refstr=STASSUN_ET_AL__2019 href=https://ui.adsabs.harvard.edu/abs/2019AJ....158..138S/abstract target=ref>TICv8</a>,19h41m23.92s,295.3496546,+45d06m52.33s,45.1145372,10.79186,78.39287,64.65311,314.88743,5.4427917,2.102044,-2.102044,-3.08543,2.10201,-2.10201,-4.48376,2.10206,-2.10206,,,,,,,16.325,0.067,-0.067,15.601,0.16,-0.16,14.147,0.024,-0.024,13.816,0.031,-0.031,13.711,0.043,-0.043,,,,,,,,,,,,,,,,13.703,0.023,-0.023,13.76,0.028,-0.028,13.197,,,9.664,,,15.4816,0.003041,-0.003041,,,,14.9556,0.0068,-0.0068,15.415,,,2016-05-06,2016-05,2016-05-10,1.0,0.0,0.0,0.0,0.0,0.0,0.0
35398,NY Vir b,NY Vir,b,,,TIC 175402069,Gaia DR2 3637481302758519040,Gaia DR3 3637481302758519040,0,2,2,0,1,Eclipse Timing Variations,2011,<a refstr=QIAN_ET_AL__2012 href=https://ui.adsabs.harvard.edu/abs/2012ApJ...745L..23Q/abstract target=ref> Qian et al. 2012 </a>,2012-02,Ground,Multiple Observatories,Multiple Telescopes,Multiple Instruments,0.0,0.0,0.0,0.0,0.0,0.0,0.0,1.0,0.0,0.0,Published Confirmed,0.0,<a refstr=LEE_ET_AL__2014 href=https://ui.adsabs.harvard.edu/abs/2014MNRAS.445.2331L/abstract target=ref>Lee et al. 2014</a>,2985.7,65.7,-65.7,0.0,,,,,,,,,,,,,,,,,,,,,883.53,60.39,-60.39,0.0,2.78,0.19,-0.19,0.0,,,,,,,,,883.53,60.39,-60.39,0.0,2.78,0.19,-0.19,0.0,Msini,,,,,0.44,0.17,-0.17,0.0,,,,,,,,,,,,,,,,,,0.0,,,,,,,,,,,,,,,,,,,,,,,,,2453472.0,141.0,-141.0,0.0,346.0,15.0,-15.0,0.0,,,,,,,,,,,,,<a refstr=STASSUN_ET_AL__2019 href=https://ui.adsabs.harvard.edu/abs/2019AJ....158..138S/abstract target=ref>TICv8</a>,,32780.0,200.0,-200.0,0.0,0.151,0.001,-0.001,0.0,0.459,0.01,-0.01,0.0,,,,,,1.37508,0.01605,-0.01667,0.0,5.74193,0.001021,-0.001021,0.0,,,,,187.952403,1.686744,-1.686744,0.0,,,,,,,,,,,,,<a refstr=STASSUN_ET_AL__2019 href=https://ui.adsabs.harvard.edu/abs/2019AJ....158..138S/abstract target=ref>TICv8</a>,13h38m48.14s,204.7005847,-02d01m49.39s,-2.0303873,58.68771,326.17234,7.67833,203.62686,13.390667,0.1009697,-0.1009697,-6.11243,0.127156,-0.127156,-11.9142,0.0928577,-0.0928577,544.024,18.8765,-18.8765,1.81161,0.0632241,-0.0632241,13.427,0.253,-0.253,13.496,0.184,-0.184,14.594,0.037,-0.037,14.646,0.05,-0.05,14.635,0.095,-0.095,12.9288,0.0027536,-0.0027536,13.7447,0.0026017,-0.0026017,13.5799,0.0028516,-0.0028516,16.3646,0.014684,-0.014684,14.2332,0.003904,-0.003904,14.213,0.027,-0.027,14.28,0.043,-0.043,12.944,,,9.248,,,13.3943,0.005638,-0.005638,,,,14.021,,,,,,2019-10-18,2014-12,2014-09-25,1.0,0.0,0.0,0.0,0.0,0.0,0.0
22697,Kepler-282 e,Kepler-282,e,,,TIC 164779321,Gaia DR2 2106739943262307200,Gaia DR3 2106739943262307200,0,1,4,0,0,Transit,2013,<a refstr=XIE_2014 href=https://ui.adsabs.harvard.edu/abs/2014ApJS..210...25X/abstract target=ref>Xie 2014</a>,2014-02,Space,Kepler,0.95 m Kepler Telescope,Kepler CCD Array,0.0,0.0,0.0,1.0,0.0,0.0,0.0,0.0,0.0,0.0,Kepler Project Candidate (q1_q12_koi),0.0,<a refstr=Q1_Q12_KOI_TABLE href=https://exoplanetarchive.ipac.caltech.edu/docs/Kepler_KOI_docs.html target=ref>Q1-Q12 KOI Table</a>,44.3470995,0.0001632,-0.0001632,0.0,0.2427,,,0.0,2.59,1.05,-0.21,0.0,0.23106472,0.09367489,-0.01873498,0.0,,,,,,,,,,,,,,,,,,,,,,,,,,,,,,,,,,,,,,0.0,,,0.0,16.57,19.89,-4.08,0.0,515.0,,,0.0,89.95,,,0.0,2454994.31904,0.00303,-0.00303,0.0,BJD,1.0,0.092,0.3263,-0.0918,0.0,0.08438,0.0022,-0.0022,0.0,6.399,0.103,-0.103,0.0,54.15,1.1,-1.1,0.0,0.026731,0.000738,-0.000383,0.0,,,,,,,,,,,,0.0,,,,,,,,,,,,,<a refstr=Q1_Q12_KOI_TABLE href=https://exoplanetarchive.ipac.caltech.edu/docs/Kepler_KOI_docs.html target=ref>Q1-Q12 KOI Table</a>,,6102.0,163.0,-178.0,0.0,0.887,0.361,-0.07,0.0,0.968,0.101,-0.12,0.0,-0.38,0.28,-0.3,0.0,[Fe/H],,,,,4.528,0.034,-0.298,0.0,,,,0.0,1.52699,0.03158,-0.53421,0.0,,,,,,,,,,,,,<a refstr=STASSUN_ET_AL__2019 href=https://ui.adsabs.harvard.edu/abs/2019AJ....158..138S/abstract target=ref>TICv8</a>,18h58m42.54s,284.6772402,+44d47m51.50s,44.7976401,17.53304,74.87605,66.85517,297.21722,8.8835774,0.0448374,-0.0448374,-6.56484,0.0453901,-0.0453901,-5.98505,0.0441632,-0.0441632,1337.61,44.61,-41.87,0.718924,0.02398,-0.02398,16.034,0.077,-0.077,15.444,0.263,-0.263,14.08,0.028,-0.028,13.718,0.027,-0.027,13.65,0.046,-0.046,,,,,,,,,,,,,,,,13.73,0.024,-0.024,13.779,0.029,-0.029,13.142,,,9.233,,,15.1779,0.000354,-0.000354,,,,14.7256,0.0062,-0.0062,15.204,,,2014-11-18,2014-12-04,2014-11-18,1.0,0.0,0.0,0.0,0.0,0.0,0.0
12341,Kepler-138 b,Kepler-138,b,,,TIC 159376971,Gaia DR2 2102053446751282944,Gaia DR3 2102053446751282944,1,1,4,0,0,Transit,2014,<a refstr=ROWE_ET_AL__2014 href=https://ui.adsabs.harvard.edu/abs/2014ApJ...784...45R/abstract target=ref> Rowe et al. 2014</a>,2014-03,Space,Kepler,0.95 m Kepler Telescope,Kepler CCD Array,0.0,0.0,0.0,1.0,0.0,0.0,0.0,0.0,0.0,0.0,Published Confirmed,0.0,<a refstr=PIAULET_ET_AL__2022 href=https://ui.adsabs.harvard.edu/abs/2022NatAs.tmp..269P/abstract target=ref>Piaulet et al. 2022</a>,10.3134,0.0003,-0.0003,0.0,0.0753,0.0006,-0.0006,0.0,0.64,0.02,-0.02,0.0,0.05709707,0.00178428,-0.00178428,0.0,0.07,0.02,-0.02,0.0,0.00022024,6.293e-05,-6.293e-05,0.0,,,,,,,,,,,,,,,,,0.07,0.02,-0.02,0.0,0.00022024,6.293e-05,-6.293e-05,0.0,Mass,1.7,0.5,-0.5,0.0,0.02,0.009,-0.009,0.0,9.9,0.7,-0.7,0.0,452.0,8.0,-9.0,0.0,88.67,0.08,-0.08,0.0,2454956.236,0.003,-0.003,0.0,BJD,1.0,0.7,0.03,-0.03,0.0,,,,,,,,,30.3,0.8,-0.8,0.0,,,,,,,,,,,,,40.0,20.0,-20.0,0.0,,,,,,,,,,,,,<a refstr=PIAULET_ET_AL__2022 href=https://ui.adsabs.harvard.edu/abs/2022NatAs.tmp..269P/abstract target=ref>Piaulet et al. 2022</a>,,3841.0,50.0,-51.0,0.0,0.535,0.013,-0.014,0.0,0.535,0.012,-0.012,0.0,-0.18,0.1,-0.1,0.0,[Fe/H],-1.25181,0.02996,-0.03218,0.0,4.71,0.03,-0.03,0.0,,,,,4.9,0.4,-0.4,0.0,,,,,,,,,,,,,<a refstr=STASSUN_ET_AL__2019 href=https://ui.adsabs.harvard.edu/abs/2019AJ....158..138S/abstract target=ref>TICv8</a>,19h21m31.54s,290.3814122,+43d17m35.03s,43.2930645,13.17249,75.10743,64.22965,305.66133,30.6516252,0.045006,-0.045006,-20.5991,0.0448451,-0.0448451,22.698,0.045138,-0.045138,66.8624,0.107,-0.107,14.9272,0.0237547,-0.0237547,14.621,0.052,-0.052,13.04,0.092,-0.092,10.293,0.022,-0.022,9.68,0.018,-0.018,9.506,0.011,-0.011,,,,,,,,,,,,,,,,9.378,0.023,-0.023,9.355,0.019,-0.019,9.261,0.03,-0.03,9.384,,,12.4715,0.000239,-0.000239,,,,11.5177,0.0072873,-0.0072873,12.925,,,2023-01-04,2022-12,2023-01-04,3.0,0.0,0.0,0.0,0.0,0.0,0.0
13639,Kepler-1479 b,Kepler-1479,b,,,TIC 377781254,Gaia DR2 2132114850564827008,Gaia DR3 2132114850564827008,0,1,1,0,0,Transit,2016,<a refstr=MORTON_ET_AL__2016 href=https://ui.adsabs.harvard.edu/abs/2016ApJ...822...86M/abstract target=ref>Morton et al. 2016</a>,2016-05,Space,Kepler,0.95 m Kepler Telescope,Kepler CCD Array,0.0,0.0,0.0,1.0,0.0,0.0,0.0,0.0,0.0,0.0,Kepler Project Candidate (q1_q12_koi),0.0,<a refstr=Q1_Q12_KOI_TABLE href=https://exoplanetarchive.ipac.caltech.edu/docs/Kepler_KOI_docs.html target=ref>Q1-Q12 KOI Table</a>,14.53261362,4.429e-05,-4.429e-05,0.0,0.1173,,,0.0,1.73,0.69,-0.15,0.0,0.15434053,0.06155778,-0.01338213,0.0,,,,,,,,,,,,,,,,,,,,,,,,,,,,,,,,,,,,,,0.0,,,0.0,73.37,83.5,-18.95,0.0,746.0,,,0.0,89.95,,,0.0,2454973.46784,0.0025,-0.0025,0.0,BJD,0.0,0.0071,0.4157,-0.0071,0.0,0.03462,0.00147,-0.00147,0.0,2.4079,0.0746,-0.0746,0.0,46.89,3.6,-3.6,0.0,0.017039,0.000526,-0.000517,0.0,,,,,,,,,,,,0.0,,,,,,,,,,,,,<a refstr=Q1_Q12_KOI_TABLE href=https://exoplanetarchive.ipac.caltech.edu/docs/Kepler_KOI_docs.html target=ref>Q1-Q12 KOI Table</a>,,6003.0,148.0,-173.0,0.0,0.932,0.366,-0.081,0.0,1.019,0.124,-0.128,0.0,-0.14,0.22,-0.3,0.0,[Fe/H],,,,,4.507,0.039,-0.288,0.0,,,,0.0,9.23707,0.71279,-3.13509,0.0,,,,,,,,,,,,,<a refstr=STASSUN_ET_AL__2019 href=https://ui.adsabs.harvard.edu/abs/2019AJ....158..138S/abstract target=ref>TICv8</a>,19h02m50.88s,285.7119953,+49d42m24.33s,49.7067574,18.61192,79.96768,71.3402,303.18239,23.6030131,0.0305637,-0.0305637,9.94562,0.0288805,-0.0288805,21.4053,0.0309151,-0.0309151,728.668,8.961,-8.749,1.34359,0.0165507,-0.0165507,14.941,0.067,-0.067,13.914,0.114,-0.114,12.667,0.022,-0.022,12.342,0.031,-0.031,12.256,0.03,-0.03,,,,,,,,,,,,,,,,12.23,0.023,-0.023,12.261,0.022,-0.022,12.737,0.353,-0.353,9.668,,,13.7331,0.000228,-0.000228,,,,13.2865,0.0072,-0.0072,13.785,,,2014-11-18,2014-12-04,2014-11-18,1.0,0.0,0.0,0.0,0.0,0.0,0.0
33766,Kepler-897 b,Kepler-897,b,,,TIC 290005350,Gaia DR2 2139225048663855872,Gaia DR3 2139225048663855872,0,1,1,0,0,Transit,2016,<a refstr=MORTON_ET_AL__2016 href=https://ui.adsabs.harvard.edu/abs/2016ApJ...822...86M/abstract target=ref>Morton et al. 2016</a>,2016-05,Space,Kepler,0.95 m Kepler Telescope,Kepler CCD Array,0.0,0.0,0.0,1.0,0.0,0.0,0.0,0.0,0.0,0.0,Kepler Project Candidate (q1_q16_koi),0.0,<a refstr=Q1_Q16_KOI_TABLE href=https://exoplanetarchive.ipac.caltech.edu/docs/Kepler_KOI_docs.html target=ref>Q1-Q16 KOI Table</a>,8.0472642,2.943e-05,-2.943e-05,0.0,0.077,,,0.0,1.95,0.85,-0.14,0.0,0.17396765,0.07583205,-0.01248998,0.0,,,,,,,,,,,,,,,,,,,,,,,,,,,,,,,,,,,,,,0.0,,,0.0,125.53,160.12,-29.48,0.0,854.0,,,0.0,89.38,,,0.0,2454970.2086,0.00288,-0.00288,0.0,BJD,0.0,0.1325,0.311,-0.1324,0.0,0.05344,0.00171,-0.00171,0.0,4.5,0.106,-0.106,0.0,13.84,1.5,-1.5,0.0,0.021126,0.000748,-0.000319,0.0,,,,,,,,,,,,0.0,,,,,,,,,,,,,<a refstr=Q1_Q16_KOI_TABLE href=https://exoplanetarchive.ipac.caltech.edu/docs/Kepler_KOI_docs.html target=ref>Q1-Q16 KOI Table</a>,,5835.0,156.0,-159.0,0.0,0.847,0.365,-0.064,0.0,0.935,0.104,-0.101,0.0,-0.24,0.3,-0.26,0.0,[Fe/H],,,,,4.554,0.029,-0.301,0.0,,,,0.0,0.77522,0.0824,-0.22511,0.0,,,,,,,,,,,,,<a refstr=STASSUN_ET_AL__2019 href=https://ui.adsabs.harvard.edu/abs/2019AJ....158..138S/abstract target=ref>TICv8</a>,19h22m20.83s,290.5867992,+51d41m44.78s,51.6957731,16.47821,83.10163,71.95032,314.69873,8.3339015,0.0480305,-0.0480305,-2.14372,0.0535032,-0.0535032,-8.05347,0.0476189,-0.0476189,1519.25,53.89,-50.38,0.629308,0.0224154,-0.0224154,16.074,0.023,-0.023,15.177,0.092,-0.092,13.89,0.03,-0.03,13.583,0.04,-0.04,13.466,0.044,-0.044,,,,,,,,,,,,,,,,13.423,0.024,-0.024,13.5,0.025,-0.025,13.369,,,9.782,,,15.0787,0.000337,-0.000337,,,,14.5773,0.0066,-0.0066,15.068,,,2014-11-21,2014-12-18,2014-11-21,1.0,0.0,0.0,0.0,0.0,0.0,0.0
18254,Kepler-1868 b,Kepler-1868,b,,,TIC 275571117,Gaia DR2 2078226308223597696,Gaia DR3 2078226308223597696,1,1,1,0,0,Transit,2021,<a refstr=VALIZADEGAN_ET_AL__2022 href=https://ui.adsabs.harvard.edu/abs/2022ApJ...926..120V/abstract target=ref>Valizadegan et al. 2022</a>,2022-02,Space,Kepler,0.95 m Kepler Telescope,Kepler CCD Array,0.0,0.0,0.0,1.0,0.0,0.0,0.0,0.0,0.0,0.0,Published Confirmed,0.0,<a refstr=VALIZADEGAN_ET_AL__2022 href=https://ui.adsabs.harvard.edu/abs/2022ApJ...926..120V/abstract target=ref>Valizadegan et al. 2022</a>,211.0339966,,,0.0,,,,,3.14950109,,,0.0,0.28098015,,,0.0,,,,,,,,,,,,,,,,,,,,,,,,,,,,,,,,,,,,,,,,,,,,,,,,,,,,,,,,,,,1.0,,,,,,,,,,,,,,,,,,,,,,,,,,,,,,,,,,,,,,,,,,,,,<a refstr=Q1_Q17_DR25_KOI_TABLE href=https://exoplanetarchive.ipac.caltech.edu/docs/Kepler_KOI_docs.html target=ref>Q1-Q17 DR25 KOI Table</a>,,4658.0,93.0,-93.0,0.0,0.686,0.042,-0.025,0.0,0.743,0.032,-0.043,0.0,0.0,0.15,-0.15,0.0,[Fe/H],,,,,4.632,0.015,-0.042,0.0,,,,0.0,1.44584,4.07644,-0.43321,0.0,,,,,,,,,,,,,<a refstr=STASSUN_ET_AL__2019 href=https://ui.adsabs.harvard.edu/abs/2019AJ....158..138S/abstract target=ref>TICv8</a>,19h33m11.61s,293.2983733,+43d33m20.89s,43.5558025,11.3814,76.29601,63.76196,310.4131,12.092861,0.0252877,-0.0252877,4.94364,0.0231781,-0.0231781,-11.0362,0.0256901,-0.0256901,274.18,0.9505,-0.9505,3.61832,0.0125519,-0.0125519,15.317,0.034,-0.034,14.157,0.092,-0.092,12.224,0.019,-0.019,11.69,0.021,-0.021,11.559,0.02,-0.02,,,,,,,,,,,,,,,,11.483,0.023,-0.023,11.557,0.021,-0.021,11.584,0.141,-0.141,9.264,,,13.8592,0.000271,-0.000271,,,,13.1835,0.0061,-0.0061,13.855,,,2021-12-05,2022-02,2021-12-05,0.0,0.0,0.0,0.0,0.0,0.0,0.0
30217,Kepler-633 b,Kepler-633,b,,,TIC 138969239,,,0,1,2,0,0,Transit,2016,<a refstr=MORTON_ET_AL__2016 href=https://ui.adsabs.harvard.edu/abs/2016ApJ...822...86M/abstract target=ref>Morton et al. 2016</a>,2016-05,Space,Kepler,0.95 m Kepler Telescope,Kepler CCD Array,0.0,0.0,0.0,1.0,0.0,0.0,0.0,0.0,0.0,0.0,Published Candidate,0.0,<a refstr=FULTON__AMP__PETIGURA_2018 href=https://ui.adsabs.harvard.edu/abs/2018AJ....156..264F/abstract target=ref>Fulton &amp; Petigura 2018</a>,8.50340718,2.68e-05,-2.68e-05,0.0,0.08185,0.00057,-0.00057,0.0,2.389,0.098,-0.098,0.0,0.21313267,0.00874299,-0.00874299,0.0,,,,,,,,,,,,,,,,,,,,,,,,,,,,,,,,,,,,,,,,,,454.5,31.8,-31.8,0.0,,,,,,,,,,,,,,0.0,,,,,,,,,,,,,,,,,0.012871,0.000356,-0.000411,0.0,,,,,,,,,,,,,,,,,,,,,,,,,<a refstr=FULTON__AMP__PETIGURA_2018 href=https://ui.adsabs.harvard.edu/abs/2018AJ....156..264F/abstract target=ref>Fulton &amp; Petigura 2018</a>,,5856.0,60.0,-60.0,0.0,1.699,0.048,-0.047,0.0,1.011,0.021,-0.021,0.0,-0.17,0.04,-0.04,0.0,[Fe/H],,,,,,,,,8.13,0.58,-0.54,0.0,0.22,0.01,-0.01,0.0,,,,,,,,,,,,,<a refstr=STASSUN_ET_AL__2019 href=https://ui.adsabs.harvard.edu/abs/2019AJ....158..138S/abstract target=ref>TICv8</a>,19h40m52.16s,295.2173259,+40d35m31.78s,40.5921599,8.74621,74.29882,60.48747,311.04916,11.5738164,2.0994559,-2.0994559,-4.85996,2.09939,-2.09939,-10.504,2.09947,-2.09947,680.54,,,,,,14.748,0.067,-0.067,13.812,0.08,-0.08,12.437,0.023,-0.023,12.101,0.026,-0.026,11.978,0.026,-0.026,,,,,,,,,,,,,,,,11.75,0.022,-0.022,11.804,0.021,-0.021,12.442,0.318,-0.318,9.25,,,,,,,,,13.117,0.11,-0.11,13.716,,,2024-12-05,2018-12,2024-12-05,1.0,0.0,0.0,0.0,0.0,0.0,0.0
4411,K2-127 b,K2-127,b,,,TIC 187309502,Gaia DR2 3613472293839371136,Gaia DR3 3613472293839371136,0,1,1,0,0,Transit,2017,<a refstr=DRESSING_ET_AL__2017 href=https://ui.adsabs.harvard.edu/abs/2017AJ....154..207D/abstract target=ref>Dressing et al. 2017</a>,2017-11,Space,K2,0.95 m Kepler Telescope,Kepler CCD Array,0.0,0.0,0.0,1.0,0.0,0.0,0.0,0.0,0.0,0.0,Published Candidate,0.0,<a refstr=POPE_ET_AL__2016 href=https://ui.adsabs.harvard.edu/abs/2016MNRAS.461.3399P/abstract target=ref>Pope et al. 2016</a>,3.588,,,0.0,,,,,,,,,,,,,,,,,,,,,,,,,,,,,,,,,,,,,,,,,,,,,,,,,,,,,,,,,,,,,,,,,,2457220.338,,,0.0,BJD,0.0,0.073,,,0.0,1.2649,,,0.0,1.86792,,,0.0,,,,,0.112466,,,0.0,,,,,,,,,,,,,,,,,,,,,,,,,<a refstr=STASSUN_ET_AL__2019 href=https://ui.adsabs.harvard.edu/abs/2019AJ....158..138S/abstract target=ref>TICv8</a>,,5036.0,122.0,-122.0,0.0,0.980071,,,0.0,0.84,,,0.0,,,,,,-0.25445,,,0.0,4.37983,,,0.0,,,,,1.257974,,,0.0,,,,,,,,,,,,,<a refstr=STASSUN_ET_AL__2019 href=https://ui.adsabs.harvard.edu/abs/2019AJ....158..138S/abstract target=ref>TICv8</a>,13h48m18.79s,207.0782895,-11d35m20.36s,-11.5889878,48.89736,324.40165,-0.39722,209.2744,23.8024081,0.0778084,-0.0778084,-23.8023,0.0778085,-0.0778085,-0.0717327,0.0620141,-0.0620141,709.999,20.526,-19.423,1.38055,0.0392998,-0.0392998,16.005,0.063,-0.063,15.041,0.057,-0.057,13.373,0.024,-0.024,12.926,0.028,-0.028,12.793,0.033,-0.033,,,,,,,,,,,,,,,,12.786,0.024,-0.024,12.827,0.025,-0.025,12.905,0.527,-0.527,9.126,,,14.7871,0.000534,-0.000534,,,,14.1986,0.0083,-0.0083,14.733,,,2016-07-18,2016-10,2016-07-18,0.0,0.0,0.0,0.0,0.0,0.0,0.0
3605,HD 62509 b,HD 62509,b,HD 62509,HIP 37826,TIC 423088367,,,0,1,1,0,0,Radial Velocity,2006,<a refstr=HATZES_ET_AL__2006 href=https://ui.adsabs.harvard.edu/abs/2006A&A...457..335H/abstract target=ref> Hatzes et al. 2006 </a>,2006-10,Ground,Multiple Observatories,Multiple Telescopes,Multiple Instruments,1.0,0.0,0.0,0.0,0.0,0.0,0.0,0.0,0.0,0.0,Published Confirmed,0.0,<a refstr=REFFERT_ET_AL__2006 href=https://ui.adsabs.harvard.edu/abs/2006ApJ...652..661R/abstract target=ref> Reffert et al. 2006 </a>,589.7,3.5,-3.5,0.0,1.69,0.03,-0.03,0.0,,,,,,,,,,,,,,,,,920.0,30.0,-30.0,0.0,2.9,0.1,-0.1,0.0,,,,,,,,,920.0,30.0,-30.0,0.0,2.9,0.1,-0.1,0.0,Msini,,,,,0.06,0.04,-0.04,0.0,,,,,,,,,,,,,,,,,,0.0,,,,,,,,,,,,,,,,,,,,,,,,,2452337.9,70.0,-52.0,0.0,277.0,8.0,-8.0,0.0,46.9,1.5,-1.5,0.0,,,,,,,,,<a refstr=REFFERT_ET_AL__2006 href=https://ui.adsabs.harvard.edu/abs/2006ApJ...652..661R/abstract target=ref> Reffert et al. 2006 </a>,,,,,,8.9,0.4,-0.4,0.0,1.7,0.4,-0.4,0.0,,,,,,,,,,,,,,,,,,,,,,,,,,,,,,,,,,<a refstr=STASSUN_ET_AL__2019 href=https://ui.adsabs.harvard.edu/abs/2019AJ....158..138S/abstract target=ref>TICv8</a>,07h45m18.92s,116.328824,+28d01m34.06s,28.026127,23.40613,192.22932,6.68411,113.21167,627.6878205,8.0,-8.0,-626.0,8.0,-8.0,-46.0,8.0,-8.0,,,,,,,,,,1.12512,0.023,-0.023,-0.315,0.232,-0.232,-0.845,0.178,-0.178,-0.936,0.16,-0.16,,,,,,,,,,,,,,,,,,,,,,,,,,,,,,,,,,0.443,0.239,-0.239,,,,2015-03-26,2006-11,2015-03-26,1.0,1.0,7.0,0.0,0.0,0.0,0.0
312,CoRoT-2 b,CoRoT-2,b,,,TIC 391958006,Gaia DR2 4287820848378092672,Gaia DR3 4287820848378092672,1,2,1,0,0,Transit,2008,<a refstr=ALONSO_ET_AL__2008 href=https://ui.adsabs.harvard.edu/abs/2008A&A...482L..21A/abstract target=ref> Alonso et al. 2008 </a>,2008-05,Space,CoRoT,0.27 m CoRoT Telescope,CoRoT CCD Array,1.0,0.0,0.0,1.0,0.0,0.0,0.0,0.0,0.0,0.0,Published Confirmed,0.0,<a refstr=GILLON_ET_AL__2010 href=https://ui.adsabs.harvard.edu/abs/2010A&A...511A...3G/abstract target=ref> Gillon et al. 2010 </a>,1.7429935,1e-06,-1e-06,0.0,0.02798,0.00076,-0.0008,0.0,16.432,0.471,-0.493,0.0,1.466,0.042,-0.044,0.0,1102.82,69.92,-69.92,0.0,3.47,0.22,-0.22,0.0,,,,,,,,,,,,,,,,,1102.82,69.92,-69.92,0.0,3.47,0.22,-0.22,0.0,Mass,1.47,0.08,-0.074,0.0,0.0143,0.0077,-0.0076,0.0,,,,,,,,,88.08,0.18,-0.16,0.0,2454237.53556,0.0002,-0.00021,0.0,HJD,1.0,0.221,0.017,-0.019,0.0,2.75,0.012,-0.012,0.0,2.26704,0.00264,-0.0024,0.0,,,,,,,,,,,,,2454237.53562,0.00014,-0.00014,0.0,102.0,17.0,-5.0,0.0,603.0,18.0,-18.0,0.0,4.0,6.1,-5.9,0.0,,,,,<a refstr=GILLON_ET_AL__2010 href=https://ui.adsabs.harvard.edu/abs/2010A&A...511A...3G/abstract target=ref> Gillon et al. 2010 </a>,,5625.0,120.0,-120.0,0.0,0.906,0.026,-0.027,0.0,0.96,0.08,-0.08,0.0,,,,,,,,,,,,,,2.7,3.2,-2.7,0.0,1.814,0.049,-0.046,0.0,10.87,0.32,-0.32,0.0,,,,,,,,,<a refstr=STASSUN_ET_AL__2019 href=https://ui.adsabs.harvard.edu/abs/2019AJ....158..138S/abstract target=ref>TICv8</a>,19h27m06.49s,291.7770457,+01d23m01.19s,1.3836634,-7.29102,38.26267,23.0439,293.76505,11.4550454,0.0745396,-0.0745396,-3.40878,0.0843212,-0.0843212,-10.9361,0.0735199,-0.0735199,213.283,2.485,-2.43,4.66076,0.0536076,-0.0536076,13.346,0.083,-0.083,12.516,0.092,-0.092,10.783,0.028,-0.028,10.438,0.037,-0.037,10.31,0.031,-0.031,,,,,,,,,,,,,,,,10.064,0.023,-0.023,10.098,0.019,-0.019,10.189,0.074,-0.074,9.035,,,12.2489,0.000911,-0.000911,,,,11.6659,0.0064,-0.0064,,,,2014-05-14,2010-02,2014-05-14,6.0,20.0,5.0,0.0,3.0,0.0,0.0
17723,Kepler-1823 b,Kepler-1823,b,,,TIC 164559875,Gaia DR2 2106827216998206336,Gaia DR3 2106827216998206336,0,1,1,0,0,Transit,2021,<a refstr=VALIZADEGAN_ET_AL__2022 href=https://ui.adsabs.harvard.edu/abs/2022ApJ...926..120V/abstract target=ref>Valizadegan et al. 2022</a>,2022-02,Space,Kepler,0.95 m Kepler Telescope,Kepler CCD Array,0.0,0.0,0.0,1.0,0.0,0.0,0.0,0.0,0.0,0.0,Published Candidate,0.0,<a refstr=FULTON__AMP__PETIGURA_2018 href=https://ui.adsabs.harvard.edu/abs/2018AJ....156..264F/abstract target=ref>Fulton &amp; Petigura 2018</a>,21.10325899,6.656e-05,-6.656e-05,0.0,0.15332,0.00146,-0.00146,0.0,1.707,0.072,-0.072,0.0,0.1522886,0.00642342,-0.00642342,0.0,,,,,,,,,,,,,,,,,,,,,,,,,,,,,,,,,,,,,,,,,,78.0,5.1,-5.1,0.0,,,,,,,,,,,,,,0.0,,,,,,,,,,,,,,,,,0.012851,0.00048,-0.000409,0.0,,,,,,,,,,,,,,,,,,,,,,,,,<a refstr=FULTON__AMP__PETIGURA_2018 href=https://ui.adsabs.harvard.edu/abs/2018AJ....156..264F/abstract target=ref>Fulton &amp; Petigura 2018</a>,,6097.0,60.0,-60.0,0.0,1.215,0.03,-0.029,0.0,1.078,0.032,-0.03,0.0,-0.02,0.04,-0.04,0.0,[Fe/H],,,,,,,,,4.47,1.03,-0.92,0.0,0.6,0.03,-0.03,0.0,,,,,,,,,,,,,<a refstr=STASSUN_ET_AL__2019 href=https://ui.adsabs.harvard.edu/abs/2019AJ....158..138S/abstract target=ref>TICv8</a>,18h55m01.15s,283.754777,+45d20m06.45s,45.335125,18.33269,75.16183,67.53952,295.93982,9.2492505,0.0271159,-0.0271159,-0.824481,0.0277854,-0.0277854,-9.21243,0.0271105,-0.0271105,724.971,8.524,-8.331,1.35057,0.0159126,-0.0159126,14.641,0.066,-0.066,13.477,0.08,-0.08,12.367,0.021,-0.021,12.121,0.019,-0.019,12.079,0.02,-0.02,,,,,,,,,,,,,,,,12.061,0.023,-0.023,12.08,0.021,-0.021,12.267,0.25,-0.25,9.622,,,13.3209,0.000242,-0.000242,,,,12.9368,0.0064,-0.0064,13.355,,,2024-12-05,2018-12,2024-12-05,0.0,0.0,0.0,0.0,0.0,0.0,0.0
13836,Kepler-1492 b,Kepler-1492,b,,,TIC 121660826,Gaia DR2 2102111102390564864,Gaia DR3 2102111102390564864,0,1,1,0,0,Transit,2016,<a refstr=MORTON_ET_AL__2016 href=https://ui.adsabs.harvard.edu/abs/2016ApJ...822...86M/abstract target=ref>Morton et al. 2016</a>,2016-05,Space,Kepler,0.95 m Kepler Telescope,Kepler CCD Array,0.0,0.0,0.0,1.0,0.0,0.0,0.0,0.0,0.0,0.0,Kepler Project Candidate (q1_q17_dr25_sup_koi),0.0,<a refstr=Q1_Q17_DR25_SUPPLEMENTAL_KOI_TABLE href=https://exoplanetarchive.ipac.caltech.edu/docs/Kepler_KOI_docs.html target=ref>Q1-Q17 DR25 Supplemental KOI Table</a>,16.7525077,9.82e-05,-9.82e-05,0.0,,,,0.0,,,,0.0,,,,,,,,,,,,,,,,,,,,,,,,,,,,,,,,,,,,,,,,,,,,,0.0,,,,0.0,,,,0.0,,,,0.0,2454964.59834,0.00495,-0.00495,0.0,BJD,0.0,,,,0.0,,,,0.0,,,,0.0,,,,0.0,,,,0.0,,,,,,,,,,,,0.0,,,,,,,,,,,,,<a refstr=STASSUN_ET_AL__2019 href=https://ui.adsabs.harvard.edu/abs/2019AJ....158..138S/abstract target=ref>TICv8</a>,,4528.0,122.0,-122.0,0.0,0.681829,,,0.0,0.71,,,0.0,,,,,,-0.75433,,,0.0,4.62197,,,0.0,,,,,3.157884,,,0.0,,,,,,,,,,,,,<a refstr=STASSUN_ET_AL__2019 href=https://ui.adsabs.harvard.edu/abs/2019AJ....158..138S/abstract target=ref>TICv8</a>,19h14m23.30s,288.5970695,+41d02m10.77s,41.0363254,13.43002,72.43279,62.46582,301.35277,29.7632704,0.0410738,-0.0410738,-9.65075,0.0420889,-0.0420889,-28.1552,0.0409529,-0.0409529,331.553,2.332,-2.3,2.98734,0.0209107,-0.0209107,16.08,0.039,-0.039,14.689,0.149,-0.149,12.804,0.02,-0.02,12.26,0.022,-0.022,12.158,0.021,-0.021,,,,,,,,,,,,,,,,12.084,0.024,-0.024,12.137,0.022,-0.022,12.21,0.287,-0.287,8.865,,,14.4962,0.000355,-0.000355,,,,13.8027,0.0066,-0.0066,14.534,,,2018-09-25,2018-08-16,2018-09-25,1.0,0.0,0.0,0.0,0.0,0.0,0.0
19787,Kepler-201 c,Kepler-201,c,,,TIC 138297190,Gaia DR2 2077386315701921920,Gaia DR3 2077386315701921920,0,1,2,0,0,Transit,2014,<a refstr=ROWE_ET_AL__2014 href=https://ui.adsabs.harvard.edu/abs/2014ApJ...784...45R/abstract target=ref> Rowe et al. 2014</a>,2014-03,Space,Kepler,0.95 m Kepler Telescope,Kepler CCD Array,0.0,0.0,0.0,1.0,0.0,0.0,0.0,0.0,0.0,0.0,Published Confirmed,0.0,<a refstr=GAJDO_SCARON__ET_AL__2019 href=https://ui.adsabs.harvard.edu/abs/2019RAA....19...41G/abstract target=ref>Gajdo&scaron; et al. 2019</a>,151.884542626,0.00052599,-0.00052599,0.0,,,,,,,,,,,,,,,,,,,,,,,,,,,,,,,,,,,,,,,,,,,,,,,,,,,,,,,,,,,,,,,,,,2455009.41656,0.00369235,-0.00369235,0.0,BJD,1.0,,,,,,,,,,,,,,,,,,,,,,,,,,,,,,,,,,,,,,,,,,,,,<a refstr=STASSUN_ET_AL__2019 href=https://ui.adsabs.harvard.edu/abs/2019AJ....158..138S/abstract target=ref>TICv8</a>,,6240.51,133.8,-147.26,0.0,1.27729,0.085436,-0.054504,0.0,1.209,0.204863,-0.136628,0.0,-0.0442,0.0122,-0.0122,0.0,[M/H],0.34816,0.02633,-0.02144,0.0,4.30791,0.082914,-0.097639,0.0,,,,,0.81794,0.211575,-0.18125,0.0,,,,,,,,,,,,,<a refstr=STASSUN_ET_AL__2019 href=https://ui.adsabs.harvard.edu/abs/2019AJ....158..138S/abstract target=ref>TICv8</a>,19h34m30.25s,293.626059,+41d16m22.08s,41.2728004,10.12709,74.33875,61.53566,309.1921,6.3182029,0.0415023,-0.0415023,3.07528,0.0377195,-0.0377195,-5.51927,0.0426084,-0.0426084,636.445,9.773,-9.488,1.54279,0.0235902,-0.0235902,13.654,0.039,-0.039,12.991,0.114,-0.114,12.037,0.02,-0.02,11.784,0.022,-0.022,11.737,0.02,-0.02,,,,,,,,,,,,,,,,11.699,0.023,-0.023,11.737,0.021,-0.021,11.278,0.123,-0.123,9.256,,,12.9199,0.000288,-0.000288,,,,12.5435,0.006,-0.006,13.004,,,2019-04-16,2019-03,2019-04-18,1.0,0.0,0.0,0.0,0.0,0.0,0.0
38382,WASP-39 b,WASP-39,b,,,TIC 181949561,Gaia DR2 3643098875168270592,Gaia DR3 3643098875168270592,0,1,1,0,0,Transit,2011,<a refstr=FAEDI_ET_AL__2011 href=https://ui.adsabs.harvard.edu/abs/2011arXiv1102.1375F/abstract target=ref> Faedi et al. 2011 </a>,2011-07,Ground,SuperWASP,Canon 200mm f/1.8L,iKon-L CCD Camera,1.0,0.0,0.0,1.0,0.0,0.0,0.0,0.0,0.0,0.0,Published Confirmed,0.0,<a refstr=SING_ET_AL__2016 href=https://ui.adsabs.harvard.edu/abs/2016Natur.529...59S/abstract target=ref>Sing et al. 2016</a>,4.06,,,0.0,,,,,14.23543,,,0.0,1.27,,,0.0,88.9924,,,0.0,0.28,,,0.0,,,,,,,,,,,,,,,,,88.9924,,,0.0,0.28,,,0.0,Mass,,,,,,,,,,,,,1120.0,,,0.0,,,,,,,,,,0.0,,,,,,,,,,,,,,,,,,,,,,,,,,,,,,,,,,,,,,,,,,,,,<a refstr=STASSUN_ET_AL__2019 href=https://ui.adsabs.harvard.edu/abs/2019AJ....158..138S/abstract target=ref>TICv8</a>,,5326.6,154.53,-123.41,0.0,1.01342,0.071232,-0.059019,0.0,0.918,0.147684,-0.07753,0.0,-0.03,0.1,-0.1,0.0,[M/H],-0.12792,0.0194,-0.01286,0.0,4.38933,0.089088,-0.083304,0.0,,,,,1.243477,0.340181,-0.267166,0.0,,,,,,,,,,,,,<a refstr=STASSUN_ET_AL__2019 href=https://ui.adsabs.harvard.edu/abs/2019AJ....158..138S/abstract target=ref>TICv8</a>,14h29m18.40s,217.3266477,-03d26m40.20s,-3.4444994,51.37116,344.40348,10.69821,216.11502,19.0559277,0.0601139,-0.0601139,-19.0528,0.0601156,-0.0601156,0.345245,0.0545661,-0.0545661,213.982,1.76,-1.731,4.64482,0.0378357,-0.0378357,12.854,0.036,-0.036,12.095,0.252,-0.252,10.663,0.024,-0.024,10.307,0.023,-0.023,10.202,0.023,-0.023,15.1307,0.0082349,-0.0082349,12.5233,0.0010396,-0.0010396,11.939,0.0009442,-0.0009442,11.742,0.0006797,-0.0006797,13.6778,0.0169752,-0.0169752,10.159,0.023,-0.023,10.224,0.021,-0.021,10.131,0.057,-0.057,9.208,,,11.8867,0.000288,-0.000288,,,,11.3763,0.0061,-0.0061,,,,2016-01-12,2016-01,2016-01-14,0.0,0.0,2.0,0.0,1.0,27.0,0.0
32653,Kepler-811 b,Kepler-811,b,,,TIC 351908051,Gaia DR2 2131496856310537984,Gaia DR3 2131496856310537984,1,1,1,0,0,Transit,2016,<a refstr=MORTON_ET_AL__2016 href=https://ui.adsabs.harvard.edu/abs/2016ApJ...822...86M/abstract target=ref>Morton et al. 2016</a>,2016-05,Space,Kepler,0.95 m Kepler Telescope,Kepler CCD Array,0.0,0.0,0.0,1.0,0.0,0.0,0.0,0.0,0.0,0.0,Published Confirmed,0.0,<a refstr=MORTON_ET_AL__2016 href=https://ui.adsabs.harvard.edu/abs/2016ApJ...822...86M/abstract target=ref>Morton et al. 2016</a>,23.58447697,7.601e-05,-7.601e-05,0.0,,,,,2.7,0.68,-0.48,0.0,0.24087787,0.06066554,-0.04282273,0.0,,,,,,,,,,,,,,,,,,,,,,,,,,,,,,,,,,,,,,,,,,,,,,,,,,,,,,2454978.95746,0.00251,-0.00251,0.0,JD,0.0,,,,,,,,,5.464,0.0858,-0.0858,0.0,,,,,0.020263,0.002754,-0.000885,0.0,,,,,,,,,,,,,,,,,,,,,,,,,<a refstr=MORTON_ET_AL__2016 href=https://ui.adsabs.harvard.edu/abs/2016ApJ...822...86M/abstract target=ref>Morton et al. 2016</a>,,5747.0,64.53,-57.04,0.0,1.24,0.26,-0.215,0.0,1.01,0.05,-0.037,0.0,0.05,0.08,-0.059,0.0,[Fe/H],,,,,4.25,0.157,-0.146,0.0,7.94,1.5,-2.47,0.0,,,,,,,,,,,,,,,,,<a refstr=STASSUN_ET_AL__2019 href=https://ui.adsabs.harvard.edu/abs/2019AJ....158..138S/abstract target=ref>TICv8</a>,19h01m41.80s,285.4241593,+47d50m04.41s,47.8345586,18.13436,78.04972,69.62709,300.84921,17.6342743,0.0323354,-0.0323354,-13.233,0.0305816,-0.0305816,-11.6557,0.0344645,-0.0344645,985.041,16.694,-16.694,0.986417,0.0170754,-0.0170754,14.662,0.068,-0.068,14.046,0.126,-0.126,12.852,0.027,-0.027,12.529,0.032,-0.032,12.462,0.027,-0.027,,,,,,,,,,,,,,,,12.406,0.023,-0.023,12.449,0.022,-0.022,12.233,0.24,-0.24,9.098,,,13.9578,0.00022,-0.00022,,,,13.4985,0.0084,-0.0084,13.971,,,2016-05-06,2016-05,2016-05-10,1.0,0.0,0.0,0.0,0.0,0.0,0.0
34238,Kepler-930 b,Kepler-930,b,,,TIC 274031725,Gaia DR2 2078446691589261696,Gaia DR3 2078446691589261696,0,1,1,0,0,Transit,2016,<a refstr=MORTON_ET_AL__2016 href=https://ui.adsabs.harvard.edu/abs/2016ApJ...822...86M/abstract target=ref>Morton et al. 2016</a>,2016-05,Space,Kepler,0.95 m Kepler Telescope,Kepler CCD Array,0.0,0.0,0.0,1.0,0.0,0.0,0.0,0.0,0.0,0.0,Published Confirmed,0.0,<a refstr=HOLCZER_ET_AL__2016 href=https://ui.adsabs.harvard.edu/abs/2016ApJS..225....9H/abstract target=ref>Holczer et al. 2016</a>,71.45097453,1.282e-05,-1.282e-05,0.0,,,,,,,,,,,,,,,,,,,,,,,,,,,,,,,,,,,,,,,,,,,,,,,,,,,,,,,,,,,,,,,,,,2454981.811732,0.011211,-0.011211,0.0,BJD,0.0,,,,,0.0242,,,0.0,6.3168,,,0.0,,,,,,,,,,,,,,,,,,,,,,,,,,,,,,,,,<a refstr=STASSUN_ET_AL__2019 href=https://ui.adsabs.harvard.edu/abs/2019AJ....158..138S/abstract target=ref>TICv8</a>,,5875.0,58.76,-58.76,0.0,1.49083,,,0.0,1.06,,,0.0,0.099,0.056,-0.056,0.0,[M/H],0.37758,,,0.0,4.11652,,,0.0,,,,,0.451015,,,0.0,,,,,,,,,,,,,<a refstr=STASSUN_ET_AL__2019 href=https://ui.adsabs.harvard.edu/abs/2019AJ....158..138S/abstract target=ref>TICv8</a>,19h53m15.47s,298.3144494,+42d14m50.53s,42.2473698,7.52807,76.90346,61.17284,316.7305,15.1901836,0.0282785,-0.0282785,3.69631,0.0300914,-0.0300914,-14.7336,0.0281605,-0.0281605,848.396,11.668,-11.668,1.15004,0.0160851,-0.0160851,15.309,0.066,-0.066,13.89,0.08,-0.08,12.641,0.021,-0.021,12.345,0.017,-0.017,12.258,0.021,-0.021,,,,,,,,,,,,,,,,12.221,0.024,-0.024,12.263,0.024,-0.024,11.54,0.145,-0.145,9.106,0.456,-0.456,13.7625,0.000227,-0.000227,,,,13.296,0.0115,-0.0115,13.781,,,2016-07-26,2016-07,2016-07-28,1.0,0.0,0.0,0.0,0.0,0.0,0.0
6315,KMT-2019-BLG-0298L b,KMT-2019-BLG-0298L,b,,,,,,0,1,1,0,0,Microlensing,2023,<a refstr=JUNG_ET_AL__2023 href=https://ui.adsabs.harvard.edu/abs/2023AJ....165..226J/abstract target=ref>Jung et al. 2023</a>,2023-06,Ground,KMTNet,1.6 m wide-field telescope,18k Mosaic CCD camera,0.0,0.0,0.0,0.0,0.0,0.0,1.0,0.0,0.0,0.0,Published Confirmed,0.0,<a refstr=JUNG_ET_AL__2023 href=https://ui.adsabs.harvard.edu/abs/2023AJ....165..226J/abstract target=ref>Jung et al. 2023</a>,,,,,5.763,3.165,-2.603,0.0,,,,,,,,,567.95936331,327.0454308,-294.30910488,0.0,1.787,1.029,-0.926,0.0,,,,,,,,,,,,,,,,,567.95936331,327.0454308,-294.30910488,0.0,1.787,1.029,-0.926,0.0,Mass,,,,,,,,,,,,,,,,,,,,,,,,,,0.0,,,,,,,,,,,,,,,,,,,,,,,,,,,,,,,,,,,,,,,,,,,,,<a refstr=JUNG_ET_AL__2023 href=https://ui.adsabs.harvard.edu/abs/2023AJ....165..226J/abstract target=ref>Jung et al. 2023</a>,,,,,,,,,,0.686,0.395,-0.356,0.0,,,,,,,,,,,,,,,,,,,,,,,,,,,,,,,,,,<a refstr=JUNG_ET_AL__2023 href=https://ui.adsabs.harvard.edu/abs/2023AJ....165..226J/abstract target=ref>Jung et al. 2023</a>,17h39m30.72s,264.878,-27d38m17.30s,-27.6381389,1.82651,0.39585,-4.2797,265.44717,,,,,,,,,,6555.0,1218.0,-1854.0,,,,,,,,,,,,,,,,,,,,,,,,,,,,,,,,,,,,,,,,,,,,,,,,,,,,,,,,,,2023-05-26,2023-06,2023-05-26,5.0,0.0,0.0,0.0,0.0,0.0,0.0
10993,Kepler-1280 b,Kepler-1280,b,,,TIC 270616541,Gaia DR2 2127973677460755584,Gaia DR3 2127973677460755584,0,1,1,0,0,Transit,2016,<a refstr=MORTON_ET_AL__2016 href=https://ui.adsabs.harvard.edu/abs/2016ApJ...822...86M/abstract target=ref>Morton et al. 2016</a>,2016-05,Space,Kepler,0.95 m Kepler Telescope,Kepler CCD Array,0.0,0.0,0.0,1.0,0.0,0.0,0.0,0.0,0.0,0.0,Kepler Project Candidate (q1_q16_koi),0.0,<a refstr=Q1_Q16_KOI_TABLE href=https://exoplanetarchive.ipac.caltech.edu/docs/Kepler_KOI_docs.html target=ref>Q1-Q16 KOI Table</a>,66.5579057,0.0007705,-0.0007705,0.0,0.3314,,,0.0,1.66,0.94,-0.19,0.0,0.14809554,0.08386133,-0.01695069,0.0,,,,,,,,,,,,,,,,,,,,,,,,,,,,,,,,,,,,,,0.0,,,0.0,16.37,27.97,-5.3,0.0,513.0,,,0.0,89.38,,,0.0,2455014.32368,0.00866,-0.00866,0.0,BJD,0.0,0.2764,0.1644,-0.2764,0.0,0.02096,0.00123,-0.00123,0.0,10.399,0.265,-0.265,0.0,47.68,7.4,-7.4,0.0,0.013379,0.000495,-0.000491,0.0,,,,,,,,,,,,0.0,,,,,,,,,,,,,<a refstr=Q1_Q16_KOI_TABLE href=https://exoplanetarchive.ipac.caltech.edu/docs/Kepler_KOI_docs.html target=ref>Q1-Q16 KOI Table</a>,,6273.0,159.0,-214.0,0.0,1.139,0.644,-0.135,0.0,1.092,0.27,-0.114,0.0,-0.06,0.22,-0.3,0.0,[Fe/H],,,,,4.364,0.082,-0.318,0.0,,,,0.0,0.46277,0.07197,-0.16133,0.0,,,,,,,,,,,,,<a refstr=STASSUN_ET_AL__2019 href=https://ui.adsabs.harvard.edu/abs/2019AJ....158..138S/abstract target=ref>TICv8</a>,19h34m17.73s,293.5738933,+45d23m04.17s,45.3844919,12.02713,78.05474,65.3893,312.41041,7.7584919,0.0391343,-0.0391343,0.189389,0.0300534,-0.0300534,-7.75618,0.0391391,-0.0391391,1486.7,34.73,-34.73,0.643883,0.0155912,-0.0155912,14.614,0.064,-0.064,14.196,0.149,-0.149,12.966,0.021,-0.021,12.717,0.018,-0.018,12.602,0.021,-0.021,,,,,,,,,,,,,,,,12.629,0.024,-0.024,12.64,0.024,-0.024,12.627,,,9.223,,,13.9999,0.000242,-0.000242,,,,13.5852,0.0085,-0.0085,14.074,,,2014-11-21,2014-12-18,2014-11-21,1.0,0.0,0.0,0.0,0.0,0.0,0.0
27515,Kepler-46 c,Kepler-46,c,,,TIC 158992508,Gaia DR2 2102700131386216576,Gaia DR3 2102700131386216576,1,1,3,0,0,Transit Timing Variations,2012,<a refstr=NESVORNY_ET_AL__2012 href=https://ui.adsabs.harvard.edu/abs/2012Sci...336.1133N/abstract target=ref> Nesvorn&yacute; et al. 2012 </a>,2012-06,Space,Kepler,0.95 m Kepler Telescope,Kepler CCD Array,0.0,0.0,0.0,0.0,0.0,0.0,0.0,0.0,0.0,0.0,Published Confirmed,0.0,<a refstr=NESVORNY_ET_AL__2012 href=https://ui.adsabs.harvard.edu/abs/2012Sci...336.1133N/abstract target=ref> Nesvorn&yacute; et al. 2012 </a>,57.011,0.051,-0.061,0.0,0.2799,0.0041,-0.004,0.0,,,,,,,,,119.499,6.674,-6.039,0.0,0.376,0.021,-0.019,0.0,,,,,,,,,,,,,,,,,119.499,6.674,-6.039,0.0,0.376,0.021,-0.019,0.0,Mass,,,,,0.0146,0.0034,-0.0036,0.0,,,,,455.0,14.0,-13.0,0.0,87.4,1.6,-1.0,0.0,,,,,,0.0,,,,,,,,,,,,,64.1,2.9,-2.5,0.0,,,,,,,,,,,,,330.0,11.6,-9.2,0.0,,,,,,,,,,,,,<a refstr=NESVORNY_ET_AL__2012 href=https://ui.adsabs.harvard.edu/abs/2012Sci...336.1133N/abstract target=ref> Nesvorn&yacute; et al. 2012 </a>,,5155.0,105.0,-105.0,0.0,0.938,0.038,-0.039,0.0,0.902,0.04,-0.038,0.0,0.41,0.1,-0.1,0.0,[M/H],-0.255,0.057,-0.058,0.0,4.447,0.04,-0.035,0.0,9.7,3.7,-3.5,0.0,1.53,0.22,-0.17,0.0,,,,,,,,,,,,,<a refstr=STASSUN_ET_AL__2019 href=https://ui.adsabs.harvard.edu/abs/2019AJ....158..138S/abstract target=ref>TICv8</a>,19h17m04.50s,289.2687388,+42d36m15.05s,42.6041819,13.62366,74.1138,63.82518,303.40734,3.2798182,0.0467218,-0.0467218,3.15555,0.0461955,-0.0461955,0.894266,0.0528376,-0.0528376,777.06,17.209,-16.493,1.25859,0.0276851,-0.0276851,16.235,0.0,0.0,15.312,0.114,-0.114,13.814,0.025,-0.025,13.436,0.02,-0.02,13.347,0.028,-0.028,,,,,,,,,,,,,,,,13.354,0.025,-0.025,13.452,0.028,-0.028,12.554,,,9.233,,,15.2548,0.000433,-0.000433,,,,14.6801,0.0077,-0.0077,15.262,,,2021-11-18,2012-06,2021-11-18,0.0,0.0,0.0,0.0,0.0,0.0,0.0
20098,Kepler-211 b,Kepler-211,b,,,TIC 352007758,Gaia DR2 2105743987587112064,Gaia DR3 2105743987587112064,0,1,2,0,0,Transit,2014,<a refstr=ROWE_ET_AL__2014 href=https://ui.adsabs.harvard.edu/abs/2014ApJ...784...45R/abstract target=ref> Rowe et al. 2014</a>,2014-03,Space,Kepler,0.95 m Kepler Telescope,Kepler CCD Array,0.0,0.0,0.0,1.0,0.0,0.0,0.0,0.0,0.0,0.0,Published Confirmed,0.0,<a refstr=HOLCZER_ET_AL__2016 href=https://ui.adsabs.harvard.edu/abs/2016ApJS..225....9H/abstract target=ref>Holczer et al. 2016</a>,4.13854364,1.82e-06,-1.82e-06,0.0,,,,,,,,,,,,,,,,,,,,,,,,,,,,,,,,,,,,,,,,,,,,,,,,,,,,,,,,,,,,,,,,,,2454956.739506,0.001635,-0.001635,0.0,BJD,0.0,,,,,0.0264,,,0.0,2.5022,,,0.0,,,,,,,,,,,,,,,,,,,,,,,,,,,,,,,,,<a refstr=STASSUN_ET_AL__2019 href=https://ui.adsabs.harvard.edu/abs/2019AJ....158..138S/abstract target=ref>TICv8</a>,,5286.58,84.22,-121.36,0.0,0.740717,0.043345,-0.02773,0.0,0.91,0.149085,-0.076529,0.0,0.151,0.033,-0.033,0.0,[M/H],-0.4133,0.01463,-0.0146,0.0,4.6578,0.087101,-0.064101,0.0,,,,,3.156827,0.74052,-0.583468,0.0,,,,,,,,,,,,,<a refstr=STASSUN_ET_AL__2019 href=https://ui.adsabs.harvard.edu/abs/2019AJ....158..138S/abstract target=ref>TICv8</a>,19h01m45.39s,285.4391183,+43d10m06.62s,43.1685051,16.42408,73.50289,65.14023,297.50281,7.1191836,0.0332918,-0.0332918,-4.01285,0.0307807,-0.0307807,5.88046,0.0343986,-0.0343986,309.353,1.747,-1.728,3.20372,0.0180183,-0.0180183,14.335,0.025,-0.025,13.448,0.08,-0.08,11.927,0.022,-0.022,11.488,0.028,-0.028,11.447,0.021,-0.021,,,,,,,,,,,,,,,,11.369,0.023,-0.023,11.428,0.021,-0.021,11.179,0.108,-0.108,8.723,,,13.2732,0.000639,-0.000639,,,,12.7099,0.0082,-0.0082,13.283,,,2016-07-26,2016-07,2016-07-28,1.0,0.0,0.0,0.0,0.0,0.0,0.0
25649,Kepler-37 d,Kepler-37,d,,,TIC 164652245,Gaia DR2 2106674071344722688,Gaia DR3 2106674071344722688,0,1,4,0,0,Transit,2013,<a refstr=BARCLAY_ET_AL__2013 href=https://ui.adsabs.harvard.edu/abs/2013Natur.494..452B/abstract target=ref> Barclay et al. 2013 </a>,2013-02,Space,Kepler,0.95 m Kepler Telescope,Kepler CCD Array,0.0,0.0,0.0,1.0,0.0,0.0,0.0,0.0,0.0,0.0,Kepler Project Candidate (q1_q8_koi),0.0,<a refstr=Q1_Q8_KOI_TABLE href=https://exoplanetarchive.ipac.caltech.edu/docs/Kepler_KOI_docs.html target=ref>Q1-Q8 KOI Table</a>,39.792232,5.2e-05,-5.2e-05,0.0,0.208,,,0.0,1.94,0.08,-0.08,0.0,0.17307551,0.00713713,-0.00713713,0.0,,,,,,,,,,,,,,,,,,,,,,,,,,,,,,,,,,,,,,0.0,,,0.0,,,,0.0,436.0,,,0.0,89.38,,,0.0,2455008.24935,0.00044,-0.00044,0.0,BJD,1.0,0.732,0.1,-0.1,0.0,0.0609,,,0.0,4.5717,,,0.0,47.7,5.2,-5.2,0.0,0.02441,0.00033,-0.00033,0.0,,,,,,,,,,,,0.0,,,,,,,,,,,,,<a refstr=Q1_Q8_KOI_TABLE href=https://exoplanetarchive.ipac.caltech.edu/docs/Kepler_KOI_docs.html target=ref>Q1-Q8 KOI Table</a>,,5288.0,44.0,-44.0,0.0,0.728,0.028,-0.028,0.0,0.753,0.02,-0.02,0.0,,,,0.0,,,,,,4.59,0.1,-0.1,0.0,10.0,3.6,-3.6,0.0,,,,0.0,,,,,,,,,,,,,<a refstr=STASSUN_ET_AL__2019 href=https://ui.adsabs.harvard.edu/abs/2019AJ....158..138S/abstract target=ref>TICv8</a>,18h56m14.22s,284.0592503,+44d31m06.14s,44.5183733,17.84364,74.43727,66.69484,295.96068,77.6774605,0.0517991,-0.0517991,-60.5205,0.0529405,-0.0529405,48.6935,0.0499846,-0.0499846,63.9207,0.1196,-0.1191,15.6155,0.0289903,-0.0289903,10.446,0.054,-0.054,9.770001,0.004,-0.004,8.356,0.018,-0.018,8.0,0.024,-0.024,7.942,0.013,-0.013,,,,,,,,,,,,,,,,7.867,0.025,-0.025,7.933,0.02,-0.02,7.901,0.019,-0.019,8.183,0.193,-0.193,9.54988,0.000258,-0.000258,,,,9.0638,0.006,-0.006,9.705,,,2013-10-28,2014-01-08,2013-10-28,1.0,0.0,2.0,0.0,0.0,2.0,0.0
1792,HATS-60 b,HATS-60,b,,,TIC 145750719,Gaia DR2 2596986648798061952,Gaia DR3 2596986648798061952,0,1,1,0,0,Transit,2018,<a refstr=HARTMAN_ET_AL__2019 href=https://ui.adsabs.harvard.edu/abs/2019AJ....157...55H/abstract target=ref>Hartman et al. 2019</a>,2019-02,Ground,HATSouth,0.18 m Takahashi Epsilon Astrograph,Apogee 4K CCD Sensor,1.0,0.0,0.0,1.0,0.0,0.0,0.0,0.0,0.0,0.0,Published Confirmed,0.0,<a refstr=PATEL__AMP__ESPINOZA_2022 href=https://ui.adsabs.harvard.edu/abs/2022AJ....163..228P/abstract target=ref>Patel &amp; Espinoza 2022</a>,3.560832,2.8e-05,-2.9e-05,0.0,,,,,,,,,,,,,,,,,,,,,,,,,,,,,,,,,,,,,,,,,,,,,,,,,,,,,,,,,,,,,,,,,,2459098.20902,0.00076,-0.00082,0.0,BJD,0.0,0.26,0.2,-0.16,0.0,,,,,,,,,7.57,0.27,-0.57,0.0,0.0742,0.0017,-0.0016,0.0,,,,,,,,,,,,,,,,,,,,,,,,,<a refstr=HARTMAN_ET_AL__2019 href=https://ui.adsabs.harvard.edu/abs/2019AJ....157...55H/abstract target=ref>Hartman et al. 2019</a>,,5688.0,20.0,-20.0,0.0,1.46,0.024,-0.024,0.0,1.097,0.01,-0.016,0.0,0.335,0.028,-0.028,0.0,[Fe/H],0.30016,0.01413,-0.0146,0.0,4.148,0.014,-0.014,0.0,7.55,0.7,-0.3,0.0,0.496,0.023,-0.023,0.0,3.84,0.43,-0.43,0.0,,,,,28.3799,0.0067,-0.0067,0.0,<a refstr=STASSUN_ET_AL__2019 href=https://ui.adsabs.harvard.edu/abs/2019AJ....158..138S/abstract target=ref>TICv8</a>,22h45m27.37s,341.3640336,-14d59m30.39s,-14.9917747,-58.32068,48.99978,-6.57766,337.12489,4.4594312,0.0615088,-0.0615088,3.48125,0.0667017,-0.0667017,-2.78701,0.0523884,-0.0523884,486.474,8.584,-8.296,2.02727,0.0353876,-0.0353876,13.394,0.023,-0.023,12.662,0.08,-0.08,11.377,0.023,-0.023,11.07,0.022,-0.022,10.988,0.023,-0.023,,,,,,,,,,,,,,,,10.931,0.022,-0.022,10.996,0.021,-0.021,10.733,0.138,-0.138,8.875,0.521,-0.521,12.5004,0.000263,-0.000263,,,,12.0213,0.0068,-0.0068,,,,2022-05-03,2022-05,2022-05-03,0.0,0.0,0.0,0.0,0.0,0.0,0.0
31258,Kepler-716 b,Kepler-716,b,,,TIC 159377404,Gaia DR2 2126073961886389888,Gaia DR3 2126073961886389888,0,1,2,0,0,Transit,2016,<a refstr=MORTON_ET_AL__2016 href=https://ui.adsabs.harvard.edu/abs/2016ApJ...822...86M/abstract target=ref>Morton et al. 2016</a>,2016-05,Space,Kepler,0.95 m Kepler Telescope,Kepler CCD Array,0.0,0.0,0.0,1.0,0.0,0.0,0.0,0.0,0.0,0.0,Kepler Project Candidate (q1_q17_dr25_koi),0.0,<a refstr=Q1_Q17_DR25_KOI_TABLE href=https://exoplanetarchive.ipac.caltech.edu/docs/Kepler_KOI_docs.html target=ref>Q1-Q17 DR25 KOI Table</a>,10.37168928,1.477e-05,-1.477e-05,0.0,0.0873,,,0.0,3.2,0.18,-0.28,0.0,0.28548537,0.01605855,-0.02497997,0.0,,,,,,,,,,,,,,,,,,,,,,,,,,,,,,,,,,,,,,0.0,,,0.0,63.68,11.53,-13.96,0.0,720.0,,,0.0,88.66,,,0.0,2455005.61729,0.00117,-0.00117,0.0,BJD,0.0,0.537,0.02,-0.478,0.0,0.12549,0.00212,-0.00212,0.0,3.035,0.0456,-0.0456,0.0,23.0,10.9,-10.9,0.0,0.033023,0.004486,-0.001288,0.0,,,,,,,,,,,,0.0,,,,,,,,,,,,,<a refstr=Q1_Q17_DR25_KOI_TABLE href=https://exoplanetarchive.ipac.caltech.edu/docs/Kepler_KOI_docs.html target=ref>Q1-Q17 DR25 KOI Table</a>,,5121.0,76.0,-84.0,0.0,0.888,0.049,-0.077,0.0,0.822,0.053,-0.029,0.0,0.18,0.15,-0.15,0.0,[Fe/H],,,,,4.457,0.091,-0.039,0.0,,,,0.0,2.15323,1.02242,-1.70045,0.0,,,,,,,,,,,,,<a refstr=STASSUN_ET_AL__2019 href=https://ui.adsabs.harvard.edu/abs/2019AJ....158..138S/abstract target=ref>TICv8</a>,19h21m34.36s,290.3931809,+43d21m49.89s,43.3638577,13.19467,75.17704,64.29401,305.73204,5.5450773,0.0407503,-0.0407503,-3.72797,0.0392198,-0.0392198,-4.10489,0.0419707,-0.0419707,635.009,8.895001,-8.657,1.54618,0.0215971,-0.0215971,16.332,0.057,-0.057,15.314,0.275,-0.275,13.67,0.025,-0.025,13.249,0.026,-0.026,13.135,0.029,-0.029,,,,,,,,,,,,,,,,13.168,0.024,-0.024,13.229,0.027,-0.027,12.929,0.463,-0.463,9.185,,,15.1555,0.000364,-0.000364,,,,14.5671,0.0063,-0.0063,15.193,,,2017-05-08,2017-08-31 00:00,2017-05-08,1.0,0.0,0.0,0.0,0.0,0.0,0.0
31190,Kepler-710 b,Kepler-710,b,,,TIC 63120475,Gaia DR2 2125785438864450048,Gaia DR3 2125785438864450048,0,1,1,0,0,Transit,2016,<a refstr=MORTON_ET_AL__2016 href=https://ui.adsabs.harvard.edu/abs/2016ApJ...822...86M/abstract target=ref>Morton et al. 2016</a>,2016-05,Space,Kepler,0.95 m Kepler Telescope,Kepler CCD Array,0.0,0.0,0.0,1.0,0.0,0.0,0.0,0.0,0.0,0.0,Published Confirmed,0.0,<a refstr=GAJDO_SCARON__ET_AL__2019 href=https://ui.adsabs.harvard.edu/abs/2019RAA....19...41G/abstract target=ref>Gajdo&scaron; et al. 2019</a>,4.3472968717,9.5831e-06,-9.5831e-06,0.0,,,,,,,,,,,,,,,,,,,,,,,,,,,,,,,,,,,,,,,,,,,,,,,,,,,,,,,,,,,,,,,,,,2455005.23459,0.00175116,-0.00175116,0.0,BJD,0.0,,,,,,,,,,,,,,,,,,,,,,,,,,,,,,,,,,,,,,,,,,,,,<a refstr=STASSUN_ET_AL__2019 href=https://ui.adsabs.harvard.edu/abs/2019AJ....158..138S/abstract target=ref>TICv8</a>,,5674.41,136.56,-136.56,0.0,1.40339,,,0.0,1.01,,,0.0,0.0615,0.0139,-0.0139,0.0,[M/H],0.26474,,,0.0,4.14803,,,0.0,,,,,0.515166,,,0.0,,,,,,,,,,,,,<a refstr=STASSUN_ET_AL__2019 href=https://ui.adsabs.harvard.edu/abs/2019AJ....158..138S/abstract target=ref>TICv8</a>,19h27m51.39s,291.9641255,+42d41m46.07s,42.6961308,11.87064,75.06752,63.28897,307.69911,6.7704914,0.0384656,-0.0384656,-5.73094,0.0387784,-0.0387784,-3.60498,0.0376636,-0.0376636,1448.34,43.61,-43.61,0.661901,0.0206218,-0.0206218,15.712,0.15,-0.15,15.071,0.08,-0.08,13.806,0.027,-0.027,13.397,0.033,-0.033,13.378,0.044,-0.044,,,,,,,,,,,,,,,,13.327,0.029,-0.029,13.348,0.033,-0.033,12.382,,,8.948,,,15.0109,0.000321,-0.000321,,,,14.5042,0.0079,-0.0079,15.024,,,2019-04-16,2019-03,2019-04-18,1.0,0.0,0.0,0.0,0.0,0.0,0.0
609,GJ 163 d,GJ 163,d,,HIP 19394,TIC 219221189,Gaia DR2 4780294722094459904,Gaia DR3 4780294722094459904,1,1,3,0,0,Radial Velocity,2013,<a refstr=BONFILS_ET_AL__2013 href=https://ui.adsabs.harvard.edu/abs/2013A%26A...556A.110B/abstract target=ref> Bonfils et al. 2013 </a>,2013-08,Ground,La Silla Observatory,3.6 m ESO Telescope,HARPS Spectrograph,1.0,0.0,0.0,0.0,0.0,0.0,0.0,0.0,0.0,0.0,Published Confirmed,0.0,<a refstr=BONFILS_ET_AL__2013 href=https://ui.adsabs.harvard.edu/abs/2013A%26A...556A.110B/abstract target=ref> Bonfils et al. 2013 </a>,603.95116,7.55862,-7.55862,0.0,1.0304,0.0086,-0.0086,0.0,,,,,,,,,,,,,,,,,29.4,2.9,-2.9,0.0,0.09250228,0.00912437,-0.00912437,0.0,,,,,,,,,29.4,2.9,-2.9,0.0,0.09250228,0.00912437,-0.00912437,0.0,Msini,,,,,0.373,0.077,-0.077,0.0,,,,,,,,,,,,,,,,,,0.0,,,,,,,,,,,,,,,,,,,,,,,,,2455275.0,24.0,-24.0,0.0,118.3,20.5,-20.5,0.0,4.42,0.51,-0.51,0.0,,,,,,,,,<a refstr=BONFILS_ET_AL__2013 href=https://ui.adsabs.harvard.edu/abs/2013A%26A...556A.110B/abstract target=ref> Bonfils et al. 2013 </a>,,,,,,,,,,,,,,,,,,,,,,,,,,,,,,,,,,,,,,,,,,,58.59728,0.00026,-0.00026,0.0,<a refstr=STASSUN_ET_AL__2019 href=https://ui.adsabs.harvard.edu/abs/2019AJ....158..138S/abstract target=ref>TICv8</a>,04h09m17.48s,62.3228353,-53d22m16.24s,-53.3711768,-45.32001,262.77663,-71.16737,30.84772,1198.1722566,0.0650636,-0.0650636,1046.14,0.0635731,-0.0635731,584.13,0.0696292,-0.0696292,15.1285,0.0072,-0.0072,66.0714,0.0314011,-0.0314011,,,,11.79,0.1,-0.1,7.948,0.026,-0.026,7.428,0.04,-0.04,7.135,0.021,-0.021,,,,,,,,,,,,,,,,,,,,,,,,,,,,10.6771,0.000792,-0.000792,,,,9.47061,0.0073415,-0.0073415,,,,2017-01-24,2013-08,2017-01-26,0.0,1.0,0.0,0.0,0.0,0.0,0.0
27033,Kepler-43 b,Kepler-43,b,,,TIC 164892194,Gaia DR2 2107314266289095296,Gaia DR3 2107314266289095296,0,1,1,0,0,Transit,2011,<a refstr=BONOMO_ET_AL__2011 href=https://ui.adsabs.harvard.edu/abs/2011arXiv1110.5462B/abstract target=ref> Bonomo et al. 2011 </a>,2012-02,Space,Kepler,0.95 m Kepler Telescope,Kepler CCD Array,1.0,0.0,0.0,1.0,0.0,1.0,0.0,0.0,0.0,0.0,Published Confirmed,0.0,<a refstr=MORTON_ET_AL__2016 href=https://ui.adsabs.harvard.edu/abs/2016ApJ...822...86M/abstract target=ref>Morton et al. 2016</a>,3.024092548,1.59e-07,-1.59e-07,0.0,,,,,11.67,0.82,-0.71,0.0,1.04112767,0.0731555,-0.06334196,0.0,,,,,,,,,,,,,,,,,,,,,,,,,,,,,,,,,,,,,,,,,,,,,,,,,,,,,,2454965.4169214,4.46e-05,-4.46e-05,0.0,JD,0.0,,,,,,,,,2.73608,0.00785,-0.00785,0.0,,,,,0.082353,0.000209,-0.000313,0.0,,,,,,,,,,,,,,,,,,,,,,,,,<a refstr=MORTON_ET_AL__2016 href=https://ui.adsabs.harvard.edu/abs/2016ApJ...822...86M/abstract target=ref>Morton et al. 2016</a>,,5988.0,66.54,-67.42,0.0,1.3,0.091,-0.079,0.0,1.17,0.045,-0.046,0.0,0.24,0.081,-0.081,0.0,[Fe/H],,,,,4.27,0.048,-0.049,0.0,3.98,0.86,-0.877,0.0,,,,,,,,,,,,,,,,,<a refstr=STASSUN_ET_AL__2019 href=https://ui.adsabs.harvard.edu/abs/2019AJ....158..138S/abstract target=ref>TICv8</a>,19h00m57.80s,285.2408288,+46d40m05.67s,46.6682411,17.83658,76.85693,68.54929,299.55235,3.0087774,0.025191,-0.025191,-3.0026,0.0251856,-0.0251856,0.192704,0.0264694,-0.0264694,1005.84,14.19,-14.19,0.965345,0.0139187,-0.0139187,14.703,0.008,-0.008,13.986,0.149,-0.149,12.858,0.022,-0.022,12.605,0.02,-0.02,12.549,0.031,-0.031,,,,,,,,,,,,,,,,12.531,0.023,-0.023,12.552,0.023,-0.023,12.788,0.419,-0.419,9.275,,,13.8894,0.000273,-0.000273,,,,13.4633,0.007,-0.007,13.958,,,2016-05-06,2016-05,2016-05-10,1.0,0.0,0.0,0.0,0.0,0.0,0.0
11678,Kepler-133 b,Kepler-133,b,,,TIC 28089143,Gaia DR2 2086718317558873984,Gaia DR3 2086718317558873984,0,1,2,0,0,Transit,2014,<a refstr=ROWE_ET_AL__2014 href=https://ui.adsabs.harvard.edu/abs/2014ApJ...784...45R/abstract target=ref> Rowe et al. 2014</a>,2014-03,Space,Kepler,0.95 m Kepler Telescope,Kepler CCD Array,0.0,0.0,0.0,1.0,0.0,0.0,0.0,0.0,0.0,0.0,Published Confirmed,0.0,<a refstr=MORTON_ET_AL__2016 href=https://ui.adsabs.harvard.edu/abs/2016ApJ...822...86M/abstract target=ref>Morton et al. 2016</a>,8.13000457,2.44e-05,-2.44e-05,0.0,,,,,1.59,0.34,-0.29,0.0,0.1418503,0.03033277,-0.02587207,0.0,,,,,,,,,,,,,,,,,,,,,,,,,,,,,,,,,,,,,,,,,,,,,,,,,,,,,,2454967.09929,0.00251,-0.00251,0.0,JD,0.0,,,,,,,,,2.069,0.0755,-0.0755,0.0,,,,,0.011417,0.000133,-0.000704,0.0,,,,,,,,,,,,,,,,,,,,,,,,,<a refstr=MORTON_ET_AL__2016 href=https://ui.adsabs.harvard.edu/abs/2016ApJ...822...86M/abstract target=ref>Morton et al. 2016</a>,,5730.0,84.2,-64.02,0.0,1.32,0.249,-0.224,0.0,1.04,0.073,-0.047,0.0,0.15,0.109,-0.093,0.0,[Fe/H],,,,,4.21,0.15,-0.125,0.0,7.59,1.8,-2.52,0.0,,,,,,,,,,,,,,,,,<a refstr=STASSUN_ET_AL__2019 href=https://ui.adsabs.harvard.edu/abs/2019AJ....158..138S/abstract target=ref>TICv8</a>,19h49m06.69s,297.2778906,+48d19m13.28s,48.3203542,11.13965,81.90697,66.97539,321.1817,11.5401208,0.0876938,-0.0876938,-10.2002,0.0873686,-0.0873686,5.39725,0.0888454,-0.0888454,653.6,19.746,-18.64,1.50292,0.0445393,-0.0445393,13.798,0.132,-0.132,12.896,0.069,-0.069,11.68,0.022,-0.022,11.399,0.017,-0.017,11.32,0.016,-0.016,,,,,,,,,,,,,,,,11.26,0.023,-0.023,11.324,0.021,-0.021,11.196,0.104,-0.104,9.48,,,12.8415,0.000208,-0.000208,,,,12.3573,0.0076,-0.0076,12.848,,,2016-05-06,2016-05,2016-05-10,1.0,0.0,0.0,0.0,0.0,0.0,0.0
1797,HATS-61 b,HATS-61,b,,,TIC 44745133,Gaia DR2 4890849134501995392,Gaia DR3 4890849134501995392,0,1,1,0,0,Transit,2018,<a refstr=HARTMAN_ET_AL__2019 href=https://ui.adsabs.harvard.edu/abs/2019AJ....157...55H/abstract target=ref>Hartman et al. 2019</a>,2019-02,Ground,HATSouth,0.18 m Takahashi Epsilon Astrograph,Apogee 4K CCD Sensor,1.0,0.0,0.0,1.0,0.0,0.0,0.0,0.0,0.0,0.0,Published Confirmed,0.0,<a refstr=IVSHINA__AMP__WINN_2022 href=https://ui.adsabs.harvard.edu/abs/2022ApJS..259...62I/abstract target=ref>Ivshina &amp; Winn 2022</a>,7.817932,5.6e-05,-5.6e-05,0.0,,,,,,,,,,,,,,,,,,,,,,,,,,,,,,,,,,,,,,,,,,,,,,,,,,,,,,,,,,,,,,,,,,2459150.6509,0.0071,-0.0071,0.0,BJD-TDB,0.0,,,,,,,,,,,,,,,,,,,,,,,,,,,,,,,,,,,,,,,,,,,,,,,,,,,,,,,,,,,,,,,,,,,,,,,,,,,,,,,,,,,,,,,,,,,,<a refstr=STASSUN_ET_AL__2019 href=https://ui.adsabs.harvard.edu/abs/2019AJ....158..138S/abstract target=ref>TICv8</a>,04h06m37.87s,61.6578005,-25d20m58.80s,-25.3496674,-46.47071,222.08862,-45.1696,52.51235,10.6687361,0.0307338,-0.0307338,3.99742,0.0218736,-0.0218736,9.89154,0.0319483,-0.0319483,679.761,8.732,-8.518,1.44214,0.0185269,-0.0185269,14.02,0.036,-0.036,13.352,0.103,-0.103,11.875,0.028,-0.028,11.565,0.024,-0.024,11.478,0.025,-0.025,,,,,,,,,,,,,,,,11.378,0.023,-0.023,11.424,0.021,-0.021,11.165,0.138,-0.138,8.868,,,13.0682,0.000259,-0.000259,,,,12.5757,0.0073,-0.0073,,,,2022-10-18,2022-04,2022-10-18,0.0,0.0,0.0,0.0,0.0,0.0,0.0
1073,HAT-P-18 b,HAT-P-18,b,,,TIC 21744120,Gaia DR2 1334573817793362560,Gaia DR3 1334573817793362560,0,1,1,0,0,Transit,2010,<a refstr=HARTMAN_ET_AL__2011 href=https://ui.adsabs.harvard.edu/abs/2011ApJ...726...52H/abstract target=ref> Hartman et al. 2011 </a>,2011-01,Ground,HATNet,Canon 200mm f/1.8L,2K CCD Sensor,1.0,0.0,0.0,1.0,0.0,0.0,0.0,0.0,0.0,0.0,Published Confirmed,0.0,<a refstr=PATEL__AMP__ESPINOZA_2022 href=https://ui.adsabs.harvard.edu/abs/2022AJ....163..228P/abstract target=ref>Patel &amp; Espinoza 2022</a>,5.5080232,5.6e-06,-5.6e-06,0.0,,,,,,,,,,,,,,,,,,,,,,,,,,,,,,,,,,,,,,,,,,,,,,,,,,,,,,,,,,,,,,,,,,2459033.31735,0.00021,-0.00022,0.0,BJD,0.0,0.148,0.127,-0.095,0.0,,,,,,,,,17.25,0.27,-0.41,0.0,0.1324,0.0021,-0.0016,0.0,,,,,,,,,,,,,,,,,,,,,,,,,<a refstr=HARTMAN_ET_AL__2011 href=https://ui.adsabs.harvard.edu/abs/2011ApJ...726...52H/abstract target=ref> Hartman et al. 2011 </a>,K2,4803.0,80.0,-80.0,0.0,0.749,0.037,-0.037,0.0,0.77,0.031,-0.031,0.0,0.1,0.08,-0.08,0.0,[Fe/H],-0.569,0.06,-0.07,0.0,4.57,0.04,-0.04,0.0,12.4,4.4,-6.4,0.0,,,,,0.5,0.5,-0.5,0.0,,,,,-11.92,0.28,-0.28,0.0,<a refstr=STASSUN_ET_AL__2019 href=https://ui.adsabs.harvard.edu/abs/2019AJ....158..138S/abstract target=ref>TICv8</a>,17h05m23.13s,256.346376,+33d00m44.37s,33.0123251,35.56176,55.652,55.48655,249.54854,39.2955032,0.0410087,-0.0410087,-14.0729,0.0337627,-0.0337627,-36.6891,0.0419694,-0.0419694,161.4,0.61,-0.605,6.16693,0.0231329,-0.0231329,13.662,0.053,-0.053,12.597,0.069,-0.069,10.822,0.02,-0.02,10.34,0.019,-0.019,10.234,0.017,-0.017,15.8651,0.0066004,-0.0066004,13.5205,0.0022484,-0.0022484,12.4201,0.001168,-0.001168,12.13,0.0010789,-0.0010789,13.2403,0.0079283,-0.0079283,10.195,0.023,-0.023,10.253,0.019,-0.019,10.154,0.052,-0.052,8.915,,,12.3682,0.000283,-0.000283,,,,11.733,0.0061,-0.0061,,,,2022-05-03,2022-05,2022-05-03,1.0,0.0,1.0,0.0,0.0,5.0,0.0
11943,Kepler-135 b,Kepler-135,b,,,TIC 122450088,Gaia DR2 2052857860550101376,Gaia DR3 2052857860550101376,1,1,2,0,0,Transit,2014,<a refstr=ROWE_ET_AL__2014 href=https://ui.adsabs.harvard.edu/abs/2014ApJ...784...45R/abstract target=ref> Rowe et al. 2014</a>,2014-03,Space,Kepler,0.95 m Kepler Telescope,Kepler CCD Array,0.0,0.0,0.0,1.0,0.0,0.0,0.0,0.0,0.0,0.0,Published Confirmed,0.0,<a refstr=ROWE_ET_AL__2014 href=https://ui.adsabs.harvard.edu/abs/2014ApJ...784...45R/abstract target=ref> Rowe et al. 2014</a>,6.00253,1.6e-05,-1.6e-05,0.0,0.067,,,0.0,1.81,0.35,-0.35,0.0,0.161,0.031,-0.031,0.0,,,,,,,,,,,,,,,,,,,,,,,,,,,,,,,,,,,,,,,,,,,,,,,,,,,,,,2455004.71611,0.00144,-0.00144,0.0,BJD,0.0,0.0,0.21,-0.21,0.0,,,,,3.952,0.045,-0.045,0.0,,,,,,,,,,,,,,,,,,,,,,,,,,,,,,,,,<a refstr=ROWE_ET_AL__2014 href=https://ui.adsabs.harvard.edu/abs/2014ApJ...784...45R/abstract target=ref> Rowe et al. 2014</a>,,6090.0,120.0,-120.0,0.0,1.275,0.244,-0.244,0.0,,,,,,,,,,,,,,4.271,0.15,-0.15,0.0,,,,,,,,,,,,,,,,,,,,,<a refstr=STASSUN_ET_AL__2019 href=https://ui.adsabs.harvard.edu/abs/2019AJ....158..138S/abstract target=ref>TICv8</a>,19h21m58.82s,290.4950939,+38d47m43.78s,38.7954956,11.15868,70.9923,59.91014,302.97239,6.4882142,0.0460141,-0.0460141,-2.43067,0.0432507,-0.0432507,6.01571,0.0464496,-0.0464496,621.855,11.014,-10.644,1.5798,0.0277839,-0.0277839,12.819,0.463,-0.463,12.794,0.044,-0.044,11.722,0.021,-0.021,11.508,0.018,-0.018,11.456,0.022,-0.022,,,,,,,,,,,,,,,,11.422,0.023,-0.023,11.452,0.021,-0.021,11.517,0.135,-0.135,9.284,,,12.6789,0.000195,-0.000195,,,,12.2969,0.0086,-0.0086,12.73,,,2014-05-14,2014-03,2014-05-14,1.0,0.0,0.0,0.0,0.0,0.0,0.0
17472,Kepler-180 c,Kepler-180,c,,,TIC 27532033,Gaia DR2 2134933208106983168,Gaia DR3 2134933208106983168,0,1,2,0,0,Transit,2014,<a refstr=ROWE_ET_AL__2014 href=https://ui.adsabs.harvard.edu/abs/2014ApJ...784...45R/abstract target=ref> Rowe et al. 2014</a>,2014-03,Space,Kepler,0.95 m Kepler Telescope,Kepler CCD Array,0.0,0.0,0.0,1.0,0.0,0.0,0.0,0.0,0.0,0.0,Kepler Project Candidate (q1_q17_dr25_koi),0.0,<a refstr=Q1_Q17_DR25_KOI_TABLE href=https://exoplanetarchive.ipac.caltech.edu/docs/Kepler_KOI_docs.html target=ref>Q1-Q17 DR25 KOI Table</a>,41.8854433,0.0001514,-0.0001514,0.0,0.2259,,,0.0,3.28,0.88,-0.6,0.0,0.2926225,0.07850848,-0.05352851,0.0,,,,,,,,,,,,,,,,,,,,,,,,,,,,,,,,,,,,,,0.0,,,0.0,20.05,16.01,-8.0,0.0,540.0,,,0.0,87.62,,,0.0,2455011.6919,0.00301,-0.00301,0.0,BJD,0.0,0.917,0.023,-0.625,0.0,0.06874,0.00155,-0.00155,0.0,6.763,0.225,-0.225,0.0,22.1,11.0,-11.0,0.0,0.02918,0.000194,-0.004752,0.0,,,,,,,,,,,,0.0,,,,,,,,,,,,,<a refstr=Q1_Q17_DR25_KOI_TABLE href=https://exoplanetarchive.ipac.caltech.edu/docs/Kepler_KOI_docs.html target=ref>Q1-Q17 DR25 KOI Table</a>,,5735.0,155.0,-155.0,0.0,1.028,0.279,-0.186,0.0,0.875,0.13,-0.08,0.0,-0.2,0.3,-0.3,0.0,[Fe/H],,,,,4.356,0.175,-0.193,0.0,,,,0.0,0.11656,1.22014,-0.04091,0.0,,,,,,,,,,,,,<a refstr=STASSUN_ET_AL__2019 href=https://ui.adsabs.harvard.edu/abs/2019AJ....158..138S/abstract target=ref>TICv8</a>,19h42m17.10s,295.5712566,+49d46m28.25s,49.774514,12.80745,82.68811,68.78468,320.37606,13.7315452,0.0355704,-0.0355704,-7.55387,0.0351758,-0.0351758,-11.4671,0.0357403,-0.0357403,695.65,8.646,-8.44,1.40879,0.017518,-0.017518,15.234,0.144,-0.144,14.488,0.114,-0.114,13.057,0.023,-0.023,12.696,0.024,-0.024,12.685,0.028,-0.028,,,,,,,,,,,,,,,,12.584,0.023,-0.023,12.616,0.022,-0.022,12.447,0.29,-0.29,9.58,,,14.325,0.000252,-0.000252,,,,13.8216,0.0071,-0.0071,14.35,,,2017-05-08,2017-08-31 00:00,2017-05-08,1.0,0.0,0.0,0.0,0.0,0.0,0.0
31326,Kepler-722 b,Kepler-722,b,,,TIC 159304532,Gaia DR2 2126985280924750720,Gaia DR3 2126985280924750720,1,1,2,0,0,Transit,2016,<a refstr=MORTON_ET_AL__2016 href=https://ui.adsabs.harvard.edu/abs/2016ApJ...822...86M/abstract target=ref>Morton et al. 2016</a>,2016-05,Space,Kepler,0.95 m Kepler Telescope,Kepler CCD Array,0.0,0.0,0.0,1.0,0.0,0.0,0.0,0.0,0.0,0.0,Published Confirmed,0.0,<a refstr=MORTON_ET_AL__2016 href=https://ui.adsabs.harvard.edu/abs/2016ApJ...822...86M/abstract target=ref>Morton et al. 2016</a>,4.093573252,8.099e-06,-8.099e-06,0.0,,,,,2.63,0.71,-0.29,0.0,0.23463288,0.06334196,-0.02587207,0.0,,,,,,,,,,,,,,,,,,,,,,,,,,,,,,,,,,,,,,,,,,,,,,,,,,,,,,2455004.00987,0.00159,-0.00159,0.0,JD,0.0,,,,,,,,,2.2856,0.0502,-0.0502,0.0,,,,,0.022516,0.000646,-0.000389,0.0,,,,,,,,,,,,,,,,,,,,,,,,,<a refstr=MORTON_ET_AL__2016 href=https://ui.adsabs.harvard.edu/abs/2016ApJ...822...86M/abstract target=ref>Morton et al. 2016</a>,,5863.0,103.52,-131.89,0.0,1.05,0.28,-0.113,0.0,1.03,0.072,-0.067,0.0,0.02,0.139,-0.171,0.0,[Fe/H],,,,,4.41,0.086,-0.183,0.0,4.37,2.75,-2.52,0.0,,,,,,,,,,,,,,,,,<a refstr=STASSUN_ET_AL__2019 href=https://ui.adsabs.harvard.edu/abs/2019AJ....158..138S/abstract target=ref>TICv8</a>,19h21m03.19s,290.2632874,+44d33m23.06s,44.5564051,13.78052,76.24955,65.45204,306.43822,9.6232299,0.0658109,-0.0658109,-3.38563,0.0559222,-0.0559222,-9.008,0.0670904,-0.0670904,1239.5,47.37,-44.07,0.778495,0.0295117,-0.0295117,16.46,0.026,-0.026,15.489,0.16,-0.16,14.261,0.022,-0.022,13.949,0.031,-0.031,13.841,0.044,-0.044,,,,,,,,,,,,,,,,13.848,0.024,-0.024,13.825,0.03,-0.03,13.132,,,9.203,,,15.3733,0.000544,-0.000544,,,,14.9054,0.0075,-0.0075,15.399,,,2016-05-06,2016-05,2016-05-10,1.0,0.0,0.0,0.0,0.0,0.0,0.0
963,HAT-P-1 b,HAT-P-1,b,,,TIC 346338552,Gaia DR2 1928431764627661440,Gaia DR3 1928431764627661440,1,2,1,0,0,Transit,2006,<a refstr=BAKOS_ET_AL__2007 href=https://ui.adsabs.harvard.edu/abs/2007ApJ...656..552B/abstract target=ref>Bakos et al. 2007</a>,2007-02,Ground,HATNet,Canon 200mm f/1.8L,2K CCD Sensor,1.0,0.0,0.0,1.0,0.0,0.0,0.0,0.0,0.0,0.0,Published Confirmed,0.0,<a refstr=NIKOLOV_ET_AL__2014 href=https://ui.adsabs.harvard.edu/abs/2014MNRAS.437...46N/abstract target=ref>Nikolov et al. 2014</a>,4.46529976,5.5e-07,-5.5e-07,0.0,0.05561,0.00082,-0.00083,0.0,14.784671,0.212971,-0.212971,0.0,1.319,0.019,-0.019,0.0,166.86075,6.03877,-6.03877,0.0,0.525,0.019,-0.019,0.0,166.54292,6.03877,-6.03877,0.0,0.524,0.019,-0.019,0.0,167.0,6.0,-6.0,0.0,0.526,0.019,-0.019,0.0,166.86075,6.03877,-6.03877,0.0,0.525,0.019,-0.019,0.0,Mass,0.282,0.01,-0.009,0.0,,,,,,,,,1322.0,14.0,-15.0,0.0,85.634,0.056,-0.056,0.0,2453979.93202,0.00024,-0.00024,0.0,BJD-TDB,0.0,0.7501,0.0064,-0.0069,0.0,,,,,2.85,0.01176,-0.01272,0.0,9.853,0.071,-0.071,0.0,0.11802,0.00018,-0.00018,0.0,,,,,,,,,,,,,58.9,1.2,-1.2,0.0,,,,,,,,,<a refstr=NIKOLOV_ET_AL__2014 href=https://ui.adsabs.harvard.edu/abs/2014MNRAS.437...46N/abstract target=ref>Nikolov et al. 2014</a>,,5980.0,49.0,-49.0,0.0,1.174,0.026,-0.027,0.0,1.151,0.052,-0.051,0.0,0.13,0.008,-0.008,0.0,[Fe/H],,,,,4.359,0.014,-0.014,0.0,,,,,0.908,0.019,-0.022,0.0,,,,,,,,,,,,,<a refstr=STASSUN_ET_AL__2019 href=https://ui.adsabs.harvard.edu/abs/2019AJ....158..138S/abstract target=ref>TICv8</a>,22h57m46.89s,344.4453632,+38d40m29.71s,38.674919,-19.03641,99.79172,41.04188,4.29186,52.8378021,0.0432105,-0.0432105,32.3837,0.0411283,-0.0411283,-41.7508,0.0444162,-0.0444162,158.979,0.977,-0.965,6.26153,0.038138,-0.038138,,,,9.827,0.194,-0.194,9.156,0.026,-0.026,8.923,0.03,-0.03,8.858,0.018,-0.018,,,,,,,,,,,,,,,,8.732,0.023,-0.023,8.751,0.019,-0.019,8.624,0.024,-0.024,8.37,0.226,-0.226,10.1786,0.000384,-0.000384,,,,9.76031,0.0061,-0.0061,,,,2015-09-08,2014-01,2015-09-10,2.0,16.0,7.0,0.0,2.0,7.0,0.0
2827,HD 192310 b,HD 192310,b,HD 192310,HIP 99825,TIC 326096771,Gaia DR2 6847167606385195648,Gaia DR3 6847167606385195648,0,1,2,0,0,Radial Velocity,2011,<a refstr=PEPE_ET_AL__2011 href=https://ui.adsabs.harvard.edu/abs/2011A%26A...534A..58P/abstract target=ref> Pepe et al. 2011 </a>,2011-10,Ground,La Silla Observatory,3.6 m ESO Telescope,HARPS Spectrograph,1.0,0.0,0.0,0.0,0.0,0.0,0.0,0.0,0.0,0.0,Published Confirmed,0.0,<a refstr=HOWARD_ET_AL__2011 href=https://ui.adsabs.harvard.edu/abs/2011ApJ...730...10H/abstract target=ref> Howard et al. 2011 </a>,74.39,0.12,-0.12,0.0,0.319,0.005,-0.005,0.0,,,,,,,,,,,,,,,,,21.6,2.0,-2.0,0.0,0.06796086,0.00629267,-0.00629267,0.0,,,,,,,,,21.6,2.0,-2.0,0.0,0.06796086,0.00629267,-0.00629267,0.0,Msini,,,,,0.3,0.09,-0.09,0.0,,,,,,,,,,,,,,,,,,0.0,,,,,,,,,,,,,,,,,,,,,,,,,2455164.3,3.6,-3.6,0.0,15.0,19.0,-19.0,0.0,4.07,0.41,-0.41,0.0,,,,,,,,,<a refstr=HOWARD_ET_AL__2011 href=https://ui.adsabs.harvard.edu/abs/2011ApJ...730...10H/abstract target=ref> Howard et al. 2011 </a>,,5144.0,50.0,-50.0,0.0,0.73,0.02,-0.02,0.0,0.85,0.02,-0.02,0.0,0.08,0.03,-0.03,0.0,[Fe/H],0.34,0.02,-0.02,0.0,4.6,0.06,-0.06,0.0,,,,,,,,,0.5,0.5,-0.5,0.0,,,,,,,,,<a refstr=STASSUN_ET_AL__2019 href=https://ui.adsabs.harvard.edu/abs/2019AJ....158..138S/abstract target=ref>TICv8</a>,20h15m18.83s,303.8284712,-27d02m01.52s,-27.0337556,-29.40279,15.62553,-7.04663,299.97337,1255.6503219,0.1732167,-0.1732167,1242.53,0.17386,-0.17386,-181.044,0.139597,-0.139597,8.79687,0.00925,-0.00924,113.648,0.118606,-0.118606,6.629,0.018,-0.018,5.73,0.03,-0.03,4.112,0.294,-0.294,3.582,0.266,-0.266,3.501,0.232,-0.232,,,,,,,,,,,,,,,,,,,,,,,,,,,,5.47661,0.0019526,-0.0019526,,,,4.9266,0.0065,-0.0065,,,,2015-04-16,2011-03,2015-04-16,0.0,1.0,1.0,5.0,0.0,0.0,0.0
20445,Kepler-221 c,Kepler-221,c,,,TIC 272601375,Gaia DR2 2080344586094498432,Gaia DR3 2080344586094498432,1,1,4,0,0,Transit,2014,<a refstr=ROWE_ET_AL__2014 href=https://ui.adsabs.harvard.edu/abs/2014ApJ...784...45R/abstract target=ref> Rowe et al. 2014</a>,2014-03,Space,Kepler,0.95 m Kepler Telescope,Kepler CCD Array,0.0,0.0,0.0,1.0,0.0,0.0,0.0,0.0,0.0,0.0,Published Confirmed,0.0,<a refstr=ROWE_ET_AL__2014 href=https://ui.adsabs.harvard.edu/abs/2014ApJ...784...45R/abstract target=ref> Rowe et al. 2014</a>,5.690586,4e-06,-4e-06,0.0,0.059,,,0.0,2.93,0.27,-0.27,0.0,0.261,0.024,-0.024,0.0,,,,,,,,,,,,,,,,,,,,,,,,,,,,,,,,,,,,,,,,,,,,,,,,,,,,,,2455007.04865,0.00037,-0.00037,0.0,BJD,0.0,0.04,0.16,-0.16,0.0,,,,,2.522,0.014,-0.014,0.0,,,,,,,,,,,,,,,,,,,,,,,,,,,,,,,,,<a refstr=ROWE_ET_AL__2014 href=https://ui.adsabs.harvard.edu/abs/2014ApJ...784...45R/abstract target=ref> Rowe et al. 2014</a>,,5243.0,100.0,-100.0,0.0,0.821,0.075,-0.075,0.0,,,,,,,,,,,,,,4.543,0.15,-0.15,0.0,,,,,,,,,,,,,,,,,,,,,<a refstr=STASSUN_ET_AL__2019 href=https://ui.adsabs.harvard.edu/abs/2019AJ....158..138S/abstract target=ref>TICv8</a>,19h46m37.14s,296.6547477,+46d50m06.81s,46.8352242,10.80167,80.37293,65.83933,318.57027,3.4874398,0.0324284,-0.0324284,-2.70934,0.032067,-0.032067,-2.19584,0.0329709,-0.0329709,385.231,2.8335,-2.8335,2.56708,0.0189485,-0.0189485,14.853,0.029,-0.029,13.97,0.149,-0.149,12.413,0.021,-0.021,11.995,0.017,-0.017,11.9,0.019,-0.019,,,,,,,,,,,,,,,,11.868,0.023,-0.023,11.902,0.022,-0.022,12.157,0.217,-0.217,9.271,0.466,-0.466,13.7486,0.000508,-0.000508,,,,13.1969,0.0062,-0.0062,13.749,,,2014-05-14,2014-03,2014-05-14,1.0,0.0,0.0,0.0,0.0,0.0,0.0
37663,WASP-101 b,WASP-101,b,,,TIC 47911178,Gaia DR2 2924661867160818304,Gaia DR3 2924661867160818304,0,1,1,0,0,Transit,2014,<a refstr=HELLIER_ET_AL__2014 href=https://ui.adsabs.harvard.edu/abs/2014MNRAS.440.1982H/abstract target=ref> Hellier et al. 2014 </a>,2014-05,Ground,SuperWASP,Canon 200mm f/1.8L,iKon-L CCD Camera,1.0,0.0,0.0,1.0,0.0,0.0,0.0,0.0,0.0,0.0,Published Confirmed,0.0,<a refstr=IVSHINA__AMP__WINN_2022 href=https://ui.adsabs.harvard.edu/abs/2022ApJS..259...62I/abstract target=ref>Ivshina &amp; Winn 2022</a>,3.58570705,3.9e-07,-3.9e-07,0.0,,,,,,,,,,,,,,,,,,,,,,,,,,,,,,,,,,,,,,,,,,,,,,,,,,,,,,,,,,,,,,,,,,2458470.30375,0.0001,-0.0001,0.0,BJD-TDB,0.0,,,,,,,,,,,,,,,,,,,,,,,,,,,,,,,,,,,,,,,,,,,,,,,,,,,,,,,,,,,,,,,,,,,,,,,,,,,,,,,,,,,,,,,,,,,,<a refstr=STASSUN_ET_AL__2019 href=https://ui.adsabs.harvard.edu/abs/2019AJ....158..138S/abstract target=ref>TICv8</a>,06h33m24.26s,98.3511016,-23d29m09.91s,-23.486086,-14.23405,232.32233,-46.60181,101.17532,25.1234217,0.0425561,-0.0425561,-2.56929,0.026998,-0.026998,24.9917,0.0426903,-0.0426903,201.224,1.152,-1.139,4.94086,0.0280704,-0.0280704,10.783,0.063,-0.063,10.336,0.004,-0.004,9.334,0.024,-0.024,9.124,0.022,-0.022,9.075,0.025,-0.025,,,,,,,,,,,,,,,,9.041,0.023,-0.023,9.071,0.02,-0.02,9.028,0.027,-0.027,8.748,0.373,-0.373,10.138,0.000369,-0.000369,,,,9.79059,0.006,-0.006,,,,2022-10-18,2022-04,2022-10-18,0.0,0.0,0.0,0.0,1.0,2.0,0.0
10179,Kepler-1222 b,Kepler-1222,b,,,TIC 27240404,Gaia DR2 2134837069559538176,Gaia DR3 2134837069559538176,0,1,1,0,0,Transit,2016,<a refstr=MORTON_ET_AL__2016 href=https://ui.adsabs.harvard.edu/abs/2016ApJ...822...86M/abstract target=ref>Morton et al. 2016</a>,2016-05,Space,Kepler,0.95 m Kepler Telescope,Kepler CCD Array,0.0,0.0,0.0,1.0,0.0,0.0,0.0,0.0,0.0,0.0,Kepler Project Candidate (q1_q16_koi),0.0,<a refstr=Q1_Q16_KOI_TABLE href=https://exoplanetarchive.ipac.caltech.edu/docs/Kepler_KOI_docs.html target=ref>Q1-Q16 KOI Table</a>,1.916944254,6.111e-06,-6.111e-06,0.0,0.0274,,,0.0,0.69,0.12,-0.04,0.0,0.06155778,0.0107057,-0.00356857,0.0,,,,,,,,,,,,,,,,,,,,,,,,,,,,,,,,,,,,,,0.0,,,0.0,390.29,205.21,-84.52,0.0,1134.0,,,0.0,88.81,,,0.0,2454965.46704,0.00248,-0.00248,0.0,BJD,0.0,0.173,0.2584,-0.173,0.0,0.01077,0.00072,-0.00072,0.0,1.4629,0.0823,-0.0823,0.0,9.97,2.0,-2.0,0.0,0.009377,0.000502,-0.000328,0.0,,,,,,,,,,,,0.0,,,,,,,,,,,,,<a refstr=Q1_Q16_KOI_TABLE href=https://exoplanetarchive.ipac.caltech.edu/docs/Kepler_KOI_docs.html target=ref>Q1-Q16 KOI Table</a>,,5166.0,153.0,-132.0,0.0,0.678,0.112,-0.046,0.0,0.752,0.084,-0.079,0.0,-0.42,0.34,-0.3,0.0,[Fe/H],,,,,4.65,0.027,-0.1,0.0,,,,0.0,5.10616,1.00162,-1.98813,0.0,,,,,,,,,,,,,<a refstr=STASSUN_ET_AL__2019 href=https://ui.adsabs.harvard.edu/abs/2019AJ....158..138S/abstract target=ref>TICv8</a>,19h39m33.51s,294.889616,+49d22m47.36s,49.3798215,13.02315,82.12187,68.64213,318.79168,13.419514,0.0400794,-0.0400794,-0.128369,0.0364615,-0.0364615,13.4189,0.0400797,-0.0400797,415.218,3.241,-3.192,2.3796,0.0185163,-0.0185163,15.239,0.06,-0.06,14.21,0.114,-0.114,12.704,0.022,-0.022,12.264,0.023,-0.023,12.187,0.023,-0.023,,,,,,,,,,,,,,,,12.149,0.023,-0.023,12.201,0.021,-0.021,12.419,0.281,-0.281,9.359,,,14.0908,0.000243,-0.000243,,,,13.5242,0.0061,-0.0061,14.1,,,2014-11-21,2014-12-18,2014-11-21,1.0,0.0,0.0,0.0,0.0,0.0,0.0
1484,HAT-P-69 b,HAT-P-69,b,,,TIC 379929661,Gaia DR2 3080104185367102592,Gaia DR3 3080104185367102592,0,1,1,0,0,Transit,2019,<a refstr=ZHOU_ET_AL__2019 href=https://ui.adsabs.harvard.edu/abs/2019AJ....158..141Z/abstract target=ref>Zhou et al. 2019</a>,2019-10,Ground,HATNet,Canon 200mm f/1.8L,2K CCD Sensor,1.0,0.0,0.0,1.0,0.0,0.0,0.0,0.0,0.0,0.0,Published Confirmed,0.0,<a refstr=IVSHINA__AMP__WINN_2022 href=https://ui.adsabs.harvard.edu/abs/2022ApJS..259...62I/abstract target=ref>Ivshina &amp; Winn 2022</a>,4.7869568,8.1e-06,-8.1e-06,0.0,,,,,,,,,,,,,,,,,,,,,,,,,,,,,,,,,,,,,,,,,,,,,,,,,,,,,,,,,,,,,,,,,,2458514.94134,0.00079,-0.00079,0.0,BJD-TDB,0.0,,,,,,,,,,,,,,,,,,,,,,,,,,,,,,,,,,,,,,,,,,,,,,,,,,,,,,,,,,,,,,,,,,,,,,,,,,,,,,,,,,,,,,,,,,,,<a refstr=STASSUN_ET_AL__2019 href=https://ui.adsabs.harvard.edu/abs/2019AJ....158..138S/abstract target=ref>TICv8</a>,08h42m01.35s,130.5056385,+03d42m38.04s,3.7105662,26.20647,222.78554,-14.03038,131.91613,3.0209652,0.0719506,-0.0719506,-2.85623,0.0740785,-0.0740785,0.983962,0.0505824,-0.0505824,341.263,5.116,-4.969,2.90206,0.0429616,-0.0429616,10.052,0.061,-0.061,9.774,0.005,-0.005,9.373,0.024,-0.024,9.293,0.022,-0.022,9.28,0.023,-0.023,,,,,,,,,,,,,,,,9.221,0.022,-0.022,9.259,0.019,-0.019,9.236,0.036,-0.036,8.321,,,9.77332,0.000336,-0.000336,,,,9.6129,0.006,-0.006,,,,2022-10-18,2022-04,2022-10-18,0.0,0.0,0.0,0.0,0.0,0.0,0.0
10411,Kepler-124 d,Kepler-124,d,,,TIC 399860218,Gaia DR2 2131287021388901504,Gaia DR3 2131287021388901504,0,1,3,0,0,Transit,2014,<a refstr=ROWE_ET_AL__2014 href=https://ui.adsabs.harvard.edu/abs/2014ApJ...784...45R/abstract target=ref> Rowe et al. 2014</a>,2014-03,Space,Kepler,0.95 m Kepler Telescope,Kepler CCD Array,0.0,0.0,0.0,1.0,0.0,0.0,0.0,0.0,0.0,0.0,Kepler Project Candidate (q1_q16_koi),0.0,<a refstr=Q1_Q16_KOI_TABLE href=https://exoplanetarchive.ipac.caltech.edu/docs/Kepler_KOI_docs.html target=ref>Q1-Q16 KOI Table</a>,30.9507608,0.0001953,-0.0001953,0.0,0.1733,,,0.0,1.26,0.2,-0.08,0.0,0.11240986,0.01784284,-0.00713713,0.0,,,,,,,,,,,,,,,,,,,,,,,,,,,,,,,,,,,,,,0.0,,,0.0,9.38,4.98,-1.89,0.0,446.0,,,0.0,89.38,,,0.0,2454986.83725,0.00521,-0.00521,0.0,BJD,0.0,0.5985,0.0689,-0.4414,0.0,0.03412,0.00162,-0.00162,0.0,4.182,0.17,-0.17,0.0,46.5,17.6,-17.6,0.0,0.017532,0.002932,-0.000846,0.0,,,,,,,,,,,,0.0,,,,,,,,,,,,,<a refstr=Q1_Q16_KOI_TABLE href=https://exoplanetarchive.ipac.caltech.edu/docs/Kepler_KOI_docs.html target=ref>Q1-Q16 KOI Table</a>,,5196.0,161.0,-127.0,0.0,0.657,0.108,-0.04,0.0,0.724,0.082,-0.066,0.0,-0.54,0.34,-0.3,0.0,[Fe/H],,,,,4.662,0.026,-0.101,0.0,,,,0.0,1.98949,1.50658,-1.79792,0.0,,,,,,,,,,,,,<a refstr=STASSUN_ET_AL__2019 href=https://ui.adsabs.harvard.edu/abs/2019AJ....158..138S/abstract target=ref>TICv8</a>,19h07m00.66s,286.7527322,+49d03m53.56s,49.0648788,17.75101,79.5885,70.50613,304.46368,8.7718998,0.0332023,-0.0332023,-8.72374,0.0332134,-0.0332134,-0.917925,0.032187,-0.032187,420.046,3.047,-3.004,2.35187,0.0170167,-0.0170167,15.522,0.067,-0.067,14.4,0.126,-0.126,12.78,0.023,-0.023,12.314,0.029,-0.029,12.233,0.026,-0.026,,,,,,,,,,,,,,,,12.141,0.023,-0.023,12.19,0.022,-0.022,12.17,0.228,-0.228,9.125,,,14.124,0.000219,-0.000219,,,,13.5711,0.0069,-0.0069,14.139,,,2014-11-21,2014-12-18,2014-11-21,1.0,0.0,0.0,0.0,0.0,0.0,0.0
36966,TOI-4377 b,TOI-4377,b,,,TIC 394918211,Gaia DR2 5197568146570178176,Gaia DR3 5197568146570178176,0,1,1,0,0,Transit,2023,<a refstr=PEREIRA_ET_AL__2023 href=https://ui.adsabs.harvard.edu/abs/2023arXiv231106678P/abstract target=ref>Pereira et al. 2023</a>,2023-11,Space,Transiting Exoplanet Survey Satellite (TESS),0.1 m TESS Telescope,TESS CCD Array,1.0,0.0,0.0,1.0,0.0,0.0,0.0,0.0,0.0,0.0,TESS Project Candidate,0.0,<a refstr=EXOFOP_TESS_TOI href=https://exofop.ipac.caltech.edu/tess/view_toi.php target=ref>ExoFOP-TESS TOI</a>,4.37801940873,1.486077e-05,-1.486077e-05,0.0,,,,,14.36327424,0.54376435,-0.54376435,0.0,1.28140771,0.04851149,-0.04851149,0.0,,,,,,,,,,,,,,,,,,,,,,,,,,,,,,,,,,,,,,,,,,430.9826,,,0.0,1162.08,,,0.0,,,,,2459337.638207,0.0015246,-0.0015246,0.0,BJD,0.0,,,,,0.16043825,0.00354731,-0.00354731,0.0,8.4203321,0.1724756,-0.1724756,0.0,,,,,,,,,,,,,,,,,,,,,,,,,,,,,,,,,<a refstr=EXOFOP_TESS_TOI href=https://exofop.ipac.caltech.edu/tess/view_toi.php target=ref>ExoFOP-TESS TOI</a>,,4913.0,122.0,-122.0,0.0,3.41348,,,0.0,,,,,,,,,,,,,,,,,,,,,,,,,,,,,,,,,,,,,,<a refstr=STASSUN_ET_AL__2019 href=https://ui.adsabs.harvard.edu/abs/2019AJ....158..138S/abstract target=ref>TICv8</a>,10h59m43.79s,164.9324709,-82d13m16.86s,-82.2213501,-20.20372,299.05893,-67.37393,250.13667,20.6926526,0.0400554,-0.0400554,-16.2277,0.0424104,-0.0424104,12.8393,0.0359749,-0.0359749,455.82,4.909,-4.808,2.16521,0.0232045,-0.0232045,13.245,0.279,-0.279,11.707,0.052,-0.052,9.809,0.026,-0.026,9.339,0.026,-0.026,9.148,0.024,-0.024,,,,,,,,,,,,,,,,9.083,0.023,-0.023,9.165,0.02,-0.02,9.072,0.023,-0.023,8.715,,,11.4565,0.000364,-0.000364,,,,10.7934,0.006,-0.006,,,,2025-07-29,2017-07,2023-12-04,0.0,0.0,0.0,0.0,0.0,0.0,0.0
25854,Kepler-377 b,Kepler-377,b,,,TIC 184015535,Gaia DR2 2073157456550947200,Gaia DR3 2073157456550947200,0,1,2,0,0,Transit,2014,<a refstr=ROWE_ET_AL__2014 href=https://ui.adsabs.harvard.edu/abs/2014ApJ...784...45R/abstract target=ref> Rowe et al. 2014</a>,2014-03,Space,Kepler,0.95 m Kepler Telescope,Kepler CCD Array,0.0,0.0,0.0,1.0,0.0,0.0,0.0,0.0,0.0,0.0,Kepler Project Candidate (q1_q17_dr24_koi),0.0,<a refstr=Q1_Q17_DR24_KOI_TABLE href=https://exoplanetarchive.ipac.caltech.edu/docs/Kepler_KOI_docs.html target=ref>Q1-Q17 DR24 KOI Table</a>,12.5094525,0.0001127,-0.0001127,0.0,0.1031,,,0.0,1.16,0.45,-0.11,0.0,0.10348845,0.04014638,-0.00981356,0.0,,,,,,,,,,,,,,,,,,,,,,,,,,,,,,,,,,,,,,0.0,,,0.0,101.51,116.38,-27.9,0.0,810.0,,,0.0,89.38,,,0.0,2454969.99228,0.00765,-0.00765,0.0,BJD,0.0,0.3103,0.1585,-0.3102,0.0,0.01579,0.00119,-0.00119,0.0,3.456,0.276,-0.276,0.0,26.63,8.0,-8.0,0.0,0.011645,0.000386,-0.000754,0.0,,,,,,,,,,,,0.0,,,,,,,,,,,,,<a refstr=Q1_Q17_DR24_KOI_TABLE href=https://exoplanetarchive.ipac.caltech.edu/docs/Kepler_KOI_docs.html target=ref>Q1-Q17 DR24 KOI Table</a>,,6167.0,162.0,-184.0,0.0,0.913,0.357,-0.087,0.0,0.933,0.107,-0.105,0.0,-0.5,0.28,-0.3,0.0,[Fe/H],,,,,4.487,0.056,-0.284,0.0,,,,0.0,2.28333,0.69002,-1.01046,0.0,,,,,,,,,,,,,<a refstr=STASSUN_ET_AL__2019 href=https://ui.adsabs.harvard.edu/abs/2019AJ....158..138S/abstract target=ref>TICv8</a>,19h41m41.30s,295.4220717,+38d44m08.43s,38.7356737,7.7195,72.72786,58.68605,310.1091,7.3048171,0.0306625,-0.0306625,7.27114,0.0306287,-0.0306287,-0.700625,0.0341044,-0.0341044,823.804,12.578,-12.211,1.18532,0.0181209,-0.0181209,14.56,0.059,-0.059,14.081,0.103,-0.103,12.801,0.021,-0.021,12.474,0.023,-0.023,12.469,0.024,-0.024,,,,,,,,,,,,,,,,12.397,0.024,-0.024,12.438,0.025,-0.025,12.253,,,9.268,,,13.8315,0.000261,-0.000261,,,,13.4007,0.0071,-0.0071,13.86,,,2015-08-25,2015-09-24,2015-08-25,1.0,0.0,0.0,0.0,0.0,0.0,0.0
13632,Kepler-1478 b,Kepler-1478,b,,,TIC 138097834,Gaia DR2 2077601407662547072,Gaia DR3 2077601407662547072,0,1,1,0,0,Transit,2016,<a refstr=MORTON_ET_AL__2016 href=https://ui.adsabs.harvard.edu/abs/2016ApJ...822...86M/abstract target=ref>Morton et al. 2016</a>,2016-05,Space,Kepler,0.95 m Kepler Telescope,Kepler CCD Array,0.0,0.0,0.0,1.0,0.0,0.0,0.0,0.0,0.0,0.0,Kepler Project Candidate (q1_q17_dr24_koi),0.0,<a refstr=Q1_Q17_DR24_KOI_TABLE href=https://exoplanetarchive.ipac.caltech.edu/docs/Kepler_KOI_docs.html target=ref>Q1-Q17 DR24 KOI Table</a>,26.0840594,0.0005121,-0.0005121,0.0,0.1681,,,0.0,1.4,0.6,-0.09,0.0,0.12489985,0.05352851,-0.00802928,0.0,,,,,,,,,,,,,,,,,,,,,,,,,,,,,,,,,,,,,,0.0,,,0.0,30.2,38.31,-7.06,0.0,598.0,,,0.0,89.95,,,0.0,2454982.4478,0.0163,-0.0163,0.0,BJD,0.0,0.1509,0.2834,-0.1508,0.0,0.02796,0.00238,-0.00238,0.0,6.725,0.426,-0.426,0.0,29.76,6.2,-6.2,0.0,0.015391,0.001,-0.000539,0.0,,,,,,,,,,,,0.0,,,,,,,,,,,,,<a refstr=Q1_Q17_DR24_KOI_TABLE href=https://exoplanetarchive.ipac.caltech.edu/docs/Kepler_KOI_docs.html target=ref>Q1-Q17 DR24 KOI Table</a>,,6081.0,168.0,-183.0,0.0,0.835,0.356,-0.058,0.0,0.929,0.102,-0.106,0.0,-0.5,0.3,-0.28,0.0,[Fe/H],,,,,4.563,0.027,-0.307,0.0,,,,0.0,0.73262,0.15372,-0.30564,0.0,,,,,,,,,,,,,<a refstr=STASSUN_ET_AL__2019 href=https://ui.adsabs.harvard.edu/abs/2019AJ....158..138S/abstract target=ref>TICv8</a>,19h32m39.60s,293.1650085,+41d44m46.26s,41.746184,10.65046,74.60654,62.09725,308.83837,15.1484251,0.0480428,-0.0480428,-8.78434,0.0512354,-0.0512354,-12.3414,0.0463414,-0.0463414,1845.58,95.95,-87.07,0.513683,0.026196,-0.026196,16.481,0.017,-0.017,15.409,0.24,-0.24,14.28,0.03,-0.03,13.975,0.033,-0.033,13.873,0.059,-0.059,,,,,,,,,,,,,,,,13.87,0.025,-0.025,13.858,0.031,-0.031,12.937,,,9.306,,,15.3994,0.000466,-0.000466,,,,14.9375,0.0067,-0.0067,15.44,,,2015-08-25,2015-09-24,2015-08-25,1.0,0.0,0.0,0.0,0.0,0.0,0.0
